id,email,name,firstname,lastname,company,phone,city,state,country,zip,comment
1,lbrawn01@google.co.jp.fake,Lindsey Brawn,Lindsey,Brawn,Google,(618) 3714045,,Illinois,United States,62205,Sample data generated on 06/16/2022
2,elightowlers12@engadget.com.fake,Enrica Lightowlers,Enrica,Lightowlers,Engadget,,,Michigan,,,Sample data generated on 06/16/2022
3,vgoaks23@ow.ly.fake,Valerye Goaks,Valerye,Goaks,Ow,(678) 6477163,,Georgia,United States,30096,Sample data generated on 06/16/2022
4,flogie34@hao123.com.fake,Franky Logie,Franky,Logie,Hao123,,,North Carolina,,,Sample data generated on 06/16/2022
5,agimbrett45@arstechnica.com.fake,Aubrey Gimbrett,Aubrey,Gimbrett,Arstechnica,(704) 2039526,Charlotte,,United States,28235,Sample data generated on 06/16/2022
6,ovakhonin56@google.pl.fake,Oona Vakhonin,Oona,Vakhonin,Google,,,North Carolina,,,Sample data generated on 06/16/2022
7,bnorres67@exblog.jp.fake,Brittani Norres,Brittani,Norres,Exblog,(585) 1853231,,New York,United States,14614,Sample data generated on 06/16/2022
8,rbiever78@whitehouse.gov.fake,Rutherford Biever,Rutherford,Biever,Whitehouse,(775) 8855445,Reno,,United States,89595,Sample data generated on 06/16/2022
9,tbrayson89@msu.edu.fake,Terry Brayson,Terry,Brayson,Msu,(205) 9897330,,Alabama,United States,35215,Sample data generated on 06/16/2022
10,fmitchiner910@icio.us.fake,Farly Mitchiner,Farly,Mitchiner,Icio,,Brooklyn,New York,,,Sample data generated on 06/16/2022
11,adunkerlya11@gov.uk.fake,Alastair Dunkerly,Alastair,Dunkerly,Gov,,York,Pennsylvania,,,Sample data generated on 06/16/2022
12,epellingarb12@google.cn.fake,Estrella Pellingar,Estrella,Pellingar,Google,,,Michigan,,,Sample data generated on 06/16/2022
13,anapolic13@wordpress.org.fake,Armin Napoli,Armin,Napoli,Wordpress,(216) 5308725,Cleveland,Ohio,United States,44118,Sample data generated on 06/16/2022
14,dsayred14@telegraph.co.uk.fake,Dorris Sayre,Dorris,Sayre,Telegraph,,,Missouri,,,Sample data generated on 06/16/2022
15,mpetruke15@booking.com.fake,Mort Petruk,Mort,Petruk,Booking,,Salt Lake City,,,,Sample data generated on 06/16/2022
16,jvowellf16@biglobe.ne.jp.fake,Judy Vowell,Judy,Vowell,Biglobe,,,Oklahoma,,,Sample data generated on 06/16/2022
17,njouhningg17@patch.com.fake,Nellie Jouhning,Nellie,Jouhning,Patch,,Amarillo,Texas,,,Sample data generated on 06/16/2022
18,cironsideh18@lycos.com.fake,Crichton Ironside,Crichton,Ironside,Lycos,,,Colorado,,,Sample data generated on 06/16/2022
19,jhuburni19@skype.com.fake,Juliana Huburn,Juliana,Huburn,Skype,,,Georgia,,,Sample data generated on 06/16/2022
20,pduffetj20@miibeian.gov.cn.fake,Pete Duffet,Pete,Duffet,Miibeian,,,California,,,Sample data generated on 06/16/2022
21,kocannank21@opera.com.fake,Katrine O'Cannan,Katrine,O'Cannan,Opera,,,Florida,,,Sample data generated on 06/16/2022
22,mclelandl22@google.ca.fake,Myrtie Cleland,Myrtie,Cleland,Google,,,Florida,,,Sample data generated on 06/16/2022
23,lristm23@spiegel.de.fake,Lucina Rist,Lucina,Rist,Spiegel,,,California,,,Sample data generated on 06/16/2022
24,asextin24@cmu.edu.fake,Adena Sexti,Adena,Sexti,Cmu,,,,,,Sample data generated on 06/16/2022
25,lyudeo25@drupal.org.fake,Lil Yude,Lil,Yude,Drupal,,Oklahoma City,Oklahoma,,,Sample data generated on 06/16/2022
26,gmuldrewp26@aboutads.info.fake,Gideon Muldrew,Gideon,Muldrew,Aboutads,,Brooklyn,,,,Sample data generated on 06/16/2022
27,rstopperq27@gmpg.org.fake,Roderic Stopper,Roderic,Stopper,Gmpg,(352) 8642262,Gainesville,Florida,United States,32605,Sample data generated on 06/16/2022
28,greynar28@noaa.gov.fake,Gaspar Reyna,Gaspar,Reyna,Noaa,,Richmond,Virginia,,,Sample data generated on 06/16/2022
29,lhamsteads29@washington.edu.fake,Lorrie Hamstead,Lorrie,Hamstead,Washington,,,Pennsylvania,,,Sample data generated on 06/16/2022
30,kharriottt30@angelfire.com.fake,Korella Harriott,Korella,Harriott,Angelfire,,,Illinois,,,Sample data generated on 06/16/2022
31,dmustchinu31@microsoft.com.fake,Drugi Mustchin,Drugi,Mustchin,Microsoft,,Oklahoma City,Oklahoma,,,Sample data generated on 06/16/2022
32,llokierv32@ox.ac.uk.fake,Lyon Lokier,Lyon,Lokier,Ox,,,Idaho,,,Sample data generated on 06/16/2022
33,lvlasinw33@unblog.fr.fake,Lettie Vlasin,Lettie,Vlasin,Unblog,(405) 7699574,,Oklahoma,United States,73152,Sample data generated on 06/16/2022
34,kbeabyx34@irs.gov.fake,Krystle Beaby,Krystle,Beaby,Irs,(512) 1667240,Austin,,United States,78749,Sample data generated on 06/16/2022
35,jmacery35@vkontakte.ru.fake,Justen Macer,Justen,Macer,Vkontakte,,Charlotte,North Carolina,,,Sample data generated on 06/16/2022
36,bfairheadz36@miibeian.gov.cn.fake,Brigid Fairhead,Brigid,Fairhead,Miibeian,(702) 9783957,,Nevada,United States,89074,Sample data generated on 06/16/2022
37,tschottli1037@wikia.com.fake,Thibaut Schottli,Thibaut,Schottli,Wikia,,,Missouri,,,Sample data generated on 06/16/2022
38,aloder1138@posterous.com.fake,Alvinia Loder,Alvinia,Loder,Posterous,,,California,,,Sample data generated on 06/16/2022
39,ltice1239@behance.net.fake,Layne Tice,Layne,Tice,Behance,(413) 3387657,,Massachusetts,United States,01152,Sample data generated on 06/16/2022
40,fkeward1340@accuweather.com.fake,Frederica Keward,Frederica,Keward,Accuweather,,Fresno,California,,,Sample data generated on 06/16/2022
41,jgarbott1441@earthlink.net.fake,Jereme Garbott,Jereme,Garbott,Earthlink,(814) 7087884,Erie,Pennsylvania,United States,16565,Sample data generated on 06/16/2022
42,hseak1542@abc.net.au.fake,Hugh Seak,Hugh,Seak,Abc,(904) 9989312,,Florida,United States,32092,Sample data generated on 06/16/2022
43,evanni1643@comcast.net.fake,Ealasaid Vanni,Ealasaid,Vanni,Comcast,,,Louisiana,,,Sample data generated on 06/16/2022
44,ipindell1744@msu.edu.fake,Ignacio Pindell,Ignacio,Pindell,Msu,,Jacksonville,Florida,,,Sample data generated on 06/16/2022
45,spaydon1845@google.co.jp.fake,Stavros Paydon,Stavros,Paydon,Google,,,Michigan,,,Sample data generated on 06/16/2022
46,krushton1946@walmart.com.fake,Kalinda Rushton,Kalinda,Rushton,Walmart,,,Utah,,,Sample data generated on 06/16/2022
47,jkerrigan1a47@barnesandnoble.com.fake,Johnny Kerrigan,Johnny,Kerrigan,Barnesandnoble,,,,,,Sample data generated on 06/16/2022
48,cscoyles1b48@alibaba.com.fake,Carol Scoyles,Carol,Scoyles,Alibaba,(310) 4168848,Garden Grove,California,United States,92844,Sample data generated on 06/16/2022
49,fkiessel1c49@github.io.fake,Fonsie Kiessel,Fonsie,Kiessel,Github,(763) 3761427,,,United States,55590,Sample data generated on 06/16/2022
50,agrassin1d50@oakley.com.fake,Andy Grassin,Andy,Grassin,Oakley,(865) 4996142,,Tennessee,United States,37914,Sample data generated on 06/16/2022
51,nborgne1e51@earthlink.net.fake,Noby Borgne,Noby,Borgne,Earthlink,,,Virginia,,,Sample data generated on 06/16/2022
52,ewherrit1f52@bloglines.com.fake,Elbertine Wherrit,Elbertine,Wherrit,Bloglines,,,Florida,,,Sample data generated on 06/16/2022
53,sgoater1g53@dropbox.com.fake,Shantee Goater,Shantee,Goater,Dropbox,,,Virginia,,,Sample data generated on 06/16/2022
54,adroogan1h54@wikia.com.fake,Aeriell Droogan,Aeriell,Droogan,Wikia,,,Illinois,,,Sample data generated on 06/16/2022
55,mdavenall1i55@stumbleupon.com.fake,Meara Davenall,Meara,Davenall,Stumbleupon,,,Montana,,,Sample data generated on 06/16/2022
56,cbotger1j56@exblog.jp.fake,Cherise Botger,Cherise,Botger,Exblog,,,Louisiana,,,Sample data generated on 06/16/2022
57,jwoolston1k57@gnu.org.fake,Jaimie Woolston,Jaimie,Woolston,Gnu,,,Florida,,,Sample data generated on 06/16/2022
58,lhandscombe1l58@purevolume.com.fake,Laetitia Handscombe,Laetitia,Handscombe,Purevolume,,,Connecticut,,,Sample data generated on 06/16/2022
59,abannell1m59@nsw.gov.au.fake,Anders Bannell,Anders,Bannell,Nsw,(319) 8367077,,Iowa,United States,52410,Sample data generated on 06/16/2022
60,llamblin1n60@youku.com.fake,Lelia Lamblin,Lelia,Lamblin,Youku,(702) 8688345,,California,United States,93111,Sample data generated on 06/16/2022
61,spinkard1o61@utexas.edu.fake,Sharona Pinkard,Sharona,Pinkard,Utexas,,,Pennsylvania,,,Sample data generated on 06/16/2022
62,mhubberstey1p62@cdbaby.com.fake,Moses Hubberstey,Moses,Hubberstey,Cdbaby,(316) 7737368,,Kansas,United States,67210,Sample data generated on 06/16/2022
63,nde1q63@google.co.uk.fake,Noach De Morena,Noach,De,Google,,,West Virginia,,,Sample data generated on 06/16/2022
64,myankin1r64@slate.com.fake,Merissa Yankin,Merissa,Yankin,Slate,,,Colorado,,,Sample data generated on 06/16/2022
65,rjevons1s65@walmart.com.fake,Rosmunda Jevons,Rosmunda,Jevons,Walmart,(612) 4251611,,,United States,55108,Sample data generated on 06/16/2022
66,nhead1t66@histats.com.fake,Neil Head,Neil,Head,Histats,,,,,,Sample data generated on 06/16/2022
67,fexelby1u67@cbsnews.com.fake,Fin Exelby,Fin,Exelby,Cbsnews,,,Colorado,,,Sample data generated on 06/16/2022
68,pmontez1v68@weebly.com.fake,Phoebe Montez,Phoebe,Montez,Weebly,,,California,,,Sample data generated on 06/16/2022
69,cduckfield1w69@dell.com.fake,Cyril Duckfield,Cyril,Duckfield,Dell,,,Florida,,,Sample data generated on 06/16/2022
70,mmunroe1x70@wix.com.fake,Marcile Munroe,Marcile,Munroe,Wix,,,Virginia,,,Sample data generated on 06/16/2022
71,chindsberg1y71@vistaprint.com.fake,Clarabelle Hindsberg,Clarabelle,Hindsberg,Vistaprint,,,Arizona,,,Sample data generated on 06/16/2022
72,rfosdick1z72@unicef.org.fake,Roseanne Fosdick,Roseanne,Fosdick,Unicef,,,Arizona,,,Sample data generated on 06/16/2022
73,cmcquarter2073@pbs.org.fake,Carmine McQuarter,Carmine,McQuarter,Pbs,,,Oregon,,,Sample data generated on 06/16/2022
74,aabella2174@sogou.com.fake,Ax Abella,Ax,Abella,Sogou,,,New York,,,Sample data generated on 06/16/2022
75,dbeazey2275@privacy.gov.au.fake,Dreddy Beazey,Dreddy,Beazey,Privacy,(641) 5322723,,Iowa,United States,50315,Sample data generated on 06/16/2022
76,tparren2376@reuters.com.fake,Tiertza Parren,Tiertza,Parren,Reuters,(515) 5875280,,Iowa,United States,50310,Sample data generated on 06/16/2022
77,bdavers2477@geocities.com.fake,Bard Davers,Bard,Davers,Geocities,,,North Dakota,,,Sample data generated on 06/16/2022
78,lscaife2578@tinyurl.com.fake,Lemar Scaife,Lemar,Scaife,Tinyurl,,Houston,Texas,,,Sample data generated on 06/16/2022
79,dlamport2679@imageshack.us.fake,Dewitt Lamport,Dewitt,Lamport,Imageshack,,,Michigan,,,Sample data generated on 06/16/2022
80,eansty2780@weebly.com.fake,Ebony Ansty,Ebony,Ansty,Weebly,(719) 3386260,,Colorado,United States,80945,Sample data generated on 06/16/2022
81,agocke2881@themeforest.net.fake,Alexandrina Gocke,Alexandrina,Gocke,Themeforest,,Albuquerque,New Mexico,,,Sample data generated on 06/16/2022
82,owoolfall2982@trellian.com.fake,Oran Woolfall,Oran,Woolfall,Trellian,(812) 5267171,,Indiana,United States,47725,Sample data generated on 06/16/2022
83,wmacneilley2a83@infoseek.co.jp.fake,Wallache MacNeilley,Wallache,MacNeilley,Infoseek,(682) 9379264,Fort Worth,Texas,United States,76178,Sample data generated on 06/16/2022
84,pmcmanamon2b84@examiner.com.fake,Preston McManamon,Preston,McManamon,Examiner,,,California,,,Sample data generated on 06/16/2022
85,dfarleigh2c85@java.com.fake,Dorine Farleigh,Dorine,Farleigh,Java,,,Arkansas,,,Sample data generated on 06/16/2022
86,sduchatel2d86@loc.gov.fake,Sonny Duchatel,Sonny,Duchatel,Loc,,,California,,,Sample data generated on 06/16/2022
87,dfullick2e87@princeton.edu.fake,Delora Fullick,Delora,Fullick,Princeton,,,Virginia,,,Sample data generated on 06/16/2022
88,hwheeldon2f88@elegantthemes.com.fake,Heddie Wheeldon,Heddie,Wheeldon,Elegantthemes,(602) 7200016,,Arizona,United States,85010,Sample data generated on 06/16/2022
89,lsausman2g89@newsvine.com.fake,Laetitia Sausman,Laetitia,Sausman,Newsvine,(239) 7186633,Fort Myers,Florida,United States,33913,Sample data generated on 06/16/2022
90,yloxly2h90@webnode.com.fake,Yetta Loxly,Yetta,Loxly,Webnode,(419) 9741599,,Ohio,United States,43656,Sample data generated on 06/16/2022
91,fismead2i91@china.com.cn.fake,Fae Ismead,Fae,Ismead,China,(785) 2252857,Topeka,,United States,66667,Sample data generated on 06/16/2022
92,bwilliment2j92@indiegogo.com.fake,Barbabas Williment,Barbabas,Williment,Indiegogo,,,California,,,Sample data generated on 06/16/2022
93,bnormavill2k93@gnu.org.fake,Bryana Normavill,Bryana,Normavill,Gnu,(208) 7329643,,Idaho,United States,83711,Sample data generated on 06/16/2022
94,jheiden2l94@google.ru.fake,Jeane Heiden,Jeane,Heiden,Google,(772) 1151242,,,United States,32969,Sample data generated on 06/16/2022
95,fleith2m95@google.ru.fake,Filberte Leith,Filberte,Leith,Google,(251) 4833490,,,United States,36641,Sample data generated on 06/16/2022
96,evasyukov2n96@mac.com.fake,Eleanore Vasyukov,Eleanore,Vasyukov,Mac,(863) 3270696,Lakeland,Florida,United States,33811,Sample data generated on 06/16/2022
97,tmalone2o97@amazon.co.jp.fake,Tommie Malone,Tommie,Malone,Amazon,,,,,,Sample data generated on 06/16/2022
98,pwestgarth2p98@seattletimes.com.fake,Pammy Westgarth,Pammy,Westgarth,Seattletimes,,,Ohio,,,Sample data generated on 06/16/2022
99,rfroude2q99@businessweek.com.fake,Roz Froude,Roz,Froude,Businessweek,,Charleston,,,,Sample data generated on 06/16/2022
100,bboot2r100@senate.gov.fake,Boy Boot,Boy,Boot,Senate,(520) 9482850,Tucson,Arizona,United States,85743,Sample data generated on 06/16/2022
101,cdeville2s101@livejournal.com.fake,Cheri De-Ville,Cheri,De-Ville,Livejournal,,,,,,Sample data generated on 06/16/2022
102,jroubay2t102@dailymail.co.uk.fake,Jaclyn Roubay,Jaclyn,Roubay,Dailymail,(401) 8569828,,Rhode Island,United States,02912,Sample data generated on 06/16/2022
103,sgaitley2u103@google.nl.fake,Saree Gaitley,Saree,Gaitley,Google,(303) 9769197,Littleton,Colorado,United States,80127,Sample data generated on 06/16/2022
104,ihollyland2v104@naver.com.fake,Indira Hollyland,Indira,Hollyland,Naver,,,Kansas,,,Sample data generated on 06/16/2022
105,ygirkins2w105@miibeian.gov.cn.fake,Yuri Girkins,Yuri,Girkins,Miibeian,,Brooklyn,,,,Sample data generated on 06/16/2022
106,agammell2x106@illinois.edu.fake,Aloysia Gammell,Aloysia,Gammell,Illinois,,,,,,Sample data generated on 06/16/2022
107,clevens2y107@freewebs.com.fake,Constantino Levens,Constantino,Levens,Freewebs,(512) 7794055,,Texas,United States,78737,Sample data generated on 06/16/2022
108,avizard2z108@omniture.com.fake,Aeriel Vizard,Aeriel,Vizard,Omniture,(602) 8867073,Phoenix,,United States,85045,Sample data generated on 06/16/2022
109,fdrillingcourt30109@independent.co.uk.fake,Frank Drillingcourt,Frank,Drillingcourt,Independent,(785) 4517868,Topeka,,United States,66622,Sample data generated on 06/16/2022
110,wst31110@reddit.com.fake,Worthington St. Quintin,Worthington,St.,Reddit,(916) 4848625,,California,United States,94207,Sample data generated on 06/16/2022
111,nchesswas32111@bandcamp.com.fake,Nathaniel Chesswas,Nathaniel,Chesswas,Bandcamp,,,,,,Sample data generated on 06/16/2022
112,dalsina33112@imgur.com.fake,Dyana Alsina,Dyana,Alsina,Imgur,,Saint Louis,Missouri,,,Sample data generated on 06/16/2022
113,chatch34113@posterous.com.fake,Calla Hatch,Calla,Hatch,Posterous,,,Illinois,,,Sample data generated on 06/16/2022
114,tgidley35114@apache.org.fake,Tana Gidley,Tana,Gidley,Apache,,,Oklahoma,,,Sample data generated on 06/16/2022
115,jsabater36115@com.com.fake,Jobye Sabater,Jobye,Sabater,Com,,,,,,Sample data generated on 06/16/2022
116,mwabey37116@t-online.de.fake,Meredithe Wabey,Meredithe,Wabey,T-online,,,,,,Sample data generated on 06/16/2022
117,idoles38117@yale.edu.fake,Iormina Doles,Iormina,Doles,Yale,,Austin,,,,Sample data generated on 06/16/2022
118,elovering39118@reuters.com.fake,Eugenie Lovering,Eugenie,Lovering,Reuters,(812) 8952196,,Indiana,United States,47405,Sample data generated on 06/16/2022
119,lkeighley3a119@ow.ly.fake,Lonnie Keighley,Lonnie,Keighley,Ow,,,Tennessee,,,Sample data generated on 06/16/2022
120,shallgate3b120@sohu.com.fake,Sella Hallgate,Sella,Hallgate,Sohu,(754) 1335080,,Florida,United States,33320,Sample data generated on 06/16/2022
121,gabella3c121@slashdot.org.fake,Giacopo Abella,Giacopo,Abella,Slashdot,,,Washington,,,Sample data generated on 06/16/2022
122,dbursnell3d122@microsoft.com.fake,Darrell Bursnell,Darrell,Bursnell,Microsoft,,,New York,,,Sample data generated on 06/16/2022
123,rpaske3e123@uiuc.edu.fake,Riane Paske,Riane,Paske,Uiuc,(407) 1461589,,Florida,United States,32891,Sample data generated on 06/16/2022
124,adeesly3f124@macromedia.com.fake,Arnoldo Deesly,Arnoldo,Deesly,Macromedia,(619) 9029406,,California,United States,91913,Sample data generated on 06/16/2022
125,baddlestone3g125@tripadvisor.com.fake,Belinda Addlestone,Belinda,Addlestone,Tripadvisor,,Hayward,California,,,Sample data generated on 06/16/2022
126,tbetke3h126@baidu.com.fake,Tawnya Betke,Tawnya,Betke,Baidu,,,Indiana,,,Sample data generated on 06/16/2022
127,gsturdgess3i127@topsy.com.fake,Gwenette Sturdgess,Gwenette,Sturdgess,Topsy,(502) 8056676,,Kentucky,United States,40618,Sample data generated on 06/16/2022
128,adykas3j128@bloglines.com.fake,Alexis Dykas,Alexis,Dykas,Bloglines,(562) 7793196,,California,United States,90840,Sample data generated on 06/16/2022
129,idorie3k129@usa.gov.fake,Idalina Dorie,Idalina,Dorie,Usa,,,Ohio,,,Sample data generated on 06/16/2022
130,crembaud3l130@edublogs.org.fake,Chad Rembaud,Chad,Rembaud,Edublogs,(407) 8170490,,Florida,United States,32813,Sample data generated on 06/16/2022
131,lhammell3m131@geocities.jp.fake,Lora Hammell,Lora,Hammell,Geocities,,,Texas,,,Sample data generated on 06/16/2022
132,mdurdan3n132@umn.edu.fake,Marcus Durdan,Marcus,Durdan,Umn,,,Florida,,,Sample data generated on 06/16/2022
133,bbelson3o133@omniture.com.fake,Bridget Belson,Bridget,Belson,Omniture,,,Ohio,,,Sample data generated on 06/16/2022
134,rengall3p134@state.gov.fake,Rita Engall,Rita,Engall,State,,Morgantown,West Virginia,,,Sample data generated on 06/16/2022
135,cpooly3q135@usatoday.com.fake,Corbie Pooly,Corbie,Pooly,Usatoday,(619) 3810581,,California,United States,92115,Sample data generated on 06/16/2022
136,mondrus3r136@si.edu.fake,Malchy Ondrus,Malchy,Ondrus,Si,,Omaha,Nebraska,,,Sample data generated on 06/16/2022
137,lbonsall3s137@gov.uk.fake,Lon Bonsall,Lon,Bonsall,Gov,(209) 9225149,Hayward,,United States,94544,Sample data generated on 06/16/2022
138,pcisco3t138@bravesites.com.fake,Pavel Cisco,Pavel,Cisco,Bravesites,,,Massachusetts,,,Sample data generated on 06/16/2022
139,vstirley3u139@amazon.de.fake,Vincent Stirley,Vincent,Stirley,Amazon,(216) 4372016,,Ohio,United States,44191,Sample data generated on 06/16/2022
140,aphinn3v140@theglobeandmail.com.fake,Alverta Phinn,Alverta,Phinn,Theglobeandmail,,Ogden,Utah,,,Sample data generated on 06/16/2022
141,brorke3w141@dell.com.fake,Byran Rorke,Byran,Rorke,Dell,,,,,,Sample data generated on 06/16/2022
142,bpateman3x142@pinterest.com.fake,Bell Pateman,Bell,Pateman,Pinterest,(301) 1565269,Silver Spring,,United States,20904,Sample data generated on 06/16/2022
143,btweedle3y143@theatlantic.com.fake,Bail Tweedle,Bail,Tweedle,Theatlantic,(404) 3204804,,,United States,30343,Sample data generated on 06/16/2022
144,akehri3z144@nhs.uk.fake,Alys Kehri,Alys,Kehri,Nhs,,San Francisco,California,,,Sample data generated on 06/16/2022
145,hhatto40145@ebay.co.uk.fake,Huntley Hatto,Huntley,Hatto,Ebay,,Seminole,Florida,,,Sample data generated on 06/16/2022
146,ebevan41146@hatena.ne.jp.fake,Elonore Bevan,Elonore,Bevan,Hatena,,Albany,New York,,,Sample data generated on 06/16/2022
147,acorradengo42147@walmart.com.fake,Aaron Corradengo,Aaron,Corradengo,Walmart,,,California,,,Sample data generated on 06/16/2022
148,mconningham43148@comsenz.com.fake,Marylinda Conningham,Marylinda,Conningham,Comsenz,,,Pennsylvania,,,Sample data generated on 06/16/2022
149,rremer44149@twitter.com.fake,Rorie Remer,Rorie,Remer,Twitter,,,Tennessee,,,Sample data generated on 06/16/2022
150,bmapstone45150@gov.uk.fake,Beryle Mapstone,Beryle,Mapstone,Gov,,,Utah,,,Sample data generated on 06/16/2022
151,emaceur46151@dion.ne.jp.fake,Ermanno Maceur,Ermanno,Maceur,Dion,,,Georgia,,,Sample data generated on 06/16/2022
152,pvasilov47152@bloomberg.com.fake,Patricio Vasilov,Patricio,Vasilov,Bloomberg,,,,,,Sample data generated on 06/16/2022
153,dathersmith48153@example.com.fake,Dirk Athersmith,Dirk,Athersmith,Example,,Buffalo,New York,,,Sample data generated on 06/16/2022
154,jcleator49154@google.com.br.fake,Jody Cleator,Jody,Cleator,Google,,Savannah,Georgia,,,Sample data generated on 06/16/2022
155,edrake4a155@opera.com.fake,Eliza Drake,Eliza,Drake,Opera,,Indianapolis,Indiana,,,Sample data generated on 06/16/2022
156,aculley4b156@fastcompany.com.fake,Ailbert Culley,Ailbert,Culley,Fastcompany,,Santa Barbara,,,,Sample data generated on 06/16/2022
157,lantoniou4c157@ox.ac.uk.fake,Lazaro Antoniou,Lazaro,Antoniou,Ox,(574) 2142521,,Indiana,United States,46634,Sample data generated on 06/16/2022
158,scowden4d158@surveymonkey.com.fake,Stacee Cowden,Stacee,Cowden,Surveymonkey,(253) 6760044,,Washington,United States,98442,Sample data generated on 06/16/2022
159,sjeppe4e159@godaddy.com.fake,Sayres Jeppe,Sayres,Jeppe,Godaddy,(254) 6088499,Gatesville,Texas,United States,76598,Sample data generated on 06/16/2022
160,acremen4f160@discuz.net.fake,Alicea Cremen,Alicea,Cremen,Discuz,,,Texas,,,Sample data generated on 06/16/2022
161,abax4g161@usa.gov.fake,Amie Bax,Amie,Bax,Usa,(651) 3994755,,Minnesota,United States,55412,Sample data generated on 06/16/2022
162,dkuhle4h162@microsoft.com.fake,Desmund Kuhle,Desmund,Kuhle,Microsoft,,,,,,Sample data generated on 06/16/2022
163,cbernardos4i163@diigo.com.fake,Corina Bernardos,Corina,Bernardos,Diigo,,,Alabama,,,Sample data generated on 06/16/2022
164,bduinbleton4j164@yellowpages.com.fake,Burnard Duinbleton,Burnard,Duinbleton,Yellowpages,,Montgomery,Alabama,,,Sample data generated on 06/16/2022
165,tstryde4k165@twitter.com.fake,Tarrah Stryde,Tarrah,Stryde,Twitter,,,Indiana,,,Sample data generated on 06/16/2022
166,alangan4l166@parallels.com.fake,Auria Langan,Auria,Langan,Parallels,,,Nevada,,,Sample data generated on 06/16/2022
167,rduny4m167@sfgate.com.fake,Rakel Duny,Rakel,Duny,Sfgate,(617) 2816022,,,United States,02208,Sample data generated on 06/16/2022
168,egislebert4n168@purevolume.com.fake,Enos Gislebert,Enos,Gislebert,Purevolume,,,California,,,Sample data generated on 06/16/2022
169,phyndley4o169@bigcartel.com.fake,Patty Hyndley,Patty,Hyndley,Bigcartel,,,,,,Sample data generated on 06/16/2022
170,tglozman4p170@i2i.jp.fake,Taryn Glozman,Taryn,Glozman,I2i,,Baltimore,Maryland,,,Sample data generated on 06/16/2022
171,nwelford4q171@xing.com.fake,Nollie Welford,Nollie,Welford,Xing,(260) 1276781,Fort Wayne,Indiana,United States,46805,Sample data generated on 06/16/2022
172,cballaam4r172@w3.org.fake,Charley Ballaam,Charley,Ballaam,W3,,,California,,,Sample data generated on 06/16/2022
173,hscurfield4s173@privacy.gov.au.fake,Honoria Scurfield,Honoria,Scurfield,Privacy,(916) 6094928,,California,United States,95823,Sample data generated on 06/16/2022
174,btythe4t174@ucsd.edu.fake,Brocky Tythe,Brocky,Tythe,Ucsd,(859) 3715711,Lexington,Kentucky,United States,40581,Sample data generated on 06/16/2022
175,rkatzmann4u175@360.cn.fake,Rodrick Katzmann,Rodrick,Katzmann,360,,,,,,Sample data generated on 06/16/2022
176,lvosper4v176@nytimes.com.fake,Lek Vosper,Lek,Vosper,Nytimes,,Memphis,Tennessee,,,Sample data generated on 06/16/2022
177,mchevis4w177@about.com.fake,Moina Chevis,Moina,Chevis,About,,,Virginia,,,Sample data generated on 06/16/2022
178,bgasson4x178@princeton.edu.fake,Byron Gasson,Byron,Gasson,Princeton,(623) 2758894,Peoria,Arizona,United States,85383,Sample data generated on 06/16/2022
179,nmallock4y179@google.co.uk.fake,Natty Mallock,Natty,Mallock,Google,(909) 1084710,San Bernardino,California,United States,92405,Sample data generated on 06/16/2022
180,fhoutby4z180@mayoclinic.com.fake,Ferdy Houtby,Ferdy,Houtby,Mayoclinic,,,Iowa,,,Sample data generated on 06/16/2022
181,mgouldie50181@indiegogo.com.fake,Marijn Gouldie,Marijn,Gouldie,Indiegogo,(727) 6895874,,Florida,United States,34643,Sample data generated on 06/16/2022
182,farundale51182@discovery.com.fake,Ferguson Arundale,Ferguson,Arundale,Discovery,,,Kentucky,,,Sample data generated on 06/16/2022
183,ccomiam52183@examiner.com.fake,Claybourne Comiam,Claybourne,Comiam,Examiner,,,Oregon,,,Sample data generated on 06/16/2022
184,aculmer53184@ucoz.com.fake,Alisha Culmer,Alisha,Culmer,Ucoz,(515) 2792535,,Iowa,United States,50315,Sample data generated on 06/16/2022
185,jclaybourne54185@tripod.com.fake,Jeana Claybourne,Jeana,Claybourne,Tripod,,,Pennsylvania,,,Sample data generated on 06/16/2022
186,abrettle55186@arstechnica.com.fake,Arlan Brettle,Arlan,Brettle,Arstechnica,,,,,,Sample data generated on 06/16/2022
187,nluesley56187@ucoz.ru.fake,Noak Luesley,Noak,Luesley,Ucoz,,Van Nuys,California,,,Sample data generated on 06/16/2022
188,dfantini57188@joomla.org.fake,Dorelle Fantini,Dorelle,Fantini,Joomla,,,,,,Sample data generated on 06/16/2022
189,alermit58189@nhs.uk.fake,Armand Lermit,Armand,Lermit,Nhs,,Providence,Rhode Island,,,Sample data generated on 06/16/2022
190,bkosel59190@blogs.com.fake,Brittaney Kosel,Brittaney,Kosel,Blogs,,,West Virginia,,,Sample data generated on 06/16/2022
191,gworswick5a191@acquirethisname.com.fake,Gertruda Worswick,Gertruda,Worswick,Acquirethisname,,,South Carolina,,,Sample data generated on 06/16/2022
192,njotham5b192@mail.ru.fake,Natale Jotham,Natale,Jotham,Mail,(520) 6436523,Tucson,Arizona,United States,85748,Sample data generated on 06/16/2022
193,gpetrelluzzi5c193@telegraph.co.uk.fake,Grissel Petrelluzzi,Grissel,Petrelluzzi,Telegraph,,,,,,Sample data generated on 06/16/2022
194,afranckton5d194@elegantthemes.com.fake,Alaster Franckton,Alaster,Franckton,Elegantthemes,(805) 2104356,,California,United States,93407,Sample data generated on 06/16/2022
195,jgronauer5e195@disqus.com.fake,Jacky Gronauer,Jacky,Gronauer,Disqus,,,Michigan,,,Sample data generated on 06/16/2022
196,wmarrington5f196@google.com.au.fake,Wolfgang Marrington,Wolfgang,Marrington,Google,,,Texas,,,Sample data generated on 06/16/2022
197,ffosken5g197@un.org.fake,Forbes Fosken,Forbes,Fosken,Un,(423) 7441345,,,United States,37450,Sample data generated on 06/16/2022
198,ebrook5h198@intel.com.fake,Emyle Brook,Emyle,Brook,Intel,(973) 3289781,,New Jersey,United States,07310,Sample data generated on 06/16/2022
199,shemmingway5i199@e-recht24.de.fake,Shaylynn Hemmingway,Shaylynn,Hemmingway,E-recht24,,,California,,,Sample data generated on 06/16/2022
200,lcampsall5j200@barnesandnoble.com.fake,Laurette Campsall,Laurette,Campsall,Barnesandnoble,,,Florida,,,Sample data generated on 06/16/2022
201,scankett5k201@psu.edu.fake,Shannan Cankett,Shannan,Cankett,Psu,,,California,,,Sample data generated on 06/16/2022
202,otidmarsh5l202@tripod.com.fake,Odette Tidmarsh,Odette,Tidmarsh,Tripod,(971) 5788283,,Oregon,United States,97255,Sample data generated on 06/16/2022
203,rmcturlough5m203@list-manage.com.fake,Robby McTurlough,Robby,McTurlough,List-manage,,,Florida,,,Sample data generated on 06/16/2022
204,iluberto5n204@shutterfly.com.fake,Isidora Luberto,Isidora,Luberto,Shutterfly,(678) 9785593,,Georgia,United States,30045,Sample data generated on 06/16/2022
205,ofenton5o205@time.com.fake,Onfroi Fenton,Onfroi,Fenton,Time,(803) 6012576,Columbia,,United States,29208,Sample data generated on 06/16/2022
206,lchavrin5p206@feedburner.com.fake,Luciana Chavrin,Luciana,Chavrin,Feedburner,,,,,,Sample data generated on 06/16/2022
207,bwardingly5q207@yahoo.com.fake,Brook Wardingly,Brook,Wardingly,Yahoo,,,Florida,,,Sample data generated on 06/16/2022
208,bbrittoner5r208@fotki.com.fake,Betteanne Brittoner,Betteanne,Brittoner,Fotki,,,Virginia,,,Sample data generated on 06/16/2022
209,ttinline5s209@ca.gov.fake,Tam Tinline,Tam,Tinline,Ca,,,West Virginia,,,Sample data generated on 06/16/2022
210,jvolkers5t210@chron.com.fake,Jaynell Volkers,Jaynell,Volkers,Chron,,,Missouri,,,Sample data generated on 06/16/2022
211,salesi5u211@altervista.org.fake,Skelly Alesi,Skelly,Alesi,Altervista,,,California,,,Sample data generated on 06/16/2022
212,achilley5v212@mayoclinic.com.fake,Addison Chilley,Addison,Chilley,Mayoclinic,,,Texas,,,Sample data generated on 06/16/2022
213,skiehnlt5w213@liveinternet.ru.fake,Swen Kiehnlt,Swen,Kiehnlt,Liveinternet,,,Ohio,,,Sample data generated on 06/16/2022
214,eclemente5x214@microsoft.com.fake,Ettore Clemente,Ettore,Clemente,Microsoft,,,New Jersey,,,Sample data generated on 06/16/2022
215,mcantopher5y215@theatlantic.com.fake,Margareta Cantopher,Margareta,Cantopher,Theatlantic,(404) 8982799,,,United States,31106,Sample data generated on 06/16/2022
216,dchallen5z216@g.co.fake,Dianemarie Challen,Dianemarie,Challen,G,,,Texas,,,Sample data generated on 06/16/2022
217,yurien60217@mlb.com.fake,Yank Urien,Yank,Urien,Mlb,(415) 2936272,,California,United States,94611,Sample data generated on 06/16/2022
218,ymillis61218@yahoo.com.fake,Yanaton Millis,Yanaton,Millis,Yahoo,,,Oklahoma,,,Sample data generated on 06/16/2022
219,gmainwaring62219@tumblr.com.fake,Giulietta Mainwaring,Giulietta,Mainwaring,Tumblr,,,South Carolina,,,Sample data generated on 06/16/2022
220,dhambelton63220@umn.edu.fake,Daniella Hambelton,Daniella,Hambelton,Umn,,Shawnee Mission,Kansas,,,Sample data generated on 06/16/2022
221,mkelshaw64221@cargocollective.com.fake,Maire Kelshaw,Maire,Kelshaw,Cargocollective,,,Arkansas,,,Sample data generated on 06/16/2022
222,pgerriet65222@rediff.com.fake,Parnell Gerriet,Parnell,Gerriet,Rediff,,,California,,,Sample data generated on 06/16/2022
223,bmcgirr66223@alibaba.com.fake,Brier McGirr,Brier,McGirr,Alibaba,(509) 1612603,,Washington,United States,99252,Sample data generated on 06/16/2022
224,jwixey67224@github.com.fake,Janine Wixey,Janine,Wixey,Github,,,Texas,,,Sample data generated on 06/16/2022
225,thansana68225@de.vu.fake,Terrye Hansana,Terrye,Hansana,De,(901) 1349206,Memphis,Tennessee,United States,38188,Sample data generated on 06/16/2022
226,arhys69226@privacy.gov.au.fake,Anderea Rhys,Anderea,Rhys,Privacy,(661) 5264583,,California,United States,93591,Sample data generated on 06/16/2022
227,ptattersall6a227@digg.com.fake,Pippo Tattersall,Pippo,Tattersall,Digg,,,California,,,Sample data generated on 06/16/2022
228,mgymlett6b228@toplist.cz.fake,Mordecai Gymlett,Mordecai,Gymlett,Toplist,(419) 9576946,,Ohio,United States,43656,Sample data generated on 06/16/2022
229,jpavlata6c229@mozilla.com.fake,Jennine Pavlata,Jennine,Pavlata,Mozilla,(757) 5031905,,Virginia,United States,23504,Sample data generated on 06/16/2022
230,vdinsey6d230@sakura.ne.jp.fake,Vanessa Dinsey,Vanessa,Dinsey,Sakura,(816) 9351587,,Missouri,United States,64130,Sample data generated on 06/16/2022
231,nsmeal6e231@freewebs.com.fake,Nelly Smeal,Nelly,Smeal,Freewebs,(347) 9746641,Brooklyn,New York,United States,11210,Sample data generated on 06/16/2022
232,lmccritchie6f232@hexun.com.fake,Lester McCritchie,Lester,McCritchie,Hexun,,,,,,Sample data generated on 06/16/2022
233,vcronkshaw6g233@baidu.com.fake,Virginie Cronkshaw,Virginie,Cronkshaw,Baidu,,,Texas,,,Sample data generated on 06/16/2022
234,mmussared6h234@walmart.com.fake,Molly Mussared,Molly,Mussared,Walmart,(918) 4172617,,,United States,74193,Sample data generated on 06/16/2022
235,icallacher6i235@illinois.edu.fake,Irina Callacher,Irina,Callacher,Illinois,,Jackson,Mississippi,,,Sample data generated on 06/16/2022
236,gbeacroft6j236@cyberchimps.com.fake,Gae Beacroft,Gae,Beacroft,Cyberchimps,,Los Angeles,California,,,Sample data generated on 06/16/2022
237,ddunckley6k237@about.com.fake,Domeniga Dunckley,Domeniga,Dunckley,About,,,Texas,,,Sample data generated on 06/16/2022
238,imoncarr6l238@github.io.fake,Iorgos Moncarr,Iorgos,Moncarr,Github,,Philadelphia,Pennsylvania,,,Sample data generated on 06/16/2022
239,grimmer6m239@icio.us.fake,Gertrudis Rimmer,Gertrudis,Rimmer,Icio,(202) 6192764,,District of Columbia,United States,20046,Sample data generated on 06/16/2022
240,rhadley6n240@guardian.co.uk.fake,Renee Hadley,Renee,Hadley,Guardian,(202) 6891075,,District of Columbia,United States,20268,Sample data generated on 06/16/2022
241,swhitcombe6o241@com.com.fake,Seth Whitcombe,Seth,Whitcombe,Com,,Decatur,Georgia,,,Sample data generated on 06/16/2022
242,mdunkerly6p242@goodreads.com.fake,Mandi Dunkerly,Mandi,Dunkerly,Goodreads,(412) 7883644,Pittsburgh,Pennsylvania,United States,15240,Sample data generated on 06/16/2022
243,ahinstock6q243@so-net.ne.jp.fake,Arty Hinstock,Arty,Hinstock,So-net,,,,,,Sample data generated on 06/16/2022
244,abantham6r244@cmu.edu.fake,Anton Bantham,Anton,Bantham,Cmu,,Pasadena,California,,,Sample data generated on 06/16/2022
245,ebenbow6s245@yellowpages.com.fake,Elinore Benbow,Elinore,Benbow,Yellowpages,,,District of Columbia,,,Sample data generated on 06/16/2022
246,makhurst6t246@seattletimes.com.fake,Malcolm Akhurst,Malcolm,Akhurst,Seattletimes,,,Ohio,,,Sample data generated on 06/16/2022
247,akaroly6u247@a8.net.fake,Arvin Karoly,Arvin,Karoly,A8,,Pittsburgh,Pennsylvania,,,Sample data generated on 06/16/2022
248,dreddlesden6v248@hao123.com.fake,Dulcia Reddlesden,Dulcia,Reddlesden,Hao123,(413) 1903686,,Massachusetts,United States,01105,Sample data generated on 06/16/2022
249,spappi6w249@ftc.gov.fake,Sunny Pappi,Sunny,Pappi,Ftc,,Oklahoma City,Oklahoma,,,Sample data generated on 06/16/2022
250,tnel6x250@youtu.be.fake,Tommie Nel,Tommie,Nel,Youtu,(559) 3160157,,,United States,93750,Sample data generated on 06/16/2022
251,bcairney6y251@infoseek.co.jp.fake,Babb Cairney,Babb,Cairney,Infoseek,,Saint Louis,Missouri,,,Sample data generated on 06/16/2022
252,clabadini6z252@apache.org.fake,Clarence Labadini,Clarence,Labadini,Apache,,,California,,,Sample data generated on 06/16/2022
253,aextal70253@amazon.co.jp.fake,Adore Extal,Adore,Extal,Amazon,(727) 8055408,,Florida,United States,33715,Sample data generated on 06/16/2022
254,ablakeden71254@va.gov.fake,Arlan Blakeden,Arlan,Blakeden,Va,,,Pennsylvania,,,Sample data generated on 06/16/2022
255,enickell72255@surveymonkey.com.fake,Elle Nickell,Elle,Nickell,Surveymonkey,,West Hartford,Connecticut,,,Sample data generated on 06/16/2022
256,smcbain73256@acquirethisname.com.fake,Stanwood McBain,Stanwood,McBain,Acquirethisname,(314) 9992820,,Missouri,United States,63169,Sample data generated on 06/16/2022
257,mmaylin74257@upenn.edu.fake,Murvyn Maylin,Murvyn,Maylin,Upenn,,,Hawaii,,,Sample data generated on 06/16/2022
258,bbrookz75258@census.gov.fake,Brandy Brookz,Brandy,Brookz,Census,,,West Virginia,,,Sample data generated on 06/16/2022
259,mambroisin76259@google.ru.fake,Melody Ambroisin,Melody,Ambroisin,Google,,,Ohio,,,Sample data generated on 06/16/2022
260,ahortop77260@scribd.com.fake,Agnese Hortop,Agnese,Hortop,Scribd,,,,,,Sample data generated on 06/16/2022
261,mjenkyn78261@netscape.com.fake,Mack Jenkyn,Mack,Jenkyn,Netscape,,Fresno,California,,,Sample data generated on 06/16/2022
262,bweller79262@nature.com.fake,Basilius Weller,Basilius,Weller,Nature,,Chicago,Illinois,,,Sample data generated on 06/16/2022
263,bcredland7a263@odnoklassniki.ru.fake,Beryl Credland,Beryl,Credland,Odnoklassniki,,,Florida,,,Sample data generated on 06/16/2022
264,msuttell7b264@issuu.com.fake,Munmro Suttell,Munmro,Suttell,Issuu,(661) 2737359,,California,United States,93386,Sample data generated on 06/16/2022
265,mbelly7c265@delicious.com.fake,Michelina Belly,Michelina,Belly,Delicious,,,Alabama,,,Sample data generated on 06/16/2022
266,hwenden7d266@tinyurl.com.fake,Horatia Wenden,Horatia,Wenden,Tinyurl,(417) 5610811,,,United States,65805,Sample data generated on 06/16/2022
267,hligoe7e267@usda.gov.fake,Huntington Ligoe,Huntington,Ligoe,Usda,,,Georgia,,,Sample data generated on 06/16/2022
268,kstollenwerck7f268@hc360.com.fake,Killy Stollenwerck,Killy,Stollenwerck,Hc360,,Columbia,South Carolina,,,Sample data generated on 06/16/2022
269,ymccloch7g269@gmpg.org.fake,Yoshi McCloch,Yoshi,McCloch,Gmpg,(786) 5978526,Miami,Florida,United States,33124,Sample data generated on 06/16/2022
270,msawney7h270@facebook.com.fake,Marjy Sawney,Marjy,Sawney,Facebook,,,,,,Sample data generated on 06/16/2022
271,hlarking7i271@mysql.com.fake,Horatia Larking,Horatia,Larking,Mysql,,,,,,Sample data generated on 06/16/2022
272,jtregido7j272@dagondesign.com.fake,Jacklin Tregido,Jacklin,Tregido,Dagondesign,,,Wisconsin,,,Sample data generated on 06/16/2022
273,rcanet7k273@zimbio.com.fake,Rosalia Canet,Rosalia,Canet,Zimbio,,,,,,Sample data generated on 06/16/2022
274,itempleton7l274@google.pl.fake,Idaline Templeton,Idaline,Templeton,Google,,Naples,Florida,,,Sample data generated on 06/16/2022
275,wstreetley7m275@dropbox.com.fake,Wendell Streetley,Wendell,Streetley,Dropbox,,Vero Beach,Florida,,,Sample data generated on 06/16/2022
276,cswinnerton7n276@rakuten.co.jp.fake,Christophe Swinnerton,Christophe,Swinnerton,Rakuten,(402) 1147829,,Nebraska,United States,68179,Sample data generated on 06/16/2022
277,amonkton7o277@nbcnews.com.fake,Arron Monkton,Arron,Monkton,Nbcnews,,,Texas,,,Sample data generated on 06/16/2022
278,bhaster7p278@etsy.com.fake,Baron Haster,Baron,Haster,Etsy,(269) 4641071,,Michigan,United States,49006,Sample data generated on 06/16/2022
279,amerrison7q279@google.nl.fake,Antoine Merrison,Antoine,Merrison,Google,,,Wisconsin,,,Sample data generated on 06/16/2022
280,zdiess7r280@un.org.fake,Zach Diess,Zach,Diess,Un,,New York City,New York,,,Sample data generated on 06/16/2022
281,eplett7s281@state.tx.us.fake,Eustacia Plett,Eustacia,Plett,State,(727) 2960412,,Florida,United States,33625,Sample data generated on 06/16/2022
282,kpoulgreen7t282@mit.edu.fake,Kerr Poulgreen,Kerr,Poulgreen,Mit,,Chicago,Illinois,,,Sample data generated on 06/16/2022
283,kathridge7u283@omniture.com.fake,Kienan Athridge,Kienan,Athridge,Omniture,,,Texas,,,Sample data generated on 06/16/2022
284,tirnys7v284@weibo.com.fake,Tannie Irnys,Tannie,Irnys,Weibo,,,Michigan,,,Sample data generated on 06/16/2022
285,soldale7w285@angelfire.com.fake,Sapphire Oldale,Sapphire,Oldale,Angelfire,,Portland,Oregon,,,Sample data generated on 06/16/2022
286,aosuaird7x286@bbb.org.fake,Anna-diana O'Suaird,Anna-diana,O'Suaird,Bbb,,,Virginia,,,Sample data generated on 06/16/2022
287,cmulbery7y287@indiegogo.com.fake,Cynthie Mulbery,Cynthie,Mulbery,Indiegogo,,,Texas,,,Sample data generated on 06/16/2022
288,alanmeid7z288@cmu.edu.fake,Amabel Lanmeid,Amabel,Lanmeid,Cmu,,Eugene,Oregon,,,Sample data generated on 06/16/2022
289,ebartholomaus80289@bigcartel.com.fake,Erastus Bartholomaus,Erastus,Bartholomaus,Bigcartel,(941) 8658686,,,United States,34290,Sample data generated on 06/16/2022
290,cnuzzi81290@dailymail.co.uk.fake,Corinne Nuzzi,Corinne,Nuzzi,Dailymail,,,Connecticut,,,Sample data generated on 06/16/2022
291,thotchkin82291@comsenz.com.fake,Tonia Hotchkin,Tonia,Hotchkin,Comsenz,,Los Angeles,California,,,Sample data generated on 06/16/2022
292,pmacinherney83292@youku.com.fake,Paul MacInherney,Paul,MacInherney,Youku,,Portland,,,,Sample data generated on 06/16/2022
293,fjacobowits84293@fotki.com.fake,Faber Jacobowits,Faber,Jacobowits,Fotki,,Fresno,California,,,Sample data generated on 06/16/2022
294,hbenjamin85294@buzzfeed.com.fake,Hilary Benjamin,Hilary,Benjamin,Buzzfeed,,,Alabama,,,Sample data generated on 06/16/2022
295,gcucuzza86295@indiegogo.com.fake,Gerald Cucuzza,Gerald,Cucuzza,Indiegogo,,Tulsa,,,,Sample data generated on 06/16/2022
296,nla87296@disqus.com.fake,Nollie La Torre,Nollie,La,Disqus,(202) 7327790,,District of Columbia,United States,20062,Sample data generated on 06/16/2022
297,sullyatt88297@reverbnation.com.fake,Stanleigh Ullyatt,Stanleigh,Ullyatt,Reverbnation,(402) 6073564,,,United States,68510,Sample data generated on 06/16/2022
298,nspatari89298@biglobe.ne.jp.fake,Noby Spatari,Noby,Spatari,Biglobe,(816) 5174020,,,United States,64160,Sample data generated on 06/16/2022
299,dreal8a299@stumbleupon.com.fake,Dinah Real,Dinah,Real,Stumbleupon,,,California,,,Sample data generated on 06/16/2022
300,egershom8b300@paypal.com.fake,Erika Gershom,Erika,Gershom,Paypal,(302) 3732338,,Delaware,United States,19805,Sample data generated on 06/16/2022
301,dramsell8c301@chicagotribune.com.fake,Dane Ramsell,Dane,Ramsell,Chicagotribune,(619) 1834405,,California,United States,92170,Sample data generated on 06/16/2022
302,gmatic8d302@tripod.com.fake,Gabbey Matic,Gabbey,Matic,Tripod,(616) 7073366,,Michigan,United States,49560,Sample data generated on 06/16/2022
303,hblasing8e303@phoca.cz.fake,Homer Blasing,Homer,Blasing,Phoca,,,California,,,Sample data generated on 06/16/2022
304,llewington8f304@unicef.org.fake,Les Lewington,Les,Lewington,Unicef,(434) 3291109,Lynchburg,Virginia,United States,24515,Sample data generated on 06/16/2022
305,cfriedman8g305@vistaprint.com.fake,Clevie Friedman,Clevie,Friedman,Vistaprint,(203) 9951226,Bridgeport,Connecticut,United States,06673,Sample data generated on 06/16/2022
306,lronca8h306@51.la.fake,Laurella Ronca,Laurella,Ronca,51,,Tempe,,,,Sample data generated on 06/16/2022
307,jrabley8i307@cornell.edu.fake,Joanie Rabley,Joanie,Rabley,Cornell,,,Arizona,,,Sample data generated on 06/16/2022
308,abrew8j308@shinystat.com.fake,Adelina Brew,Adelina,Brew,Shinystat,(313) 8027059,,Michigan,United States,48275,Sample data generated on 06/16/2022
309,hsprade8k309@nifty.com.fake,Hendrika Sprade,Hendrika,Sprade,Nifty,,,Texas,,,Sample data generated on 06/16/2022
310,atroker8l310@patch.com.fake,Aarika Troker,Aarika,Troker,Patch,(515) 4469842,,,United States,50320,Sample data generated on 06/16/2022
311,gkobierski8m311@earthlink.net.fake,Gun Kobierski,Gun,Kobierski,Earthlink,(317) 8559928,,Indiana,United States,46254,Sample data generated on 06/16/2022
312,bchellam8n312@adobe.com.fake,Breena Chellam,Breena,Chellam,Adobe,,,California,,,Sample data generated on 06/16/2022
313,treen8o313@so-net.ne.jp.fake,Tibold Reen,Tibold,Reen,So-net,(757) 8638850,,Virginia,United States,23612,Sample data generated on 06/16/2022
314,uscogings8p314@earthlink.net.fake,Ursula Scogings,Ursula,Scogings,Earthlink,,,Nevada,,,Sample data generated on 06/16/2022
315,dcarles8q315@timesonline.co.uk.fake,Doralia Carles,Doralia,Carles,Timesonline,(240) 2591355,Frederick,Maryland,United States,21705,Sample data generated on 06/16/2022
316,fblofield8r316@bravesites.com.fake,Flossie Blofield,Flossie,Blofield,Bravesites,,San Francisco,California,,,Sample data generated on 06/16/2022
317,fcanty8s317@bbc.co.uk.fake,Florina Canty,Florina,Canty,Bbc,,,Florida,,,Sample data generated on 06/16/2022
318,fbullen8t318@sciencedaily.com.fake,Freddie Bullen,Freddie,Bullen,Sciencedaily,,,California,,,Sample data generated on 06/16/2022
319,mgerssam8u319@wordpress.com.fake,Marlo Gerssam,Marlo,Gerssam,Wordpress,,,Kentucky,,,Sample data generated on 06/16/2022
320,wbegley8v320@angelfire.com.fake,Waverly Begley,Waverly,Begley,Angelfire,,,,,,Sample data generated on 06/16/2022
321,jhighton8w321@state.tx.us.fake,Jess Highton,Jess,Highton,State,,Washington,District of Columbia,,,Sample data generated on 06/16/2022
322,pschott8x322@tripod.com.fake,Phillis Schott,Phillis,Schott,Tripod,(954) 8672367,,Florida,United States,33180,Sample data generated on 06/16/2022
323,gdermot8y323@joomla.org.fake,Gilberto Dermot,Gilberto,Dermot,Joomla,,,Washington,,,Sample data generated on 06/16/2022
324,cdannehl8z324@rediff.com.fake,Chancey Dannehl,Chancey,Dannehl,Rediff,(417) 4002390,,,United States,65810,Sample data generated on 06/16/2022
325,rrackstraw90325@google.com.fake,Regina Rackstraw,Regina,Rackstraw,Google,(714) 2007429,,California,United States,92862,Sample data generated on 06/16/2022
326,rswinley91326@alibaba.com.fake,Reese Swinley,Reese,Swinley,Alibaba,,,Texas,,,Sample data generated on 06/16/2022
327,gsimukov92327@walmart.com.fake,Guglielmo Simukov,Guglielmo,Simukov,Walmart,,,California,,,Sample data generated on 06/16/2022
328,rmarkos93328@biblegateway.com.fake,Rivalee Markos,Rivalee,Markos,Biblegateway,,Tulsa,Oklahoma,,,Sample data generated on 06/16/2022
329,mbagger94329@senate.gov.fake,Melisa Bagger,Melisa,Bagger,Senate,(214) 6300104,,Texas,United States,75367,Sample data generated on 06/16/2022
330,nboutflour95330@umich.edu.fake,Neila Boutflour,Neila,Boutflour,Umich,,,Georgia,,,Sample data generated on 06/16/2022
331,rbattyll96331@ifeng.com.fake,Raine Battyll,Raine,Battyll,Ifeng,,,California,,,Sample data generated on 06/16/2022
332,kbrouard97332@elpais.com.fake,Kary Brouard,Kary,Brouard,Elpais,,Knoxville,Tennessee,,,Sample data generated on 06/16/2022
333,jprise98333@technorati.com.fake,Judi Prise,Judi,Prise,Technorati,,,Nevada,,,Sample data generated on 06/16/2022
334,dtue99334@jugem.jp.fake,Dunstan Tue,Dunstan,Tue,Jugem,,,Alabama,,,Sample data generated on 06/16/2022
335,cmokes9a335@squidoo.com.fake,Constancy Mokes,Constancy,Mokes,Squidoo,(651) 5986297,,Minnesota,United States,55441,Sample data generated on 06/16/2022
336,jlandsborough9b336@fastcompany.com.fake,Janey Landsborough,Janey,Landsborough,Fastcompany,,,Connecticut,,,Sample data generated on 06/16/2022
337,ldarey9c337@hostgator.com.fake,Lonni Darey,Lonni,Darey,Hostgator,(571) 7356492,Arlington,Virginia,United States,22225,Sample data generated on 06/16/2022
338,mthickin9d338@ucla.edu.fake,Mag Thickin,Mag,Thickin,Ucla,,,Maine,,,Sample data generated on 06/16/2022
339,rgoodrum9e339@360.cn.fake,Rickert Goodrum,Rickert,Goodrum,360,(513) 2312478,,Ohio,United States,45218,Sample data generated on 06/16/2022
340,pornillos9f340@about.me.fake,Pooh Ornillos,Pooh,Ornillos,About,,Aiken,South Carolina,,,Sample data generated on 06/16/2022
341,asecombe9g341@cloudflare.com.fake,Albie Secombe,Albie,Secombe,Cloudflare,,,Minnesota,,,Sample data generated on 06/16/2022
342,spiggrem9h342@posterous.com.fake,Sheryl Piggrem,Sheryl,Piggrem,Posterous,,,Texas,,,Sample data generated on 06/16/2022
343,eangerstein9i343@purevolume.com.fake,Emerson Angerstein,Emerson,Angerstein,Purevolume,(803) 6608789,,South Carolina,United States,29220,Sample data generated on 06/16/2022
344,cmorcombe9j344@who.int.fake,Cristin Morcombe,Cristin,Morcombe,Who,,,Colorado,,,Sample data generated on 06/16/2022
345,hbulloch9k345@toplist.cz.fake,Hodge Bulloch,Hodge,Bulloch,Toplist,(832) 3629290,Spring,Texas,United States,77388,Sample data generated on 06/16/2022
346,iheal9l346@1688.com.fake,Izak Heal,Izak,Heal,1688,,,Colorado,,,Sample data generated on 06/16/2022
347,awaiton9m347@npr.org.fake,Aurore Waiton,Aurore,Waiton,Npr,,Milwaukee,Wisconsin,,,Sample data generated on 06/16/2022
348,rmcausland9n348@sitemeter.com.fake,Roland McAusland,Roland,McAusland,Sitemeter,(915) 3743035,,Texas,United States,79984,Sample data generated on 06/16/2022
349,hvanni9o349@mayoclinic.com.fake,Harlen Vanni,Harlen,Vanni,Mayoclinic,(919) 1845216,,,United States,27690,Sample data generated on 06/16/2022
350,tcolebrook9p350@mayoclinic.com.fake,Tate Colebrook,Tate,Colebrook,Mayoclinic,,,Ohio,,,Sample data generated on 06/16/2022
351,jblasio9q351@zdnet.com.fake,Jenica Blasio,Jenica,Blasio,Zdnet,(626) 5771911,,California,United States,91841,Sample data generated on 06/16/2022
352,ukitter9r352@princeton.edu.fake,Udall Kitter,Udall,Kitter,Princeton,,,New York,,,Sample data generated on 06/16/2022
353,talway9s353@joomla.org.fake,Towny Alway,Towny,Alway,Joomla,(214) 4765304,Dallas,Texas,United States,75246,Sample data generated on 06/16/2022
354,bcrosscombe9t354@bbb.org.fake,Brenn Crosscombe,Brenn,Crosscombe,Bbb,,Nashville,Tennessee,,,Sample data generated on 06/16/2022
355,mcuthill9u355@blinklist.com.fake,Monty Cuthill,Monty,Cuthill,Blinklist,(520) 8465461,,Arizona,United States,85725,Sample data generated on 06/16/2022
356,cdurrell9v356@cdbaby.com.fake,Cullie Durrell,Cullie,Durrell,Cdbaby,,Boston,,,,Sample data generated on 06/16/2022
357,mwebermann9w357@msn.com.fake,Meredeth Webermann,Meredeth,Webermann,Msn,,Cheyenne,Wyoming,,,Sample data generated on 06/16/2022
358,lraigatt9x358@about.me.fake,Lilli Raigatt,Lilli,Raigatt,About,,,,,,Sample data generated on 06/16/2022
359,rhackett9y359@archive.org.fake,Riane Hackett,Riane,Hackett,Archive,(206) 8324153,Seattle,Washington,United States,98127,Sample data generated on 06/16/2022
360,cgosson9z360@printfriendly.com.fake,Carmel Gosson,Carmel,Gosson,Printfriendly,,Saint Paul,Minnesota,,,Sample data generated on 06/16/2022
361,sguisota0361@auda.org.au.fake,Sashenka Guisot,Sashenka,Guisot,Auda,,Madison,Wisconsin,,,Sample data generated on 06/16/2022
362,dsamuelsa1362@whitehouse.gov.fake,Datha Samuels,Datha,Samuels,Whitehouse,(941) 2059765,,Florida,United States,34135,Sample data generated on 06/16/2022
363,qsmootha2363@indiegogo.com.fake,Quinlan Smooth,Quinlan,Smooth,Indiegogo,(573) 9493739,,Missouri,United States,65218,Sample data generated on 06/16/2022
364,lquinanea3364@dot.gov.fake,Lezlie Quinane,Lezlie,Quinane,Dot,(508) 8895475,Cambridge,,United States,02142,Sample data generated on 06/16/2022
365,zdineena4365@ca.gov.fake,Zandra Dineen,Zandra,Dineen,Ca,,,Minnesota,,,Sample data generated on 06/16/2022
366,phulmesa5366@barnesandnoble.com.fake,Pauli Hulmes,Pauli,Hulmes,Barnesandnoble,,,Utah,,,Sample data generated on 06/16/2022
367,adaubneya6367@usatoday.com.fake,Angelita Daubney,Angelita,Daubney,Usatoday,,,Oklahoma,,,Sample data generated on 06/16/2022
368,wnewitta7368@live.com.fake,Weber Newitt,Weber,Newitt,Live,(801) 2809146,Salt Lake City,,United States,84140,Sample data generated on 06/16/2022
369,lpythona8369@wikimedia.org.fake,Lind Python,Lind,Python,Wikimedia,,,Kansas,,,Sample data generated on 06/16/2022
370,iratchforda9370@usda.gov.fake,Ida Ratchford,Ida,Ratchford,Usda,(586) 7025190,,,United States,48224,Sample data generated on 06/16/2022
371,rnertneyaa371@fastcompany.com.fake,Reinwald Nertney,Reinwald,Nertney,Fastcompany,,,Illinois,,,Sample data generated on 06/16/2022
372,sspinksab372@issuu.com.fake,Steven Spinks,Steven,Spinks,Issuu,(814) 1493861,,Pennsylvania,United States,16550,Sample data generated on 06/16/2022
373,ecerroac373@barnesandnoble.com.fake,Eugenie Cerro,Eugenie,Cerro,Barnesandnoble,,,Texas,,,Sample data generated on 06/16/2022
374,yhendonsonad374@walmart.com.fake,Yvor Hendonson,Yvor,Hendonson,Walmart,(954) 6586567,,Florida,United States,33023,Sample data generated on 06/16/2022
375,bmouleae375@livejournal.com.fake,Brew Moule,Brew,Moule,Livejournal,(304) 1167924,Morgantown,West Virginia,United States,26505,Sample data generated on 06/16/2022
376,bhacketaf376@japanpost.jp.fake,Bailie Hacket,Bailie,Hacket,Japanpost,,,District of Columbia,,,Sample data generated on 06/16/2022
377,cfranzmanag377@mapquest.com.fake,Christy Franzman,Christy,Franzman,Mapquest,(201) 1584832,Jersey City,,United States,07305,Sample data generated on 06/16/2022
378,lmertonah378@flavors.me.fake,Leontyne Merton,Leontyne,Merton,Flavors,(901) 4077548,,Tennessee,United States,38131,Sample data generated on 06/16/2022
379,fkingsnoadai379@noaa.gov.fake,Francis Kingsnoad,Francis,Kingsnoad,Noaa,,,,,,Sample data generated on 06/16/2022
380,bambrogelliaj380@hostgator.com.fake,Blanca Ambrogelli,Blanca,Ambrogelli,Hostgator,(915) 8845567,,,United States,88574,Sample data generated on 06/16/2022
381,jandreolettiak381@taobao.com.fake,Judah Andreoletti,Judah,Andreoletti,Taobao,,,Illinois,,,Sample data generated on 06/16/2022
382,nhucquartal382@so-net.ne.jp.fake,Noach Hucquart,Noach,Hucquart,So-net,,,,,,Sample data generated on 06/16/2022
383,pmurrisham383@google.ru.fake,Prinz Murrish,Prinz,Murrish,Google,(801) 3456620,Salt Lake City,Utah,United States,84170,Sample data generated on 06/16/2022
384,ochampleyan384@chicagotribune.com.fake,Omar Champley,Omar,Champley,Chicagotribune,,,,,,Sample data generated on 06/16/2022
385,kbrakewellao385@freewebs.com.fake,Kenny Brakewell,Kenny,Brakewell,Freewebs,,,Maryland,,,Sample data generated on 06/16/2022
386,pstopherap386@globo.com.fake,Pavel Stopher,Pavel,Stopher,Globo,,,,,,Sample data generated on 06/16/2022
387,jpilchaq387@cbc.ca.fake,Juan Pilch,Juan,Pilch,Cbc,,Washington,District of Columbia,,,Sample data generated on 06/16/2022
388,chelstripar388@eventbrite.com.fake,Christiane Helstrip,Christiane,Helstrip,Eventbrite,,,Louisiana,,,Sample data generated on 06/16/2022
389,ecrowtheras389@quantcast.com.fake,Elianore Crowther,Elianore,Crowther,Quantcast,(718) 1778830,,New York,United States,11220,Sample data generated on 06/16/2022
390,lvynehallat390@github.com.fake,Loralee Vynehall,Loralee,Vynehall,Github,,,Indiana,,,Sample data generated on 06/16/2022
391,bbargeau391@globo.com.fake,Benson Barge,Benson,Barge,Globo,(339) 1367959,,Massachusetts,United States,01905,Sample data generated on 06/16/2022
392,cmatthisav392@blogger.com.fake,Christiano Matthis,Christiano,Matthis,Blogger,(267) 8337942,Philadelphia,Pennsylvania,United States,19109,Sample data generated on 06/16/2022
393,fharralaw393@businessweek.com.fake,Francisco Harral,Francisco,Harral,Businessweek,,,Colorado,,,Sample data generated on 06/16/2022
394,jdysterax394@fotki.com.fake,Jacquenetta Dyster,Jacquenetta,Dyster,Fotki,,,New Mexico,,,Sample data generated on 06/16/2022
395,scoopeay395@angelfire.com.fake,Sandra Coope,Sandra,Coope,Angelfire,(719) 3966890,,Colorado,United States,80905,Sample data generated on 06/16/2022
396,swalteraz396@about.com.fake,Sully Walter,Sully,Walter,About,(571) 9886264,,Virginia,United States,22225,Sample data generated on 06/16/2022
397,cbeltznerb0397@gnu.org.fake,Corey Beltzner,Corey,Beltzner,Gnu,,Baltimore,Maryland,,,Sample data generated on 06/16/2022
398,glalorb1398@dropbox.com.fake,Gabby Lalor,Gabby,Lalor,Dropbox,,,Florida,,,Sample data generated on 06/16/2022
399,kgatherellb2399@google.fr.fake,Krystalle Gatherell,Krystalle,Gatherell,Google,(612) 9864635,Minneapolis,Minnesota,United States,55448,Sample data generated on 06/16/2022
400,mtatemb3400@issuu.com.fake,Marybelle Tatem,Marybelle,Tatem,Issuu,,San Antonio,Texas,,,Sample data generated on 06/16/2022
401,eantonowiczb4401@t.co.fake,Emalia Antonowicz,Emalia,Antonowicz,T,,,District of Columbia,,,Sample data generated on 06/16/2022
402,ascaysbrookb5402@nasa.gov.fake,Aurel Scaysbrook,Aurel,Scaysbrook,Nasa,(347) 5910647,New York City,New York,United States,10045,Sample data generated on 06/16/2022
403,jmillicanb6403@time.com.fake,Junia Millican,Junia,Millican,Time,,,Kentucky,,,Sample data generated on 06/16/2022
404,eferrob7404@gov.uk.fake,Emeline Ferro,Emeline,Ferro,Gov,,Saint Louis,Missouri,,,Sample data generated on 06/16/2022
405,ctickb8405@google.nl.fake,Caresa Tick,Caresa,Tick,Google,(804) 6500084,Richmond,Virginia,United States,23277,Sample data generated on 06/16/2022
406,mkornilyevb9406@qq.com.fake,Midge Kornilyev,Midge,Kornilyev,Qq,,,Texas,,,Sample data generated on 06/16/2022
407,cobinba407@dion.ne.jp.fake,Catherina Obin,Catherina,Obin,Dion,,Columbus,Ohio,,,Sample data generated on 06/16/2022
408,xfishbiebb408@google.com.br.fake,Xylina Fishbie,Xylina,Fishbie,Google,,,Michigan,,,Sample data generated on 06/16/2022
409,mcoginbc409@nature.com.fake,Martita Cogin,Martita,Cogin,Nature,,,New York,,,Sample data generated on 06/16/2022
410,gbabbidgebd410@house.gov.fake,Giusto Babbidge,Giusto,Babbidge,House,,Fort Worth,Texas,,,Sample data generated on 06/16/2022
411,sbennybe411@bandcamp.com.fake,Saunderson Benny,Saunderson,Benny,Bandcamp,(754) 3885849,Fort Lauderdale,Florida,United States,33355,Sample data generated on 06/16/2022
412,bfilyaevbf412@go.com.fake,Bunny Filyaev,Bunny,Filyaev,Go,,,Kansas,,,Sample data generated on 06/16/2022
413,hswaislandbg413@paypal.com.fake,Hanan Swaisland,Hanan,Swaisland,Paypal,,,California,,,Sample data generated on 06/16/2022
414,edraudebh414@sbwire.com.fake,Evey Draude,Evey,Draude,Sbwire,,Stockton,California,,,Sample data generated on 06/16/2022
415,ohausebi415@ucsd.edu.fake,Osborn Hause,Osborn,Hause,Ucsd,,,Texas,,,Sample data generated on 06/16/2022
416,echaferbj416@mapquest.com.fake,Elane Chafer,Elane,Chafer,Mapquest,(317) 2120843,Indianapolis,Indiana,United States,46207,Sample data generated on 06/16/2022
417,whilandbk417@bloomberg.com.fake,Willey Hiland,Willey,Hiland,Bloomberg,(727) 1833196,,,United States,33715,Sample data generated on 06/16/2022
418,jgimletbl418@sogou.com.fake,Jo-ann Gimlet,Jo-ann,Gimlet,Sogou,,,Connecticut,,,Sample data generated on 06/16/2022
419,kbeasleighbm419@vimeo.com.fake,Kenneth Beasleigh,Kenneth,Beasleigh,Vimeo,,,California,,,Sample data generated on 06/16/2022
420,tlebn420@flickr.com.fake,Tamarah Le Cornu,Tamarah,Le,Flickr,,Baltimore,,,,Sample data generated on 06/16/2022
421,prodbournebo421@ovh.net.fake,Phaidra Rodbourne,Phaidra,Rodbourne,Ovh,,,Texas,,,Sample data generated on 06/16/2022
422,oflementbp422@vinaora.com.fake,Orin Flement,Orin,Flement,Vinaora,,New Orleans,,,,Sample data generated on 06/16/2022
423,vpickaverbq423@artisteer.com.fake,Veronika Pickaver,Veronika,Pickaver,Artisteer,,,Texas,,,Sample data generated on 06/16/2022
424,kpaalbr424@blinklist.com.fake,Kathye Paal,Kathye,Paal,Blinklist,,,Maryland,,,Sample data generated on 06/16/2022
425,dcotmanbs425@scribd.com.fake,Dusty Cotman,Dusty,Cotman,Scribd,,,Nebraska,,,Sample data generated on 06/16/2022
426,gsandbt426@bloglovin.com.fake,Granville Sand,Granville,Sand,Bloglovin,(859) 2102873,Lexington,Kentucky,United States,40505,Sample data generated on 06/16/2022
427,fradagebu427@bandcamp.com.fake,Fulton Radage,Fulton,Radage,Bandcamp,,Birmingham,Alabama,,,Sample data generated on 06/16/2022
428,rellesbv428@indiegogo.com.fake,Rubia Elles,Rubia,Elles,Indiegogo,(312) 5378576,Chicago,Illinois,United States,60697,Sample data generated on 06/16/2022
429,ndurranbw429@addtoany.com.fake,Niles Durran,Niles,Durran,Addtoany,,Tucson,Arizona,,,Sample data generated on 06/16/2022
430,fcuffleybx430@homestead.com.fake,Francisco Cuffley,Francisco,Cuffley,Homestead,,,Georgia,,,Sample data generated on 06/16/2022
431,ijindaby431@instagram.com.fake,Ilka Jinda,Ilka,Jinda,Instagram,,,,,,Sample data generated on 06/16/2022
432,spinnionbz432@cnet.com.fake,Sarette Pinnion,Sarette,Pinnion,Cnet,,,Missouri,,,Sample data generated on 06/16/2022
433,chouriganc0433@unc.edu.fake,Cortney Hourigan,Cortney,Hourigan,Unc,,,,,,Sample data generated on 06/16/2022
434,nphillpottsc1434@icio.us.fake,Nolan Phillpotts,Nolan,Phillpotts,Icio,(318) 8305509,,Louisiana,United States,71208,Sample data generated on 06/16/2022
435,speirazzic2435@usnews.com.fake,Shanna Peirazzi,Shanna,Peirazzi,Usnews,,,,,,Sample data generated on 06/16/2022
436,ljupec3436@odnoklassniki.ru.fake,Leeanne Jupe,Leeanne,Jupe,Odnoklassniki,(619) 3883971,,California,United States,92191,Sample data generated on 06/16/2022
437,cberesforec4437@ihg.com.fake,Corrianne Beresfore,Corrianne,Beresfore,Ihg,(860) 4357930,,Connecticut,United States,06105,Sample data generated on 06/16/2022
438,laksellc5438@wired.com.fake,Lizette Aksell,Lizette,Aksell,Wired,,,,,,Sample data generated on 06/16/2022
439,bschirachc6439@google.com.hk.fake,Byrann Schirach,Byrann,Schirach,Google,,Detroit,Michigan,,,Sample data generated on 06/16/2022
440,flyngstedc7440@ustream.tv.fake,Fair Lyngsted,Fair,Lyngsted,Ustream,(202) 9952927,,District of Columbia,United States,20319,Sample data generated on 06/16/2022
441,syeabsleyc8441@privacy.gov.au.fake,Suzette Yeabsley,Suzette,Yeabsley,Privacy,,,Texas,,,Sample data generated on 06/16/2022
442,byacobc9442@slate.com.fake,Bunny Yacob,Bunny,Yacob,Slate,,,,,,Sample data generated on 06/16/2022
443,mdilksca443@yale.edu.fake,Michaella Dilks,Michaella,Dilks,Yale,,,Oklahoma,,,Sample data generated on 06/16/2022
444,kcastagnetcb444@ebay.co.uk.fake,Keith Castagnet,Keith,Castagnet,Ebay,,Little Rock,Arkansas,,,Sample data generated on 06/16/2022
445,kjennerycc445@networksolutions.com.fake,Kory Jennery,Kory,Jennery,Networksolutions,,,Iowa,,,Sample data generated on 06/16/2022
446,jmckanecd446@mysql.com.fake,Jeniffer McKane,Jeniffer,McKane,Mysql,,,Kentucky,,,Sample data generated on 06/16/2022
447,kstorresce447@oaic.gov.au.fake,Krishna Storres,Krishna,Storres,Oaic,(234) 5109812,,Ohio,United States,44760,Sample data generated on 06/16/2022
448,cfitchellcf448@alexa.com.fake,Cassondra Fitchell,Cassondra,Fitchell,Alexa,,,Texas,,,Sample data generated on 06/16/2022
449,nhugnincg449@elpais.com.fake,Noelle Hugnin,Noelle,Hugnin,Elpais,,White Plains,New York,,,Sample data generated on 06/16/2022
450,kdaccach450@addtoany.com.fake,Kurtis Dacca,Kurtis,Dacca,Addtoany,,,Missouri,,,Sample data generated on 06/16/2022
451,bmarlci451@dagondesign.com.fake,Barton Marl,Barton,Marl,Dagondesign,,,Connecticut,,,Sample data generated on 06/16/2022
452,gheekscj452@feedburner.com.fake,Griz Heeks,Griz,Heeks,Feedburner,,,California,,,Sample data generated on 06/16/2022
453,gphilipartck453@bing.com.fake,Godfry Philipart,Godfry,Philipart,Bing,,,California,,,Sample data generated on 06/16/2022
454,wgrinnovcl454@sitemeter.com.fake,Wren Grinnov,Wren,Grinnov,Sitemeter,(216) 3023645,,Ohio,United States,44118,Sample data generated on 06/16/2022
455,acallinancm455@fotki.com.fake,Aubert Callinan,Aubert,Callinan,Fotki,(814) 1099049,Erie,Pennsylvania,United States,16550,Sample data generated on 06/16/2022
456,nokuddyhycn456@nymag.com.fake,Noemi O'Kuddyhy,Noemi,O'Kuddyhy,Nymag,,,District of Columbia,,,Sample data generated on 06/16/2022
457,lbarthelemyco457@ihg.com.fake,Lonnard Barthelemy,Lonnard,Barthelemy,Ihg,,,Massachusetts,,,Sample data generated on 06/16/2022
458,nboothjarviscp458@tripadvisor.com.fake,Nappie Booth-Jarvis,Nappie,Booth-Jarvis,Tripadvisor,(505) 9976970,Las Cruces,New Mexico,United States,88006,Sample data generated on 06/16/2022
459,rlarringtoncq459@opensource.org.fake,Rutledge Larrington,Rutledge,Larrington,Opensource,,,Florida,,,Sample data generated on 06/16/2022
460,jtomlinsoncr460@squarespace.com.fake,Judon Tomlinson,Judon,Tomlinson,Squarespace,,,,,,Sample data generated on 06/16/2022
461,garkcollcs461@pen.io.fake,Gideon Arkcoll,Gideon,Arkcoll,Pen,,,California,,,Sample data generated on 06/16/2022
462,bevelynct462@creativecommons.org.fake,Barry Evelyn,Barry,Evelyn,Creativecommons,,,Oklahoma,,,Sample data generated on 06/16/2022
463,nscoterboshcu463@wordpress.com.fake,Nicolea Scoterbosh,Nicolea,Scoterbosh,Wordpress,,North Little Rock,Arkansas,,,Sample data generated on 06/16/2022
464,pbuttcv464@columbia.edu.fake,Pinchas Butt Gow,Pinchas,Butt,Columbia,,,West Virginia,,,Sample data generated on 06/16/2022
465,dshearsbycw465@nhs.uk.fake,Dulcia Shearsby,Dulcia,Shearsby,Nhs,,,Texas,,,Sample data generated on 06/16/2022
466,blushercx466@google.cn.fake,Bianca Lusher,Bianca,Lusher,Google,,,Washington,,,Sample data generated on 06/16/2022
467,gsoltancy467@paginegialle.it.fake,Gina Soltan,Gina,Soltan,Paginegialle,,New Haven,Connecticut,,,Sample data generated on 06/16/2022
468,rgiuroncz468@google.es.fake,Roddie Giuron,Roddie,Giuron,Google,,,New York,,,Sample data generated on 06/16/2022
469,cmcclintond0469@craigslist.org.fake,Chrystel McClinton,Chrystel,McClinton,Craigslist,,,Virginia,,,Sample data generated on 06/16/2022
470,zscotchmurd1470@amazon.com.fake,Zilvia Scotchmur,Zilvia,Scotchmur,Amazon,,,California,,,Sample data generated on 06/16/2022
471,htedmand2471@ihg.com.fake,Huey Tedman,Huey,Tedman,Ihg,,Phoenix,Arizona,,,Sample data generated on 06/16/2022
472,skobierrad3472@shop-pro.jp.fake,Shina Kobierra,Shina,Kobierra,Shop-pro,(361) 8470255,,Texas,United States,78410,Sample data generated on 06/16/2022
473,pniald4473@dagondesign.com.fake,Pattie Nial,Pattie,Nial,Dagondesign,,,Illinois,,,Sample data generated on 06/16/2022
474,rpenyltond5474@bloomberg.com.fake,Robinia Penylton,Robinia,Penylton,Bloomberg,,,Michigan,,,Sample data generated on 06/16/2022
475,greaded6475@sun.com.fake,Giacobo Reade,Giacobo,Reade,Sun,,Fort Myers,Florida,,,Sample data generated on 06/16/2022
476,hshevelld7476@washingtonpost.com.fake,Hercule Shevell,Hercule,Shevell,Washingtonpost,,Spokane,Washington,,,Sample data generated on 06/16/2022
477,snizetd8477@freewebs.com.fake,Sheppard Nizet,Sheppard,Nizet,Freewebs,,,,,,Sample data generated on 06/16/2022
478,hwoofindend9478@surveymonkey.com.fake,Hedi Woofinden,Hedi,Woofinden,Surveymonkey,,Atlanta,Georgia,,,Sample data generated on 06/16/2022
479,tbrackleyda479@globo.com.fake,Tommy Brackley,Tommy,Brackley,Globo,,,West Virginia,,,Sample data generated on 06/16/2022
480,odedb480@telegraph.co.uk.fake,Osbert de Quincey,Osbert,de,Telegraph,,Miami,Florida,,,Sample data generated on 06/16/2022
481,ttolertondc481@house.gov.fake,Tanney Tolerton,Tanney,Tolerton,House,(512) 8409882,,Texas,United States,78754,Sample data generated on 06/16/2022
482,bannettsdd482@storify.com.fake,Bartholomeus Annetts,Bartholomeus,Annetts,Storify,,,Illinois,,,Sample data generated on 06/16/2022
483,saitkenheadde483@weibo.com.fake,Sylas Aitkenhead,Sylas,Aitkenhead,Weibo,(216) 3719862,,Ohio,United States,44125,Sample data generated on 06/16/2022
484,bratterydf484@comsenz.com.fake,Billye Rattery,Billye,Rattery,Comsenz,,,Tennessee,,,Sample data generated on 06/16/2022
485,plittledykedg485@hubpages.com.fake,Polly Littledyke,Polly,Littledyke,Hubpages,(814) 1612638,Erie,Pennsylvania,United States,16550,Sample data generated on 06/16/2022
486,pshilstonedh486@posterous.com.fake,Philippine Shilstone,Philippine,Shilstone,Posterous,,,Oregon,,,Sample data generated on 06/16/2022
487,jcockroftdi487@reddit.com.fake,Justine Cockroft,Justine,Cockroft,Reddit,(520) 1967969,,,United States,85720,Sample data generated on 06/16/2022
488,rdunsmoredj488@unc.edu.fake,Rora Dunsmore,Rora,Dunsmore,Unc,,,,,,Sample data generated on 06/16/2022
489,bhensdk489@bigcartel.com.fake,Brigham Hens,Brigham,Hens,Bigcartel,,,Colorado,,,Sample data generated on 06/16/2022
490,vmorrottdl490@virginia.edu.fake,Vanny Morrott,Vanny,Morrott,Virginia,,,Texas,,,Sample data generated on 06/16/2022
491,gcurrumdm491@technorati.com.fake,Georgeanne Currum,Georgeanne,Currum,Technorati,,,Texas,,,Sample data generated on 06/16/2022
492,alunddn492@edublogs.org.fake,Alexandrina Lund,Alexandrina,Lund,Edublogs,,,Louisiana,,,Sample data generated on 06/16/2022
493,aburthdo493@mtv.com.fake,Aretha Burth,Aretha,Burth,Mtv,,,Alabama,,,Sample data generated on 06/16/2022
494,kchampneydp494@goodreads.com.fake,Kort Champney,Kort,Champney,Goodreads,,,,,,Sample data generated on 06/16/2022
495,sstickensdq495@delicious.com.fake,Sayres Stickens,Sayres,Stickens,Delicious,,,Texas,,,Sample data generated on 06/16/2022
496,fjirekdr496@google.ru.fake,Fidole Jirek,Fidole,Jirek,Google,,,Delaware,,,Sample data generated on 06/16/2022
497,gcottuds497@imgur.com.fake,Genny Cottu,Genny,Cottu,Imgur,(352) 7288940,Gainesville,Florida,United States,32627,Sample data generated on 06/16/2022
498,ajayedt498@accuweather.com.fake,Albertine Jaye,Albertine,Jaye,Accuweather,,,Michigan,,,Sample data generated on 06/16/2022
499,kaughtondu499@buzzfeed.com.fake,Kyle Aughton,Kyle,Aughton,Buzzfeed,(203) 6567634,,Connecticut,United States,06705,Sample data generated on 06/16/2022
500,sbarrettdv500@google.it.fake,Simona Barrett,Simona,Barrett,Google,,,California,,,Sample data generated on 06/16/2022
1,dtranmer01@wsj.com.fake,Darcee Tranmer,Darcee,Tranmer,Wsj,(916) 1208036,,California,United States,94297,
2,tbotham12@cafepress.com.fake,Thedric Botham,Thedric,Botham,Cafepress,,,New York,,,
3,ivittery23@xinhuanet.com.fake,Iggy Vittery,Iggy,Vittery,Xinhuanet,,Lancaster,Pennsylvania,,,
4,amarchello34@nyu.edu.fake,Annabal Marchello,Annabal,Marchello,Nyu,,,California,,,
5,kklima45@aboutads.info.fake,Kristofer Klima,Kristofer,Klima,Aboutads,,,Pennsylvania,,,
6,aankrett56@dion.ne.jp.fake,Axel Ankrett,Axel,Ankrett,Dion,,,Florida,,,
7,fhanner67@cafepress.com.fake,Fred Hanner,Fred,Hanner,Cafepress,,Baltimore,Maryland,,,
8,mheaford78@dropbox.com.fake,Michal Heaford,Michal,Heaford,Dropbox,,Modesto,,,,
9,gthomke89@sbwire.com.fake,Golda Thomke,Golda,Thomke,Sbwire,(419) 7325703,,Ohio,United States,43605,
10,mambrosch910@360.cn.fake,Melosa Ambrosch,Melosa,Ambrosch,360,,Staten Island,New York,,,
11,abrettlea11@facebook.com.fake,Addia Brettle,Addia,Brettle,Facebook,,,North Carolina,,,
12,lsteffansb12@ameblo.jp.fake,Lizette Steffans,Lizette,Steffans,Ameblo,(404) 1897042,,Georgia,United States,30340,
13,hgamwellc13@xinhuanet.com.fake,Harv Gamwell,Harv,Gamwell,Xinhuanet,,,Virginia,,,
14,dbarocd14@photobucket.com.fake,Deena Baroc,Deena,Baroc,Photobucket,,,Michigan,,,
15,kquyee15@addthis.com.fake,Kory Quye,Kory,Quye,Addthis,(415) 5502702,San Francisco,California,United States,94164,
16,ejobesf16@umich.edu.fake,Emmett Jobes,Emmett,Jobes,Umich,,,,,,
17,abordoneg17@gravatar.com.fake,Aurel Bordone,Aurel,Bordone,Gravatar,,,Texas,,,
18,ecaygillh18@vimeo.com.fake,Eleanora Caygill,Eleanora,Caygill,Vimeo,(334) 4918407,,Alabama,United States,36177,
19,caspeli19@ucla.edu.fake,Calhoun Aspel,Calhoun,Aspel,Ucla,,New York City,New York,,,
20,gcornfieldj20@domainmarket.com.fake,George Cornfield,George,Cornfield,Domainmarket,,,Texas,,,
21,wzeplink21@a8.net.fake,Wilma Zeplin,Wilma,Zeplin,A8,(904) 8898373,,,United States,32236,
22,mvasilmanovl22@rediff.com.fake,Montgomery Vasilmanov,Montgomery,Vasilmanov,Rediff,,,,,,
23,hanthonsenm23@smh.com.au.fake,Honey Anthonsen,Honey,Anthonsen,Smh,,,Oregon,,,
24,ctreesn24@amazon.de.fake,Cam Trees,Cam,Trees,Amazon,,Waterbury,Connecticut,,,
25,ekertesso25@globo.com.fake,Emmie Kertess,Emmie,Kertess,Globo,,Sioux City,Iowa,,,
26,tambrosinip26@geocities.com.fake,Terri Ambrosini,Terri,Ambrosini,Geocities,,,Texas,,,
27,gtadmanq27@marketwatch.com.fake,Guy Tadman,Guy,Tadman,Marketwatch,,,,,,
28,hcoasterr28@last.fm.fake,Hayes Coaster,Hayes,Coaster,Last,(818) 4686595,Los Angeles,California,United States,90071,
29,ccassleys29@chronoengine.com.fake,Collin Cassley,Collin,Cassley,Chronoengine,,Saint Paul,Minnesota,,,
30,rgiacomellit30@paginegialle.it.fake,Ring Giacomelli,Ring,Giacomelli,Paginegialle,,,California,,,
31,hspreadburyu31@miitbeian.gov.cn.fake,Hube Spreadbury,Hube,Spreadbury,Miitbeian,,Seattle,Washington,,,
32,marraultv32@goo.ne.jp.fake,Maxine Arrault,Maxine,Arrault,Goo,,,New Mexico,,,
33,lgerrietw33@arstechnica.com.fake,Larisa Gerriet,Larisa,Gerriet,Arstechnica,(202) 7894316,Washington,District of Columbia,United States,20557,
34,cpringellx34@twitpic.com.fake,Cece Pringell,Cece,Pringell,Twitpic,,,Massachusetts,,,
35,fverbruggey35@creativecommons.org.fake,Fifine Verbrugge,Fifine,Verbrugge,Creativecommons,(650) 1140437,Redwood City,California,United States,94064,
36,jlembkez36@weebly.com.fake,Jade Lembke,Jade,Lembke,Weebly,,Washington,District of Columbia,,,
37,dscotter1037@chronoengine.com.fake,Danna Scotter,Danna,Scotter,Chronoengine,(228) 9897729,Gulfport,Mississippi,United States,39505,
38,dchess1138@nhs.uk.fake,Derk Chess,Derk,Chess,Nhs,,,New York,,,
39,ssondon1239@earthlink.net.fake,Saxon Sondon,Saxon,Sondon,Earthlink,,San Francisco,,,,
40,tcolliss1340@gmpg.org.fake,Trip Colliss,Trip,Colliss,Gmpg,,,Illinois,,,
41,couthwaite1441@lycos.com.fake,Carter Outhwaite,Carter,Outhwaite,Lycos,(404) 3114401,,,United States,30392,
42,kballard1542@smh.com.au.fake,Kellen Ballard,Kellen,Ballard,Smh,,,Iowa,,,
43,abrellin1643@barnesandnoble.com.fake,Aharon Brellin,Aharon,Brellin,Barnesandnoble,,,New York,,,
44,fmacmanus1744@webnode.com.fake,Florance MacManus,Florance,MacManus,Webnode,,,California,,,
45,vragbourne1845@omniture.com.fake,Vernor Ragbourne,Vernor,Ragbourne,Omniture,,,Maryland,,,
46,dortiger1946@jimdo.com.fake,Dexter Ortiger,Dexter,Ortiger,Jimdo,(803) 6720852,Columbia,South Carolina,United States,29240,
47,jferrone1a47@forbes.com.fake,Jyoti Ferrone,Jyoti,Ferrone,Forbes,(218) 2690703,Duluth,Minnesota,United States,55805,
48,gbrownlee1b48@cocolog-nifty.com.fake,Giralda Brownlee,Giralda,Brownlee,Cocolog-nifty,,Pittsburgh,Pennsylvania,,,
49,mbaser1c49@indiatimes.com.fake,Maximilianus Baser,Maximilianus,Baser,Indiatimes,(208) 8341778,,Idaho,United States,83705,
50,lsmullen1d50@loc.gov.fake,Lynne Smullen,Lynne,Smullen,Loc,,,Indiana,,,
51,deskriett1e51@deviantart.com.fake,Deanna Eskriett,Deanna,Eskriett,Deviantart,,,Texas,,,
52,lhess1f52@ow.ly.fake,Lacey Hess,Lacey,Hess,Ow,(317) 9132370,,Indiana,United States,46247,
53,lhampe1g53@cisco.com.fake,Leeanne Hampe,Leeanne,Hampe,Cisco,,,California,,,
54,langlin1h54@weather.com.fake,Lind Anglin,Lind,Anglin,Weather,,,,,,
55,gcollerd1i55@sciencedirect.com.fake,Gabriel Collerd,Gabriel,Collerd,Sciencedirect,,Chicago,,,,
56,ewalkington1j56@japanpost.jp.fake,Ely Walkington,Ely,Walkington,Japanpost,(402) 6947345,,Nebraska,United States,68117,
57,gbaden1k57@yale.edu.fake,Granthem Baden,Granthem,Baden,Yale,,,,,,
58,svalenssmith1l58@php.net.fake,Silvano Valens-Smith,Silvano,Valens-Smith,Php,,,Washington,,,
59,pringham1m59@tiny.cc.fake,Pamela Ringham,Pamela,Ringham,Tiny,(510) 6849675,Berkeley,California,United States,94705,
60,cberkelay1n60@biglobe.ne.jp.fake,Christa Berkelay,Christa,Berkelay,Biglobe,,,District of Columbia,,,
61,etoomey1o61@usda.gov.fake,Eduino Toomey,Eduino,Toomey,Usda,,San Antonio,,,,
62,wwynne1p62@fc2.com.fake,Winn Wynne,Winn,Wynne,Fc2,(305) 5703044,Hollywood,Florida,United States,33028,
63,jnormadell1q63@prnewswire.com.fake,Jule Normadell,Jule,Normadell,Prnewswire,,,California,,,
64,kputnam1r64@typepad.com.fake,Kiah Putnam,Kiah,Putnam,Typepad,,,Illinois,,,
65,imerigot1s65@example.com.fake,Iggy Merigot,Iggy,Merigot,Example,(614) 2442360,Columbus,Ohio,United States,43204,
66,akeuning1t66@t.co.fake,Ad Keuning,Ad,Keuning,T,,Chicago,Illinois,,,
67,ssolly1u67@zdnet.com.fake,Silvester Solly,Silvester,Solly,Zdnet,,Toledo,Ohio,,,
68,ameasor1v68@free.fr.fake,Albertine Measor,Albertine,Measor,Free,,,Connecticut,,,
69,bwemm1w69@flickr.com.fake,Benedick Wemm,Benedick,Wemm,Flickr,,Phoenix,Arizona,,,
70,dcliffe1x70@archive.org.fake,Dianna Cliffe,Dianna,Cliffe,Archive,(336) 5192680,,North Carolina,United States,27110,
71,ayarrall1y71@marketwatch.com.fake,Aloysius Yarrall,Aloysius,Yarrall,Marketwatch,,,Minnesota,,,
72,cswadlin1z72@oracle.com.fake,Crichton Swadlin,Crichton,Swadlin,Oracle,(937) 2487404,,Ohio,United States,45403,
73,athrush2073@pbs.org.fake,Annelise Thrush,Annelise,Thrush,Pbs,,Naples,Florida,,,
74,nstiff2174@bloomberg.com.fake,Niccolo Stiff,Niccolo,Stiff,Bloomberg,,,Washington,,,
75,giredale2275@nps.gov.fake,Gizela Iredale,Gizela,Iredale,Nps,(212) 4828145,Brooklyn,New York,United States,11247,
76,astayt2376@ted.com.fake,Antin Stayt,Antin,Stayt,Ted,(302) 3775682,,Delaware,United States,19805,
77,bovey2477@intel.com.fake,Bambi Ovey,Bambi,Ovey,Intel,,San Diego,California,,,
78,lfawcitt2578@goo.ne.jp.fake,Lamont Fawcitt,Lamont,Fawcitt,Goo,,Erie,Pennsylvania,,,
79,lwheatcroft2679@umn.edu.fake,Leland Wheatcroft,Leland,Wheatcroft,Umn,(301) 3500237,Baltimore,Maryland,United States,21203,
80,lgodlip2780@infoseek.co.jp.fake,Lowe Godlip,Lowe,Godlip,Infoseek,,,Georgia,,,
81,bmarchbank2881@chron.com.fake,Brannon Marchbank,Brannon,Marchbank,Chron,,Youngstown,Ohio,,,
82,mtomaselli2982@typepad.com.fake,Moria Tomaselli,Moria,Tomaselli,Typepad,(202) 9557271,Washington,District of Columbia,United States,20508,
83,rkingsmill2a83@mail.ru.fake,Rivalee Kingsmill,Rivalee,Kingsmill,Mail,,Kansas City,Missouri,,,
84,cmcginny2b84@trellian.com.fake,Cristin McGinny,Cristin,McGinny,Trellian,,,California,,,
85,hamer2c85@bluehost.com.fake,Hatti Amer,Hatti,Amer,Bluehost,,,North Carolina,,,
86,bstratton2d86@google.pl.fake,Benni Stratton,Benni,Stratton,Google,,,,,,
87,nchark2e87@accuweather.com.fake,Ned Chark,Ned,Chark,Accuweather,,,Alabama,,,
88,ccuningham2f88@newyorker.com.fake,Claudetta Cuningham,Claudetta,Cuningham,Newyorker,,Philadelphia,Pennsylvania,,,
89,gdeniso2g89@mozilla.org.fake,Gerardo Deniso,Gerardo,Deniso,Mozilla,,,Georgia,,,
90,bnortcliffe2h90@photobucket.com.fake,Biddy Nortcliffe,Biddy,Nortcliffe,Photobucket,(212) 2822074,,,United States,11231,
91,rberney2i91@si.edu.fake,Raynell Berney,Raynell,Berney,Si,,,,,,
92,fwimlett2j92@de.vu.fake,Fifine Wimlett,Fifine,Wimlett,De,,,Illinois,,,
93,lcosstick2k93@xinhuanet.com.fake,Laurene Cosstick,Laurene,Cosstick,Xinhuanet,,,Pennsylvania,,,
94,imccafferky2l94@cam.ac.uk.fake,Ida McCafferky,Ida,McCafferky,Cam,,,,,,
95,rhutcheson2m95@scribd.com.fake,Rosabel Hutcheson,Rosabel,Hutcheson,Scribd,,,,,,
96,wfolini2n96@mashable.com.fake,Willamina Folini,Willamina,Folini,Mashable,,,Alabama,,,
97,ahowse2o97@pagesperso-orange.fr.fake,Atalanta Howse,Atalanta,Howse,Pagesperso-orange,(415) 2178073,,California,United States,94126,
98,epurver2p98@nhs.uk.fake,Eolanda Purver,Eolanda,Purver,Nhs,(303) 7884571,Boulder,Colorado,United States,80310,
99,gdoers2q99@icio.us.fake,Gordy Doers,Gordy,Doers,Icio,,,Alabama,,,
100,sbeushaw2r100@ucoz.com.fake,Stormi Beushaw,Stormi,Beushaw,Ucoz,,,Texas,,,
101,dkrink2s101@rakuten.co.jp.fake,Dulcia Krink,Dulcia,Krink,Rakuten,,,Georgia,,,
102,khardcastle2t102@google.com.hk.fake,Kessiah Hardcastle,Kessiah,Hardcastle,Google,,,Florida,,,
103,mcunningham2u103@1688.com.fake,Merrel Cunningham,Merrel,Cunningham,1688,(248) 6147567,,Michigan,United States,48098,
104,jpudan2v104@behance.net.fake,Jo-ann Pudan,Jo-ann,Pudan,Behance,,,,,,
105,kyardley2w105@photobucket.com.fake,Kessia Yardley,Kessia,Yardley,Photobucket,,,California,,,
106,nflannigan2x106@elpais.com.fake,Nickie Flannigan,Nickie,Flannigan,Elpais,,Waterbury,Connecticut,,,
107,bewbanck2y107@soup.io.fake,Blancha Ewbanck,Blancha,Ewbanck,Soup,,,Washington,,,
108,cstaynes2z108@hud.gov.fake,Clem Staynes,Clem,Staynes,Hud,,,,,,
109,dantonik30109@craigslist.org.fake,Donny Antonik,Donny,Antonik,Craigslist,(508) 8636140,New Bedford,Massachusetts,United States,02745,
110,malyokhin31110@youtube.com.fake,Moore Alyokhin,Moore,Alyokhin,Youtube,(202) 8704203,,District of Columbia,United States,20010,
111,dgilbard32111@mozilla.org.fake,Doug Gilbard,Doug,Gilbard,Mozilla,,,,,,
112,khanaford33112@toplist.cz.fake,Kirsteni Hanaford,Kirsteni,Hanaford,Toplist,(213) 6955747,,California,United States,90020,
113,igregori34113@blog.com.fake,Ilene Gregori,Ilene,Gregori,Blog,,,,,,
114,lsirmon35114@kickstarter.com.fake,Laughton Sirmon,Laughton,Sirmon,Kickstarter,(210) 7765723,,Texas,United States,78250,
115,kpendlenton36115@stumbleupon.com.fake,Kerk Pendlenton,Kerk,Pendlenton,Stumbleupon,(816) 8631684,Kansas City,Missouri,United States,64160,
116,lstairmond37116@cnn.com.fake,Liane Stairmond,Liane,Stairmond,Cnn,(843) 9647153,,South Carolina,United States,29403,
117,rbrett38117@google.co.uk.fake,Rebekah Brett,Rebekah,Brett,Google,,,,,,
118,vsidnall39118@homestead.com.fake,Violette Sidnall,Violette,Sidnall,Homestead,(253) 5392551,Seattle,,United States,98121,
119,klindenman3a119@smugmug.com.fake,Kial Lindenman,Kial,Lindenman,Smugmug,,,Texas,,,
120,lhabbes3b120@dedecms.com.fake,Luke Habbes,Luke,Habbes,Dedecms,,,Hawaii,,,
121,cscarsbrook3c121@timesonline.co.uk.fake,Caryl Scarsbrook,Caryl,Scarsbrook,Timesonline,(402) 5042438,Lincoln,Nebraska,United States,68524,
122,kminguet3d122@europa.eu.fake,Kare Minguet,Kare,Minguet,Europa,(505) 6440545,Santa Fe,New Mexico,United States,87505,
123,lcosstick3e123@geocities.com.fake,Leeann Cosstick,Leeann,Cosstick,Geocities,,New Bedford,Massachusetts,,,
124,jbruyns3f124@people.com.cn.fake,Jerrome Bruyns,Jerrome,Bruyns,People,,,,,,
125,dpoundsford3g125@businesswire.com.fake,Dominga Poundsford,Dominga,Poundsford,Businesswire,,,Texas,,,
126,dbroune3h126@imageshack.us.fake,Dolly Broune,Dolly,Broune,Imageshack,,,,,,
127,acantwell3i127@telegraph.co.uk.fake,Aurelie Cantwell,Aurelie,Cantwell,Telegraph,(505) 9200287,Albuquerque,New Mexico,United States,87121,
128,mrustadge3j128@chicagotribune.com.fake,Marsha Rustadge,Marsha,Rustadge,Chicagotribune,,,West Virginia,,,
129,wdabourne3k129@flickr.com.fake,Wendall Dabourne,Wendall,Dabourne,Flickr,,,,,,
130,mgobourn3l130@buzzfeed.com.fake,Muffin Gobourn,Muffin,Gobourn,Buzzfeed,,,,,,
131,fbartolomeoni3m131@cyberchimps.com.fake,Foster Bartolomeoni,Foster,Bartolomeoni,Cyberchimps,,Topeka,,,,
132,wyarker3n132@4shared.com.fake,Wilden Yarker,Wilden,Yarker,4shared,,Madison,,,,
133,vaxford3o133@marriott.com.fake,Vitoria Axford,Vitoria,Axford,Marriott,,Pueblo,Colorado,,,
134,gradmore3p134@cmu.edu.fake,Gladi Radmore,Gladi,Radmore,Cmu,,,District of Columbia,,,
135,echeeke3q135@census.gov.fake,Enid Cheeke,Enid,Cheeke,Census,,,Texas,,,
136,pwhale3r136@imgur.com.fake,Petronia Whale,Petronia,Whale,Imgur,,,Florida,,,
137,bbyres3s137@huffingtonpost.com.fake,Berrie Byres,Berrie,Byres,Huffingtonpost,,Spokane,Washington,,,
138,enuth3t138@zimbio.com.fake,Esther Nuth,Esther,Nuth,Zimbio,(405) 1449711,,Oklahoma,United States,73114,
139,mgiuron3u139@chronoengine.com.fake,Melisenda Giuron,Melisenda,Giuron,Chronoengine,,,California,,,
140,vhorbath3v140@merriam-webster.com.fake,Vaughan Horbath,Vaughan,Horbath,Merriam-webster,,,,,,
141,cwhitelaw3w141@lycos.com.fake,Christabel Whitelaw,Christabel,Whitelaw,Lycos,,,California,,,
142,hbozier3x142@pinterest.com.fake,Hyacinthe Bozier,Hyacinthe,Bozier,Pinterest,(352) 4101305,Gainesville,Florida,United States,32605,
143,vbirdfield3y143@tinypic.com.fake,Vinni Birdfield,Vinni,Birdfield,Tinypic,(915) 9419254,,Texas,United States,79989,
144,eedeson3z144@irs.gov.fake,Elsi Edeson,Elsi,Edeson,Irs,,,,,,
145,ajahner40145@feedburner.com.fake,Amata Jahner,Amata,Jahner,Feedburner,(570) 5770842,Wilkes Barre,Pennsylvania,United States,18768,
146,dsurmeir41146@about.com.fake,Devlen Surmeir,Devlen,Surmeir,About,,Scottsdale,Arizona,,,
147,ageering42147@ihg.com.fake,Allianora Geering,Allianora,Geering,Ihg,,,New York,,,
148,mbrandacci43148@zdnet.com.fake,Mufi Brandacci,Mufi,Brandacci,Zdnet,,Atlanta,Georgia,,,
149,tricci44149@scientificamerican.com.fake,Trudie Ricci,Trudie,Ricci,Scientificamerican,,,Massachusetts,,,
150,ccorradeschi45150@prnewswire.com.fake,Che Corradeschi,Che,Corradeschi,Prnewswire,(202) 2497966,,District of Columbia,United States,20520,
151,fcranson46151@google.com.fake,Frederique Cranson,Frederique,Cranson,Google,,Orlando,Florida,,,
152,jcornewell47152@mit.edu.fake,Joel Cornewell,Joel,Cornewell,Mit,,,District of Columbia,,,
153,kcastiglione48153@dailymail.co.uk.fake,Kordula Castiglione,Kordula,Castiglione,Dailymail,,,Florida,,,
154,ehast49154@discovery.com.fake,Effie Hast,Effie,Hast,Discovery,,Oklahoma City,,,,
155,mwloch4a155@360.cn.fake,Mair Wloch,Mair,Wloch,360,,Topeka,,,,
156,fpendre4b156@prlog.org.fake,Flynn Pendre,Flynn,Pendre,Prlog,,Hartford,Connecticut,,,
157,nwinterborne4c157@tiny.cc.fake,Nickie Winterborne,Nickie,Winterborne,Tiny,,Saint Petersburg,Florida,,,
158,mshearsby4d158@histats.com.fake,Marcela Shearsby,Marcela,Shearsby,Histats,,,Tennessee,,,
159,etremontana4e159@plala.or.jp.fake,Evvy Tremontana,Evvy,Tremontana,Plala,,,District of Columbia,,,
160,gvisick4f160@xing.com.fake,Giulietta Visick,Giulietta,Visick,Xing,,,,,,
161,tkamena4g161@drupal.org.fake,Terri Kamena,Terri,Kamena,Drupal,(505) 8273045,,New Mexico,United States,87110,
162,gcosley4h162@cdbaby.com.fake,Ginni Cosley,Ginni,Cosley,Cdbaby,,,Illinois,,,
163,awooler4i163@vistaprint.com.fake,Arther Wooler,Arther,Wooler,Vistaprint,,,Florida,,,
164,dfilipputti4j164@about.com.fake,Doti Filipputti,Doti,Filipputti,About,,Edmond,Oklahoma,,,
165,rbrandes4k165@list-manage.com.fake,Reinald Brandes,Reinald,Brandes,List-manage,,,Pennsylvania,,,
166,esalvati4l166@t-online.de.fake,Eda Salvati,Eda,Salvati,T-online,,,California,,,
167,aleisk4m167@ocn.ne.jp.fake,Ahmad Leisk,Ahmad,Leisk,Ocn,,Chattanooga,Tennessee,,,
168,jcoast4n168@army.mil.fake,Jarret Coast,Jarret,Coast,Army,,,Michigan,,,
169,snaisbitt4o169@soundcloud.com.fake,Shay Naisbitt,Shay,Naisbitt,Soundcloud,,Valley Forge,,,,
170,aglenister4p170@opensource.org.fake,Arabelle Glenister,Arabelle,Glenister,Opensource,,,California,,,
171,mstollwerck4q171@businessweek.com.fake,Marjie Stollwerck,Marjie,Stollwerck,Businessweek,,New York City,New York,,,
172,cjaneway4r172@yolasite.com.fake,Caprice Janeway,Caprice,Janeway,Yolasite,,Fort Collins,Colorado,,,
173,ccottey4s173@ebay.co.uk.fake,Candace Cottey,Candace,Cottey,Ebay,(843) 8684448,,South Carolina,United States,29416,
174,loleary4t174@si.edu.fake,Leonard O'Leary,Leonard,O'Leary,Si,(727) 7519523,,Florida,United States,34643,
175,kflacknoe4u175@networksolutions.com.fake,Kania Flacknoe,Kania,Flacknoe,Networksolutions,,Temple,Texas,,,
176,ppoytres4v176@psu.edu.fake,Pippy Poytres,Pippy,Poytres,Psu,,Atlanta,Georgia,,,
177,gokill4w177@cargocollective.com.fake,Gun Okill,Gun,Okill,Cargocollective,,,Kentucky,,,
178,cglowacz4x178@infoseek.co.jp.fake,Carol-jean Glowacz,Carol-jean,Glowacz,Infoseek,,Albuquerque,New Mexico,,,
179,arussi4y179@flickr.com.fake,Alma Russi,Alma,Russi,Flickr,,,Ohio,,,
180,dimos4z180@chicagotribune.com.fake,Demetris Imos,Demetris,Imos,Chicagotribune,,,District of Columbia,,,
181,tthorndycraft50181@yandex.ru.fake,Travers Thorndycraft,Travers,Thorndycraft,Yandex,(843) 9760981,,South Carolina,United States,29505,
182,zle51182@spiegel.de.fake,Zelig Le Marquand,Zelig,Le,Spiegel,(775) 1436598,,Nevada,United States,89706,
183,ebasezzi52183@i2i.jp.fake,Eal Basezzi,Eal,Basezzi,I2i,(701) 3418351,,North Dakota,United States,58207,
184,akemme53184@vkontakte.ru.fake,Alvina Kemme,Alvina,Kemme,Vkontakte,(561) 8012775,,Florida,United States,33499,
185,rshallo54185@ed.gov.fake,Rubin Shallo,Rubin,Shallo,Ed,,,South Carolina,,,
186,krapinett55186@51.la.fake,Katlin Rapinett,Katlin,Rapinett,51,(614) 3608029,Columbus,Ohio,United States,43284,
187,ichaudret56187@ted.com.fake,Isiahi Chaudret,Isiahi,Chaudret,Ted,(408) 9479386,San Jose,California,United States,95155,
188,wlearmont57188@sohu.com.fake,Wilbert Learmont,Wilbert,Learmont,Sohu,(914) 2672870,,New York,United States,10705,
189,cbattersby58189@addthis.com.fake,Craggie Battersby,Craggie,Battersby,Addthis,,,Colorado,,,
190,therley59190@shop-pro.jp.fake,Tremain Herley,Tremain,Herley,Shop-pro,(254) 9313845,,Texas,United States,76598,
191,mbarthrup5a191@hibu.com.fake,Mina Barthrup,Mina,Barthrup,Hibu,,,Florida,,,
192,afever5b192@va.gov.fake,Anni Fever,Anni,Fever,Va,,,New York,,,
193,swilloughway5c193@taobao.com.fake,Stinky Willoughway,Stinky,Willoughway,Taobao,,,Iowa,,,
194,droskruge5d194@theatlantic.com.fake,Dell Roskruge,Dell,Roskruge,Theatlantic,(956) 4771813,,Texas,United States,78044,
195,whymor5e195@opera.com.fake,Winnah Hymor,Winnah,Hymor,Opera,,,New York,,,
196,glevens5f196@prnewswire.com.fake,Gothart Levens,Gothart,Levens,Prnewswire,,,,,,
197,btaggert5g197@ustream.tv.fake,Brigg Taggert,Brigg,Taggert,Ustream,,,Colorado,,,
198,wsleicht5h198@stumbleupon.com.fake,Wendye Sleicht,Wendye,Sleicht,Stumbleupon,,,Nevada,,,
199,emorteo5i199@blog.com.fake,Edie Morteo,Edie,Morteo,Blog,(859) 5559720,,Kentucky,United States,40591,
200,wraggitt5j200@surveymonkey.com.fake,Waring Raggitt,Waring,Raggitt,Surveymonkey,,,Alabama,,,
201,fhlavac5k201@wikipedia.org.fake,Fraze Hlavac,Fraze,Hlavac,Wikipedia,,Columbia,South Carolina,,,
202,wrickesies5l202@pen.io.fake,Wandis Rickesies,Wandis,Rickesies,Pen,,Monroe,Louisiana,,,
203,apadefield5m203@google.ca.fake,Allin Padefield,Allin,Padefield,Google,,,North Carolina,,,
204,bgoslin5n204@cbsnews.com.fake,Brigham Goslin,Brigham,Goslin,Cbsnews,(515) 3361912,,Iowa,United States,50981,
205,gplessing5o205@cbsnews.com.fake,Glad Plessing,Glad,Plessing,Cbsnews,(702) 4876335,,Nevada,United States,89125,
206,lmalafe5p206@rambler.ru.fake,Lela Malafe,Lela,Malafe,Rambler,,,Florida,,,
207,evardie5q207@newyorker.com.fake,Ernie Vardie,Ernie,Vardie,Newyorker,(214) 2858589,Dallas,Texas,United States,75287,
208,jwhiteside5r208@com.com.fake,Junina Whiteside,Junina,Whiteside,Com,,,Texas,,,
209,vsnufflebottom5s209@pagesperso-orange.fr.fake,Vale Snufflebottom,Vale,Snufflebottom,Pagesperso-orange,(816) 9109395,,,United States,64136,
210,dpetrolli5t210@alexa.com.fake,Dill Petrolli,Dill,Petrolli,Alexa,,,Massachusetts,,,
211,mcoldbath5u211@yelp.com.fake,Menard Coldbath,Menard,Coldbath,Yelp,,,Colorado,,,
212,etroni5v212@wikia.com.fake,Emelda Troni,Emelda,Troni,Wikia,,,,,,
213,rstallon5w213@hud.gov.fake,Robbyn Stallon,Robbyn,Stallon,Hud,,,District of Columbia,,,
214,dstollsteimer5x214@si.edu.fake,Dione Stollsteimer,Dione,Stollsteimer,Si,,,Virginia,,,
215,pschapiro5y215@mac.com.fake,Pavlov Schapiro,Pavlov,Schapiro,Mac,,,,,,
216,ckarpe5z216@biglobe.ne.jp.fake,Carroll Karpe,Carroll,Karpe,Biglobe,,,Virginia,,,
217,ccoumbe60217@foxnews.com.fake,Carlee Coumbe,Carlee,Coumbe,Foxnews,(509) 4114659,,Washington,United States,99205,
218,psaurat61218@ycombinator.com.fake,Paige Saurat,Paige,Saurat,Ycombinator,,,Washington,,,
219,bmattheeuw62219@tmall.com.fake,Betsy Mattheeuw,Betsy,Mattheeuw,Tmall,,,Virginia,,,
220,tbonnick63220@newyorker.com.fake,Thalia Bonnick,Thalia,Bonnick,Newyorker,,,Ohio,,,
221,lhaskell64221@go.com.fake,Lesley Haskell,Lesley,Haskell,Go,,,Ohio,,,
222,cthams65222@biblegateway.com.fake,Chelsea Thams,Chelsea,Thams,Biblegateway,,,New Mexico,,,
223,edeschlein66223@china.com.cn.fake,Eben Deschlein,Eben,Deschlein,China,,,,,,
224,sgorwood67224@biglobe.ne.jp.fake,Skippy Gorwood,Skippy,Gorwood,Biglobe,(313) 2242511,,Michigan,United States,48232,
225,tnolton68225@php.net.fake,Trenton Nolton,Trenton,Nolton,Php,,,,,,
226,gjochanany69226@yale.edu.fake,Galina Jochanany,Galina,Jochanany,Yale,,Palatine,,,,
227,rrichly6a227@people.com.cn.fake,Rolando Richly,Rolando,Richly,People,,,New York,,,
228,sstrongman6b228@forbes.com.fake,Salomi Strongman,Salomi,Strongman,Forbes,(713) 3846679,,Texas,United States,77250,
229,lvan6c229@statcounter.com.fake,Laurens Van Driel,Laurens,Van,Statcounter,,,New Jersey,,,
230,dhockell6d230@360.cn.fake,Dewitt Hockell,Dewitt,Hockell,360,,,,,,
231,kpenwarden6e231@zimbio.com.fake,Kaycee Penwarden,Kaycee,Penwarden,Zimbio,(213) 6730050,,California,United States,90081,
232,ethomen6f232@blogger.com.fake,Edgar Thomen,Edgar,Thomen,Blogger,(225) 5319175,,Louisiana,United States,70894,
233,djamot6g233@tamu.edu.fake,Dukey Jamot,Dukey,Jamot,Tamu,,,Washington,,,
234,njohnston6h234@odnoklassniki.ru.fake,Normy Johnston,Normy,Johnston,Odnoklassniki,(806) 4225600,,Texas,United States,79116,
235,gwilloughey6i235@drupal.org.fake,Giovanna Willoughey,Giovanna,Willoughey,Drupal,,Louisville,Kentucky,,,
236,cdurdy6j236@prlog.org.fake,Carri Durdy,Carri,Durdy,Prlog,,,Utah,,,
237,gdecker6k237@bizjournals.com.fake,Gherardo Decker,Gherardo,Decker,Bizjournals,(518) 8660411,,New York,United States,12325,
238,aputtan6l238@baidu.com.fake,Andrei Puttan,Andrei,Puttan,Baidu,,,Ohio,,,
239,rgarred6m239@hugedomains.com.fake,Raquel Garred,Raquel,Garred,Hugedomains,(520) 6457962,,Arizona,United States,85748,
240,cdaverin6n240@who.int.fake,Cleo Daverin,Cleo,Daverin,Who,,,,,,
241,ddudden6o241@oracle.com.fake,Doralyn Dudden,Doralyn,Dudden,Oracle,(763) 6653695,,Minnesota,United States,55428,
242,zcathcart6p242@hugedomains.com.fake,Zia Cathcart,Zia,Cathcart,Hugedomains,(325) 3638868,,Texas,United States,79699,
243,abuckell6q243@yolasite.com.fake,Ashla Buckell,Ashla,Buckell,Yolasite,,,,,,
244,pinfante6r244@fda.gov.fake,Patience Infante,Patience,Infante,Fda,,,California,,,
245,jcossell6s245@seattletimes.com.fake,Janka Cossell,Janka,Cossell,Seattletimes,,,Florida,,,
246,cpeplay6t246@fotki.com.fake,Corey Peplay,Corey,Peplay,Fotki,(713) 4242995,Houston,Texas,United States,77276,
247,mmclugish6u247@aboutads.info.fake,Maryellen McLugish,Maryellen,McLugish,Aboutads,,New Orleans,Louisiana,,,
248,cletchmore6v248@zdnet.com.fake,Cletus Letchmore,Cletus,Letchmore,Zdnet,,Topeka,Kansas,,,
249,wveljes6w249@fda.gov.fake,Waring Veljes,Waring,Veljes,Fda,(518) 7657606,,New York,United States,12262,
250,dpurkiss6x250@surveymonkey.com.fake,Debra Purkiss,Debra,Purkiss,Surveymonkey,(713) 7584457,,Texas,United States,77266,
251,aitzkovwitch6y251@columbia.edu.fake,Aguistin Itzkovwitch,Aguistin,Itzkovwitch,Columbia,,Shreveport,Louisiana,,,
252,kianne6z252@flickr.com.fake,Kathie Ianne,Kathie,Ianne,Flickr,(619) 4501852,,California,United States,92196,
253,lalchin70253@cisco.com.fake,Lorena Alchin,Lorena,Alchin,Cisco,,,Missouri,,,
254,njeger71254@nba.com.fake,Norene Jeger,Norene,Jeger,Nba,(434) 1126249,,Virginia,United States,22908,
255,gpearmine72255@phoca.cz.fake,Giusto Pearmine,Giusto,Pearmine,Phoca,,,California,,,
256,pgodwin73256@psu.edu.fake,Paxton Godwin,Paxton,Godwin,Psu,,Rochester,New York,,,
257,eklemke74257@wired.com.fake,Elwira Klemke,Elwira,Klemke,Wired,,El Paso,,,,
258,rpoplee75258@printfriendly.com.fake,Ranice Poplee,Ranice,Poplee,Printfriendly,,,Texas,,,
259,mshearmur76259@hud.gov.fake,Maurizio Shearmur,Maurizio,Shearmur,Hud,,,Virginia,,,
260,ksheerman77260@linkedin.com.fake,Kevin Sheerman,Kevin,Sheerman,Linkedin,,Gary,Indiana,,,
261,gells78261@cnbc.com.fake,Griffy Ells,Griffy,Ells,Cnbc,,Tucson,Arizona,,,
262,acovell79262@businessinsider.com.fake,Angelika Covell,Angelika,Covell,Businessinsider,,,Louisiana,,,
263,cyakob7a263@foxnews.com.fake,Cindi Yakob,Cindi,Yakob,Foxnews,,,Florida,,,
264,kgery7b264@paginegialle.it.fake,Kaleena Gery,Kaleena,Gery,Paginegialle,,,California,,,
265,ltreweek7c265@cbc.ca.fake,Legra Treweek,Legra,Treweek,Cbc,,,New York,,,
266,sjope7d266@bluehost.com.fake,Sylvan Jope,Sylvan,Jope,Bluehost,,,Minnesota,,,
267,rsimnel7e267@cbslocal.com.fake,Reggy Simnel,Reggy,Simnel,Cbslocal,,,Rhode Island,,,
268,rmahaddie7f268@dmoz.org.fake,Ron Mahaddie,Ron,Mahaddie,Dmoz,,Pittsburgh,Pennsylvania,,,
269,bmamwell7g269@sohu.com.fake,Bucky Mamwell,Bucky,Mamwell,Sohu,,,New York,,,
270,atinan7h270@addtoany.com.fake,Ashlie Tinan,Ashlie,Tinan,Addtoany,(480) 6373126,,Arizona,United States,85015,
271,lbambrick7i271@hao123.com.fake,Loy Bambrick,Loy,Bambrick,Hao123,(404) 6794409,,,United States,30306,
272,slambrook7j272@theatlantic.com.fake,Seymour Lambrook,Seymour,Lambrook,Theatlantic,,,California,,,
273,ycupitt7k273@netlog.com.fake,Yevette Cupitt,Yevette,Cupitt,Netlog,,,Texas,,,
274,dcornuau7l274@mapquest.com.fake,Daniel Cornuau,Daniel,Cornuau,Mapquest,,,Florida,,,
275,rwolffers7m275@si.edu.fake,Rina Wolffers,Rina,Wolffers,Si,(801) 1521162,,Utah,United States,84110,
276,wbrettor7n276@hostgator.com.fake,Winston Brettor,Winston,Brettor,Hostgator,,,Minnesota,,,
277,aflasby7o277@huffingtonpost.com.fake,Auroora Flasby,Auroora,Flasby,Huffingtonpost,,,Oklahoma,,,
278,ssowerby7p278@ovh.net.fake,Suellen Sowerby,Suellen,Sowerby,Ovh,,,Minnesota,,,
279,lreadman7q279@theguardian.com.fake,Linc Readman,Linc,Readman,Theguardian,(574) 9590351,South Bend,,United States,46620,
280,apescud7r280@ftc.gov.fake,Andreana Pescud,Andreana,Pescud,Ftc,,,Nevada,,,
281,fkitson7s281@4shared.com.fake,Freddi Kitson,Freddi,Kitson,4shared,,Omaha,Nebraska,,,
282,mlikely7t282@vk.com.fake,Maddy Likely,Maddy,Likely,Vk,(512) 9618706,,Texas,United States,78783,
283,jdanko7u283@last.fm.fake,Jade Danko,Jade,Danko,Last,,Birmingham,,,,
284,hchazette7v284@soup.io.fake,Howie Chazette,Howie,Chazette,Soup,(415) 7261714,,California,United States,94913,
285,wdeehan7w285@paginegialle.it.fake,Wilfrid Deehan,Wilfrid,Deehan,Paginegialle,(713) 2360344,Houston,Texas,United States,77281,
286,gwalls7x286@vkontakte.ru.fake,Gay Walls,Gay,Walls,Vkontakte,,,Texas,,,
287,ftoderbrugge7y287@cnbc.com.fake,Fredek Toderbrugge,Fredek,Toderbrugge,Cnbc,(408) 1487897,,California,United States,95118,
288,ibeldon7z288@spiegel.de.fake,Issi Beldon,Issi,Beldon,Spiegel,,Fort Wayne,Indiana,,,
289,xmadden80289@about.com.fake,Xenos Madden,Xenos,Madden,About,,,Montana,,,
290,ageorgeou81290@ox.ac.uk.fake,Ambrose Georgeou,Ambrose,Georgeou,Ox,(937) 1224109,,Ohio,United States,45505,
291,ieasterby82291@google.it.fake,Inger Easterby,Inger,Easterby,Google,,,,,,
292,csuddick83292@springer.com.fake,Cristen Suddick,Cristen,Suddick,Springer,,,Washington,,,
293,vmackintosh84293@gmpg.org.fake,Vassily MacKintosh,Vassily,MacKintosh,Gmpg,,,Florida,,,
294,mrosgen85294@buzzfeed.com.fake,Marius Rosgen,Marius,Rosgen,Buzzfeed,(858) 9019863,,,United States,92668,
295,lerrichi86295@uiuc.edu.fake,Levy Errichi,Levy,Errichi,Uiuc,,,Missouri,,,
296,tgain87296@geocities.com.fake,Tomaso Gain,Tomaso,Gain,Geocities,,,,,,
297,kbarta88297@ucla.edu.fake,Kiley Barta,Kiley,Barta,Ucla,(408) 7695829,,California,United States,95054,
298,sstailey89298@patch.com.fake,Spense Stailey,Spense,Stailey,Patch,(954) 5852700,,Florida,United States,33305,
299,otaplin8a299@slashdot.org.fake,Oswald Taplin,Oswald,Taplin,Slashdot,,,Illinois,,,
300,nchesterton8b300@usatoday.com.fake,Norine Chesterton,Norine,Chesterton,Usatoday,,,Texas,,,
301,bgeistbeck8c301@va.gov.fake,Blake Geistbeck,Blake,Geistbeck,Va,,,Texas,,,
302,bkesteven8d302@blogs.com.fake,Barrie Kesteven,Barrie,Kesteven,Blogs,,Houston,Texas,,,
303,kannear8e303@fastcompany.com.fake,Kimberley Annear,Kimberley,Annear,Fastcompany,,Springfield,Massachusetts,,,
304,omeriot8f304@canalblog.com.fake,Olag Meriot,Olag,Meriot,Canalblog,,,,,,
305,aleamon8g305@bbb.org.fake,Annabel Leamon,Annabel,Leamon,Bbb,,,Florida,,,
306,tkinnon8h306@mozilla.com.fake,Toddie Kinnon,Toddie,Kinnon,Mozilla,(815) 1165510,,,United States,60435,
307,gjouaneton8i307@ca.gov.fake,Gayla Jouaneton,Gayla,Jouaneton,Ca,,,California,,,
308,kmoland8j308@nytimes.com.fake,Kathryne Moland,Kathryne,Moland,Nytimes,,,,,,
309,cchmiel8k309@oaic.gov.au.fake,Charlean Chmiel,Charlean,Chmiel,Oaic,,,,,,
310,rvlasov8l310@utexas.edu.fake,Robyn Vlasov,Robyn,Vlasov,Utexas,(318) 7562900,,Louisiana,United States,71151,
311,ade8m311@marriott.com.fake,Alfredo De Angelo,Alfredo,De,Marriott,(704) 9961611,,,United States,28210,
312,vclericoates8n312@hao123.com.fake,Vail Clericoates,Vail,Clericoates,Hao123,,Lansing,Michigan,,,
313,fbonifant8o313@over-blog.com.fake,Fee Bonifant,Fee,Bonifant,Over-blog,,,Wisconsin,,,
314,xwhitechurch8p314@parallels.com.fake,Xaviera Whitechurch,Xaviera,Whitechurch,Parallels,,Grand Rapids,Michigan,,,
315,flatehouse8q315@upenn.edu.fake,Freeland Latehouse,Freeland,Latehouse,Upenn,(941) 7887195,,Florida,United States,34205,
316,hmarmon8r316@typepad.com.fake,Happy Marmon,Happy,Marmon,Typepad,(508) 6024474,Brockton,Massachusetts,United States,02405,
317,zbaly8s317@ucsd.edu.fake,Zaccaria Baly,Zaccaria,Baly,Ucsd,(210) 6202067,,Texas,United States,78220,
318,mforman8t318@europa.eu.fake,Madelena Forman,Madelena,Forman,Europa,(626) 2336769,,California,United States,91125,
319,gdisney8u319@sun.com.fake,Gabi Disney,Gabi,Disney,Sun,,,New York,,,
320,dbaselli8v320@hostgator.com.fake,Doreen Baselli,Doreen,Baselli,Hostgator,(213) 2722032,Los Angeles,California,United States,90035,
321,abruty8w321@booking.com.fake,Alexis Bruty,Alexis,Bruty,Booking,(860) 3215130,,Connecticut,United States,06183,
322,cburree8x322@jugem.jp.fake,Carling Burree,Carling,Burree,Jugem,(509) 6026731,,,United States,99210,
323,ggarard8y323@ask.com.fake,Gilbert Garard,Gilbert,Garard,Ask,,,Nebraska,,,
324,udefries8z324@people.com.cn.fake,Udall Defries,Udall,Defries,People,(605) 5358009,Sioux Falls,,United States,57105,
325,bbattany90325@google.ca.fake,Byron Battany,Byron,Battany,Google,,,California,,,
326,bguillain91326@cdbaby.com.fake,Barnaby Guillain,Barnaby,Guillain,Cdbaby,(719) 3906783,,Colorado,United States,80995,
327,geads92327@163.com.fake,Gardiner Eads,Gardiner,Eads,163,,,Ohio,,,
328,bcommusso93328@cafepress.com.fake,Brenda Commusso,Brenda,Commusso,Cafepress,,Mobile,Alabama,,,
329,agerhold94329@cbsnews.com.fake,Adan Gerhold,Adan,Gerhold,Cbsnews,(515) 9304238,,Iowa,United States,50393,
330,cpeggs95330@engadget.com.fake,Crawford Peggs,Crawford,Peggs,Engadget,,,Wisconsin,,,
331,dwebb96331@nationalgeographic.com.fake,Dion Webb,Dion,Webb,Nationalgeographic,,,Utah,,,
332,womoylane97332@oaic.gov.au.fake,Willie O'Moylane,Willie,O'Moylane,Oaic,(810) 3169898,,Michigan,United States,48550,
333,abonifant98333@i2i.jp.fake,Ada Bonifant,Ada,Bonifant,I2i,,,,,,
334,kaindrais99334@chicagotribune.com.fake,Kippy Aindrais,Kippy,Aindrais,Chicagotribune,,,,,,
335,esoper9a335@tuttocitta.it.fake,Emmalee Soper,Emmalee,Soper,Tuttocitta,(571) 4898914,,Virginia,United States,22333,
336,vcross9b336@timesonline.co.uk.fake,Valene Cross,Valene,Cross,Timesonline,(360) 4928138,,,United States,98158,
337,cdanzey9c337@fc2.com.fake,Cathyleen Danzey,Cathyleen,Danzey,Fc2,,Washington,District of Columbia,,,
338,acant9d338@nih.gov.fake,Alphonso Cant,Alphonso,Cant,Nih,,,Louisiana,,,
339,caxworthy9e339@trellian.com.fake,Conn Axworthy,Conn,Axworthy,Trellian,(859) 7934487,Lexington,Kentucky,United States,40515,
340,ojelkes9f340@cdbaby.com.fake,Obidiah Jelkes,Obidiah,Jelkes,Cdbaby,,,,,,
341,khancell9g341@istockphoto.com.fake,Kaila Hancell,Kaila,Hancell,Istockphoto,,,Illinois,,,
342,upeterson9h342@reverbnation.com.fake,Ursulina Peterson,Ursulina,Peterson,Reverbnation,(401) 2772231,Providence,Rhode Island,United States,02912,
343,arhyme9i343@toplist.cz.fake,Aveline Rhyme,Aveline,Rhyme,Toplist,,,Washington,,,
344,blonnon9j344@netscape.com.fake,Burr Lonnon,Burr,Lonnon,Netscape,(717) 3111273,,Pennsylvania,United States,17622,
345,trosle9k345@webs.com.fake,Tonye Rosle,Tonye,Rosle,Webs,,,New Mexico,,,
346,ltonkinson9l346@aol.com.fake,Lalo Tonkinson,Lalo,Tonkinson,Aol,,,Massachusetts,,,
347,kseton9m347@wufoo.com.fake,Keene Seton,Keene,Seton,Wufoo,,Torrance,California,,,
348,mjenicke9n348@discuz.net.fake,Mariel Jenicke,Mariel,Jenicke,Discuz,,,New York,,,
349,bkitchen9o349@storify.com.fake,Brittany Kitchen,Brittany,Kitchen,Storify,,,Michigan,,,
350,cridewood9p350@unblog.fr.fake,Clair Ridewood,Clair,Ridewood,Unblog,(314) 2693499,,Missouri,United States,63110,
351,locarran9q351@google.ru.fake,Loralie O'Carran,Loralie,O'Carran,Google,,,,,,
352,nstiven9r352@github.io.fake,Noell Stiven,Noell,Stiven,Github,,,,,,
353,nphair9s353@guardian.co.uk.fake,Nessa Phair,Nessa,Phair,Guardian,(203) 6229320,,Connecticut,United States,06673,
354,rhendriksen9t354@wp.com.fake,Ronnie Hendriksen,Ronnie,Hendriksen,Wp,,,Texas,,,
355,bgrose9u355@phoca.cz.fake,Brear Grose,Brear,Grose,Phoca,(717) 1167164,,Pennsylvania,United States,17110,
356,gdurnian9v356@mashable.com.fake,Grady Durnian,Grady,Durnian,Mashable,,,Minnesota,,,
357,agallahue9w357@google.com.br.fake,Andria Gallahue,Andria,Gallahue,Google,,,,,,
358,astutt9x358@state.gov.fake,Arleen Stutt,Arleen,Stutt,State,(832) 3485319,,Texas,United States,77493,
359,cpaoletti9y359@goo.gl.fake,Clarine Paoletti,Clarine,Paoletti,Goo,,,Nevada,,,
360,ddowry9z360@networkadvertising.org.fake,Dolph Dowry,Dolph,Dowry,Networkadvertising,,,Minnesota,,,
361,bqusklaya0361@ft.com.fake,Byron Qusklay,Byron,Qusklay,Ft,,,District of Columbia,,,
362,jgoggana1362@tiny.cc.fake,Jerrome Goggan,Jerrome,Goggan,Tiny,(951) 6370965,San Bernardino,California,United States,92410,
363,afessionsa2363@webs.com.fake,Aloysia Fessions,Aloysia,Fessions,Webs,,,Texas,,,
364,abradshawa3364@goo.gl.fake,Avrom Bradshaw,Avrom,Bradshaw,Goo,(212) 6995083,,New York,United States,10203,
365,ljellimana4365@blogs.com.fake,Lucian Jelliman,Lucian,Jelliman,Blogs,,,Tennessee,,,
366,nkingzetta5366@yolasite.com.fake,Normand Kingzett,Normand,Kingzett,Yolasite,,Norcross,,,,
367,blavricka6367@miibeian.gov.cn.fake,Bartel Lavrick,Bartel,Lavrick,Miibeian,,,New York,,,
368,speekea7368@istockphoto.com.fake,Shayna Peeke,Shayna,Peeke,Istockphoto,(716) 8835114,,New York,United States,14220,
369,dvaara8369@fotki.com.fake,Deborah Vaar,Deborah,Vaar,Fotki,,,Florida,,,
370,rcrosettoa9370@youtube.com.fake,Ree Crosetto,Ree,Crosetto,Youtube,,Philadelphia,Pennsylvania,,,
371,oswinglehurstaa371@wix.com.fake,Odelia Swinglehurst,Odelia,Swinglehurst,Wix,,,New York,,,
372,sshawyersab372@oakley.com.fake,Shanda Shawyers,Shanda,Shawyers,Oakley,(256) 4705314,,,United States,36205,
373,zstokeac373@tmall.com.fake,Zahara Stoke,Zahara,Stoke,Tmall,(502) 1263410,,Kentucky,United States,40210,
374,acavanad374@joomla.org.fake,Archaimbaud Cavan,Archaimbaud,Cavan,Joomla,(619) 3207747,,California,United States,92105,
375,lraceae375@timesonline.co.uk.fake,Lannie Race,Lannie,Race,Timesonline,,,District of Columbia,,,
376,rmacconnellaf376@wikipedia.org.fake,Remington MacConnell,Remington,MacConnell,Wikipedia,,,Ohio,,,
377,ikrzysztofiakag377@free.fr.fake,Iseabal Krzysztofiak,Iseabal,Krzysztofiak,Free,,Cincinnati,Ohio,,,
378,sdjurkovicah378@ucoz.ru.fake,Sabina Djurkovic,Sabina,Djurkovic,Ucoz,,Los Angeles,California,,,
379,livanetsai379@go.com.fake,Leonerd Ivanets,Leonerd,Ivanets,Go,(865) 4314089,,Tennessee,United States,37995,
380,dheywardaj380@clickbank.net.fake,Devinne Heyward,Devinne,Heyward,Clickbank,,,Tennessee,,,
381,kmillwaterak381@mit.edu.fake,Kellby Millwater,Kellby,Millwater,Mit,,Cedar Rapids,Iowa,,,
382,strewhittal382@blogger.com.fake,Sherwynd Trewhitt,Sherwynd,Trewhitt,Blogger,,,,,,
383,malmondam383@ovh.net.fake,Mel Almond,Mel,Almond,Ovh,,,Florida,,,
384,chambeltonan384@tmall.com.fake,Calypso Hambelton,Calypso,Hambelton,Tmall,,,District of Columbia,,,
385,mfearnillao385@mozilla.org.fake,Meg Fearnill,Meg,Fearnill,Mozilla,,Yakima,Washington,,,
386,rfrodsamap386@nbcnews.com.fake,Reginauld Frodsam,Reginauld,Frodsam,Nbcnews,,Richmond,Virginia,,,
387,jgivensaq387@t-online.de.fake,Jourdan Givens,Jourdan,Givens,T-online,,,,,,
388,aeastcottar388@vinaora.com.fake,Augusto Eastcott,Augusto,Eastcott,Vinaora,,,Virginia,,,
389,ddaudrayas389@buzzfeed.com.fake,Domenico Daudray,Domenico,Daudray,Buzzfeed,,Kansas City,Missouri,,,
390,gcampelliat390@canalblog.com.fake,Grantham Campelli,Grantham,Campelli,Canalblog,(734) 8068965,Dearborn,,United States,48126,
391,cseagoodau391@vkontakte.ru.fake,Cammi Seagood,Cammi,Seagood,Vkontakte,,Miami,,,,
392,dcoombsav392@storify.com.fake,Darryl Coombs,Darryl,Coombs,Storify,,,Arizona,,,
393,tnorgateaw393@behance.net.fake,Ty Norgate,Ty,Norgate,Behance,,,Minnesota,,,
394,dfuttyax394@over-blog.com.fake,Dud Futty,Dud,Futty,Over-blog,(970) 8985225,,Colorado,United States,80638,
395,lneillay395@vk.com.fake,Leandra Neill,Leandra,Neill,Vk,(310) 5655381,,California,United States,90405,
396,lwalshawaz396@squidoo.com.fake,Lisetta Walshaw,Lisetta,Walshaw,Squidoo,(813) 9240132,,Florida,United States,33610,
397,wdurganb0397@telegraph.co.uk.fake,Warren Durgan,Warren,Durgan,Telegraph,(508) 5818295,,,United States,01605,
398,dclappisonb1398@sciencedaily.com.fake,Dotty Clappison,Dotty,Clappison,Sciencedaily,(334) 1947481,,Alabama,United States,36114,
399,jmcsporonb2399@slashdot.org.fake,Junina McSporon,Junina,McSporon,Slashdot,,,California,,,
400,fvinaub3400@xrea.com.fake,Flem Vinau,Flem,Vinau,Xrea,,,Arizona,,,
401,djeanequinb4401@nationalgeographic.com.fake,Dag Jeanequin,Dag,Jeanequin,Nationalgeographic,,,Kentucky,,,
402,meccleshallb5402@nps.gov.fake,Marion Eccleshall,Marion,Eccleshall,Nps,,Albuquerque,New Mexico,,,
403,kdibbsb6403@cpanel.net.fake,Karon Dibbs,Karon,Dibbs,Cpanel,(563) 5241143,Davenport,,United States,52809,
404,pchitteyb7404@sbwire.com.fake,Prince Chittey,Prince,Chittey,Sbwire,(513) 9519502,,,United States,45218,
405,edeakesb8405@mysql.com.fake,Electra Deakes,Electra,Deakes,Mysql,,,,,,
406,acuerdallb9406@ycombinator.com.fake,Amabelle Cuerdall,Amabelle,Cuerdall,Ycombinator,,,,,,
407,cgoalbyba407@nasa.gov.fake,Cherice Goalby,Cherice,Goalby,Nasa,,,California,,,
408,lburrbb408@multiply.com.fake,Larina Burr,Larina,Burr,Multiply,(804) 2378423,,Virginia,United States,23220,
409,jboatbc409@newyorker.com.fake,Jean Boat,Jean,Boat,Newyorker,,Charlotte,North Carolina,,,
410,nglynebd410@dion.ne.jp.fake,Nell Glyne,Nell,Glyne,Dion,,,,,,
411,passelbe411@vkontakte.ru.fake,Phebe Assel,Phebe,Assel,Vkontakte,(612) 4093255,,Minnesota,United States,55487,
412,rnadenbf412@amazon.co.uk.fake,Robena Naden,Robena,Naden,Amazon,(319) 7302332,,Iowa,United States,50706,
413,lbesemerbg413@blogs.com.fake,Linn Besemer,Linn,Besemer,Blogs,,,,,,
414,ahamblingtonbh414@com.com.fake,Antonia Hamblington,Antonia,Hamblington,Com,(208) 1268426,,Idaho,United States,83711,
415,florenzettobi415@4shared.com.fake,Florry Lorenzetto,Florry,Lorenzetto,4shared,,Washington,District of Columbia,,,
416,nkienleinbj416@thetimes.co.uk.fake,Norry Kienlein,Norry,Kienlein,Thetimes,(318) 3405623,,Massachusetts,United States,02104,
417,bconquerbk417@thetimes.co.uk.fake,Barbey Conquer,Barbey,Conquer,Thetimes,,San Jose,California,,,
418,ischermebl418@paypal.com.fake,Ingaberg Scherme,Ingaberg,Scherme,Paypal,(202) 9544433,Washington,District of Columbia,United States,20268,
419,jdugoodbm419@flavors.me.fake,Jonas Dugood,Jonas,Dugood,Flavors,,,Florida,,,
420,mcorhardbn420@theguardian.com.fake,Mikel Corhard,Mikel,Corhard,Theguardian,(404) 3787575,,,United States,30301,
421,cwraggsbo421@wp.com.fake,Cherlyn Wraggs,Cherlyn,Wraggs,Wp,,Bronx,New York,,,
422,aballendinebp422@baidu.com.fake,Artair Ballendine,Artair,Ballendine,Baidu,,,Nebraska,,,
423,ssuggbq423@nature.com.fake,Selie Sugg,Selie,Sugg,Nature,,Detroit,Michigan,,,
424,hmitchenerbr424@upenn.edu.fake,Hortensia Mitchener,Hortensia,Mitchener,Upenn,,,Arizona,,,
425,oelintunebs425@alexa.com.fake,Orel Elintune,Orel,Elintune,Alexa,,,Minnesota,,,
426,mcallejabt426@ed.gov.fake,Morry Calleja,Morry,Calleja,Ed,,,California,,,
427,hcastanhobu427@who.int.fake,Haskel Castanho,Haskel,Castanho,Who,,San Bernardino,California,,,
428,wmacguffogbv428@cisco.com.fake,Willard MacGuffog,Willard,MacGuffog,Cisco,,,Minnesota,,,
429,aphilbrookbw429@livejournal.com.fake,Allie Philbrook,Allie,Philbrook,Livejournal,(918) 6851818,,Oklahoma,United States,74149,
430,bshacklebx430@unicef.org.fake,Bobinette Shackle,Bobinette,Shackle,Unicef,,,Alabama,,,
431,owakenshawby431@wikimedia.org.fake,Olympe Wakenshaw,Olympe,Wakenshaw,Wikimedia,,,California,,,
432,jyakolevbz432@nytimes.com.fake,Jessamyn Yakolev,Jessamyn,Yakolev,Nytimes,,,Pennsylvania,,,
433,meynaldc0433@behance.net.fake,Maurice Eynald,Maurice,Eynald,Behance,,,California,,,
434,hburdonc1434@vimeo.com.fake,Harriett Burdon,Harriett,Burdon,Vimeo,,,New York,,,
435,hharnellc2435@intel.com.fake,Haroun Harnell,Haroun,Harnell,Intel,,,,,,
436,rgliddonc3436@spotify.com.fake,Roland Gliddon,Roland,Gliddon,Spotify,(706) 2434275,,,United States,30605,
437,nhessentalerc4437@com.com.fake,Natty Hessentaler,Natty,Hessentaler,Com,,Wilmington,Delaware,,,
438,echeersc5438@sohu.com.fake,Ellene Cheers,Ellene,Cheers,Sohu,,Charlotte,North Carolina,,,
439,fbickerstaffc6439@scribd.com.fake,Fabio Bickerstaff,Fabio,Bickerstaff,Scribd,,,Washington,,,
440,norwellc7440@army.mil.fake,Niall Orwell,Niall,Orwell,Army,,,,,,
441,mchingec8441@arizona.edu.fake,Martha Chinge,Martha,Chinge,Arizona,,,Florida,,,
442,cissittc9442@gizmodo.com.fake,Cassie Issitt,Cassie,Issitt,Gizmodo,,Mobile,Alabama,,,
443,ktoraldca443@china.com.cn.fake,Kinna Torald,Kinna,Torald,China,,,Illinois,,,
444,tbussencb444@wunderground.com.fake,Teddie Bussen,Teddie,Bussen,Wunderground,,,New York,,,
445,rcalveycc445@theguardian.com.fake,Regen Calvey,Regen,Calvey,Theguardian,(518) 5129863,,New York,United States,12305,
446,nvitallcd446@msu.edu.fake,Nilson Vitall,Nilson,Vitall,Msu,(804) 8458043,,Virginia,United States,23203,
447,bmeneerce447@hugedomains.com.fake,Boyd Meneer,Boyd,Meneer,Hugedomains,,,Florida,,,
448,bdomnickcf448@usa.gov.fake,Bridie Domnick,Bridie,Domnick,Usa,,Arlington,Texas,,,
449,bkuhnelcg449@ebay.com.fake,Bern Kuhnel,Bern,Kuhnel,Ebay,,,Florida,,,
450,aawcoatech450@livejournal.com.fake,Aland Awcoate,Aland,Awcoate,Livejournal,,,Connecticut,,,
451,dcolombierci451@topsy.com.fake,Dotti Colombier,Dotti,Colombier,Topsy,,,Hawaii,,,
452,ademaidcj452@wix.com.fake,Averill Demaid,Averill,Demaid,Wix,,,Tennessee,,,
453,sbreewoodck453@columbia.edu.fake,Sutherland Breewood,Sutherland,Breewood,Columbia,,,Tennessee,,,
454,ksinyardcl454@ow.ly.fake,Kris Sinyard,Kris,Sinyard,Ow,(330) 8858542,,Ohio,United States,44710,
455,mredholescm455@quantcast.com.fake,Maryjane Redholes,Maryjane,Redholes,Quantcast,(954) 9500892,,Florida,United States,33305,
456,stynecn456@blinklist.com.fake,Saloma Tyne,Saloma,Tyne,Blinklist,,,,,,
457,bcotterrillco457@cafepress.com.fake,Bunny Cotterrill,Bunny,Cotterrill,Cafepress,,Alexandria,Louisiana,,,
458,skivlincp458@mozilla.org.fake,Shermie Kivlin,Shermie,Kivlin,Mozilla,,San Francisco,,,,
459,kyewmancq459@prweb.com.fake,Kakalina Yewman,Kakalina,Yewman,Prweb,(713) 5515189,,Texas,United States,77288,
460,msnapecr460@ucla.edu.fake,Manny Snape,Manny,Snape,Ucla,,,California,,,
461,jblannincs461@tmall.com.fake,Jaimie Blannin,Jaimie,Blannin,Tmall,(202) 5461083,Washington,District of Columbia,United States,20022,
462,obysouthct462@shareasale.com.fake,Ora Bysouth,Ora,Bysouth,Shareasale,(318) 9380114,Shreveport,Louisiana,United States,71161,
463,cduerdincu463@disqus.com.fake,Cart Duerdin,Cart,Duerdin,Disqus,(515) 6493711,,,United States,50369,
464,hrandlescv464@howstuffworks.com.fake,Herta Randles,Herta,Randles,Howstuffworks,,,Texas,,,
465,aprettycw465@printfriendly.com.fake,Arty Pretty,Arty,Pretty,Printfriendly,,Louisville,,,,
466,sewbankcx466@naver.com.fake,Sim Ewbank,Sim,Ewbank,Naver,,El Paso,Texas,,,
467,jfiveashcy467@macromedia.com.fake,Jonas Fiveash,Jonas,Fiveash,Macromedia,,,New Mexico,,,
468,rhagstoncz468@ocn.ne.jp.fake,Ruth Hagston,Ruth,Hagston,Ocn,,,Arizona,,,
469,kdud0469@latimes.com.fake,Kimmy Du Barry,Kimmy,Du,Latimes,,,,,,
470,adeningtond1470@samsung.com.fake,Antonietta Denington,Antonietta,Denington,Samsung,,,Florida,,,
471,cbrearleyd2471@mayoclinic.com.fake,Cathryn Brearley,Cathryn,Brearley,Mayoclinic,(816) 6842735,Kansas City,Missouri,United States,64130,
472,zmachosted3472@delicious.com.fake,Zulema MacHoste,Zulema,MacHoste,Delicious,,,District of Columbia,,,
473,dscreasd4473@si.edu.fake,Dede Screas,Dede,Screas,Si,,,Ohio,,,
474,flammimand5474@google.com.fake,Felicio Lammiman,Felicio,Lammiman,Google,,,Texas,,,
475,lcoltherdd6475@ycombinator.com.fake,Lulu Coltherd,Lulu,Coltherd,Ycombinator,,Temple,,,,
476,esloamd7476@tamu.edu.fake,Elvyn Sloam,Elvyn,Sloam,Tamu,(701) 2040261,,North Dakota,United States,58122,
477,clewerenzd8477@google.com.hk.fake,Celestyna Lewerenz,Celestyna,Lewerenz,Google,(951) 9009403,,California,United States,92513,
478,rpinkd9478@oracle.com.fake,Rudolfo Pink,Rudolfo,Pink,Oracle,,,,,,
479,scrippillda479@bizjournals.com.fake,Sascha Crippill,Sascha,Crippill,Bizjournals,,Pittsburgh,Pennsylvania,,,
480,rbraunedb480@army.mil.fake,Rubina Braune,Rubina,Braune,Army,,Baltimore,Maryland,,,
481,cmccraydc481@cloudflare.com.fake,Cleve McCray,Cleve,McCray,Cloudflare,,,Massachusetts,,,
482,aboristondd482@xing.com.fake,Ad Boriston,Ad,Boriston,Xing,(419) 5492553,,Ohio,United States,44905,
483,gmorlingde483@wiley.com.fake,Guido Morling,Guido,Morling,Wiley,,,,,,
484,ksandersondf484@state.tx.us.fake,Karalee Sanderson,Karalee,Sanderson,State,(513) 3656289,,Ohio,United States,45249,
485,epennycockdg485@cnbc.com.fake,Essie Pennycock,Essie,Pennycock,Cnbc,,,,,,
486,agiacomidh486@ucoz.ru.fake,Aldrich Giacomi,Aldrich,Giacomi,Ucoz,,Cumming,Georgia,,,
487,njerransdi487@jigsy.com.fake,Nikki Jerrans,Nikki,Jerrans,Jigsy,,Tampa,Florida,,,
488,eoffenerdj488@youtu.be.fake,Elset Offener,Elset,Offener,Youtu,,,California,,,
489,mtuppenydk489@alexa.com.fake,Mario Tuppeny,Mario,Tuppeny,Alexa,,Washington,,,,
490,gbeardshalldl490@miitbeian.gov.cn.fake,Gordie Beardshall,Gordie,Beardshall,Miitbeian,(203) 5354150,,Connecticut,United States,06673,
491,ashieldsdm491@google.co.jp.fake,Abe Shields,Abe,Shields,Google,,,Texas,,,
492,hhannigandn492@google.fr.fake,Hugh Hannigan,Hugh,Hannigan,Google,,,,,,
493,icattondo493@nasa.gov.fake,Illa Catton,Illa,Catton,Nasa,,,,,,
494,cbaumanndp494@taobao.com.fake,Charin Baumann,Charin,Baumann,Taobao,(202) 5780414,,District of Columbia,United States,20010,
495,bcottesforddq495@npr.org.fake,Broddie Cottesford,Broddie,Cottesford,Npr,,,Texas,,,
496,zsafelldr496@ucsd.edu.fake,Zerk Safell,Zerk,Safell,Ucsd,,,Connecticut,,,
497,cdinnegesds497@linkedin.com.fake,Cacilia Dinneges,Cacilia,Dinneges,Linkedin,(202) 9538524,,District of Columbia,United States,20205,
498,jowlnerdt498@newsvine.com.fake,Joann Owlner,Joann,Owlner,Newsvine,,Saint Paul,Minnesota,,,
499,hbaudinetdu499@qq.com.fake,Hamlen Baudinet,Hamlen,Baudinet,Qq,,Helena,Montana,,,
500,sgillamdv500@ebay.co.uk.fake,Sherill Gillam,Sherill,Gillam,Ebay,(952) 5431056,Young America,Minnesota,United States,55564,
