4268621971
4268528363
4268423245
4268497119
4268485753
4268066994
4268627550
4268526613
4268345877
4268497310
4268421397
4268458228
4268420930
4268331212
4268064820
4268593745
4268637687
4268344007
4268324682
4268425271
4268337304
6733721740
4268318221
4268286006
4268526999
4268626002
4268325036
4268065584
4268321608
4268340550
2494268529
4268333499
6733747641
4268338643
4517318023
2494602719
4268339293
6711320201
6531366521
4516277228
3358538587
4268332923
4268625730
3362042451
4268449857
4268634164
4268477959
4268633580
4268466212
4268406804
4268432492
4268633597
4268041132
4268524045
4268594801
4268428502
7234010485
4268316581
6733721257
4268527821
4268425236
4268065083
4268323473
3926854048
3033706809
4268506761
4268525865
4268449025
4268628144
4268338264
4268485476
4516262718
4268527880
4268591196
4268624968
4268478213
4268640117
6746329146
4268422836
4268431571
4268315563
4268477881
4268321758
4268626779
4290766887
4268528515
4290480873
4290773658
4287385933
4268526756
4290442893
4268478039
3033706702
4268458600
4290711254
4268432308
4287385680
4516297414
4268427309
4268503524
4268637569
4268626055
4268424196
3052992485
3926907337
4268410130
4268421605
2830089539
4268466334
3927389777
4268504194
3033689456
4268467029
6733687951
3033706406
4268530510
4268456250
4268330574
4268284773
4268526455
4268064509
4268338122
4268525336
4268346597
2626642257
4268496950
4268478788
3358385026
3358404512
4268410423
2394927980
4268022650
4268410427
4268322284
4268422077
4268340854
4268593835
4268406892
4268286231
4268423838
4268465354
4268317947
4268322986
4268346940
4268427275
4268336241
3428950582
4268479735
4268504404
4268285176
4268317682
4268405985
4268594783
4268332656
4268479272
2830070565
4268317285
4268406812
4268426598
4268528853
4268316674
4268499134
4268420965
4268315846
4268524873
4268498604
4268346523
4268406686
4268331562
4268284289
4268520044
4268494769
4268343200
4268523121
4268507631
4268523249
4268411432
4268340227
4268286714
4268339056
4268450560
4268425548
4268497425
4268523207
4268411116
4268319985
4268592147
4268505979
4268621441
4268526062
3428950920
4268478621
3033386978
4268594708
4268465250
4268430875
4268422241
4268506688
4268345125
4268480298
4268422784
4268041775
4268322740
4268406746
4268456778
4268321619
4268663177
4268407518
4268325003
4268523250
4268504091
4268507565
4268526460
4268624728
4268485399
4268519178
4268410293
4268338503
4268495795
4268527588
6733791010
4268499535
4268524047
4268499223
4268486694
4268466893
4268066053
4268409194
4268478951
4268494951
6733622795
4268498747
4268598441
4268466474
4268530715
4268621539
4268329995
4268507289
4268362803
6733815964
4268478566
4268523063
4268321701
4268519173
4268332374
4268340224
4268318826
4268450929
4268494319
4268496356
3005263419
4268591215
4268406034
4268431745
4268339081
6531330118
6531313563
4268519900
4268495345
4268499279
4268343570
4268337410
4268318341
3358883241
2494571856
4268065424
4268484767
4268424150
4268479188
4268634212
4268633237
4268506004
4268315362
4268065199
4268637941
4268524539
4268627097
4268593454
4268595803
4268421178
4268460599
4268457938
3428946908
3033671388
4268336067
4268023413
4268627362
4287379521
3399389225
4268520111
4268344574
4268341421
4268426361
4268345417
2281942732
3399762965
3358702615
4268460144
4268321120
4268340563
4268638442
4268322469
4268460843
4268457779
4268528396
6733661112
6798305400
4268596411
4268459035
3399379021
4268529701
4268641207
4268620621
4268526585
4268485145
4268478200
4268520033
4268334486
4268344799
4268593885
4268485793
4268484042
4268319411
4268285515
4268633685
4268424124
4268450086
4268339594
2627456385
4268317045
4268423986
4268655165
4268465898
6797658198
4268621989
4268638411
4268461469
4268331153
4268408112
4268484861
4268423217
4268499250
4268345110
4268041909
2830580125
4268425543
4268459458
4268422179
2829627531
4268506150
4268456299
4268461282
3926968519
4268325010
4268040985
4268345822
4268065830
4268621976
4268321834
4268634130
4268495952
4268424695
4287385969
4268457368
4268494367
4268319610
4268420450
4268410994
4268593565
2830080816
2494580075
4268465056
4268428613
4268344877
4268322707
4268464563
4268456992
4268329889
4268330616
4268478090
4268331092
4268459697
4268064902
4268424582
4268494757
4268593129
4268319184
4268520222
6798304811
4268628166
4268450864
4268424905
4268450672
4287385851
4268329980
4268425593
4287473908
4268519245
4268421238
4268449478
6733593689
3399356860
4268424464
4268528284
4268429924
4268624719
4268335400
4268431048
4268432026
4268316464
4268337844
3358883214
4268422906
4268338262
4268504374
4268424120
4268405968
4268495727
4268337731
3927401278
6733621828
4268519638
4268523751
4268285808
4268334138
4268643129
4268427617
4268337297
4268428031
4268407902
4268479785
5103764226
4268405998
4268321496
4290454867
4268503201
4268324006
4268336225
4268494685
4268486894
6733525818
4268495420
4268458788
4268523159
4268408569
4268620212
4268317114
4268340886
4268456111
4268425285
4268023802
3399367621
4268285106
4268519904
4268344230
4268286109
3428939137
6798381366
6798382138
4268320147
2627453030
4268319504
4290548964
3032927668
4290711137
4268064171
4268427798
4268408501
3399356824
4268485378
4268505064
4290538309
3399379189
4268523904
4268316210
3428935133
4268323586
4519799458
4268065112
4268321358
4268336582
4268594296
4268524549
4268324801
3399356876
4268315382
3034212096
4268023082
4268285273
3033374757
4268321361
3033706729
4268284818
4268458650
4268464685
6797572661
4268425932
4268406821
4268332974
4268330850
4268620819
4268064992
4268426625
4267984659
4290638570
4268494950
3399356883
4268344706
4268343235
4268340555
4268457350
4268495394
4287429663
4268422801
4268448842
4268496117
4268663817
4268519473
4268466652
4268457837
4268591701
4267147327
4268338566
4268421641
4268530400
4268345940
4268406519
4268449024
4268592889
4268524630
4268423834
4268591324
4268467008
4268624527
4268286349
4268498677
4268641243
4268495764
4268465463
4268526589
4268421924
4268286087
4287446494
4268322446
4268411070
4268593520
4268318077
4268341450
4268345478
3034211938
4268505975
4268424180
6733789778
4268323520
4268524187
4268401846
4268486387
4268407248
4268337898
4268466082
4268478294
4268523342
4290696659
4268023637
4268432271
4287473623
4268504265
4268341769
2494588107
4268325063
4268345726
6711314338
4268595313
4290442781
4268525466
3399194268
4268408035
4268321668
4268521010
6797639240
4268331853
4268677427
3399759362
4268410468
2830089536
4268624539
4268410980
4268329469
4268285833
3399346984
4268519723
4268284631
4268484222
4268343617
4268023370
4268420995
4268594467
6733688378
3399389203
4268505459
4268315933
4268518941
4268664118
4268421833
4268346389
4287463439
4268459309
4268494969
4268424289
4268410117
3428921490
4268642999
4268040896
3428946943
4268449902
4268527763
4268323205
4268425880
4268448800
4268503373
4268427239
4268342533
4268330302
4268465235
4268424337
4268424127
4268341509
3428943184
4290476286
4268505413
4268496908
4268457625
4268339552
4268623368
4268622161
4268627854
3399379172
4268423442
4268507322
4268466460
4268457769
4268346998
4268285929
4268456138
4268486749
4268478898
2829949973
4268507759
4268620761
3033689195
4268323912
4268467058
4268336622
4268449488
4268428047
3358513702
4268478613
4268343776
4268638049
4268525712
4268334628
4268453212
4268346758
4268064129
4268345005
4268461255
4268620103
4268593234
4268477577
4268486304
4268286451
4268479380
4268625024
4268450910
4268286284
4268022862
4268286436
4268460938
4268064852
3362034331
4268458374
4268407293
6798389127
4268504525
4268525639
2829627602
4268528863
4268333021
4268596768
4268341645
4287385908
3033374748
4268426615
4268459505
4268341065
4268485662
4268335433
4268430603
3428943186
4268340441
2494253081
4268429985
4268431337
4268459349
4268525266
3032927485
4268495058
4268346819
4290498084
4268341072
4268333838
4268457883
4268321600
6655441687
4268340731
3927437735
5721420346
4268496739
3927416631
3399367595
4268346164
4268330241
3399389313
4268332822
4268410900
4268316628
4268484248
4268023899
4268643336
4268340892
2494588851
4268322307
4290696713
3033671405
4268448980
4287473712
4268640094
4268330942
4268596272
4268324694
4405554770
4268466508
4268345892
4268340982
4268041572
4268332576
4268424453
4268467318
4268066024
4268331977
7214130711
4268622094
4268456499
3399367562
4268423678
4268625802
3034211986
4268022884
4268406493
3399311889
6733622895
4268485110
4268457839
4268461162
4268341995
4268593333
3032927412
4268317713
4268466874
4268494334
4268596181
4268485500
4268332536
4268526213
4268342378
4287446426
4268066640
4268448711
4268450457
4268321238
3399378997
4268450060
6134406316
4268643643
4268621221
4268407231
4268620490
4268065757
4287379562
4268345307
4268342161
4268524272
4268457690
4268486036
4287404860
4268458761
4268529780
4267984682
4268424489
4268346035
4268592158
4268338750
4268627566
3033717817
4268430112
4268594841
6733307913
4268624493
4268467036
3428930032
4268331632
4268338083
4268432505
4268529817
4268620268
4268333695
4268595780
4268484913
4268466820
4268633013
4268505610
4268496288
3358517923
4268431368
4268495432
4268341617
3399356869
4268335099
4268335938
4268430566
4268317058
4268621438
2494267819
4268507305
4268448619
3926704461
4268530008
4268343821
4268335255
4268628770
4268477660
4268526167
4268498883
3034211548
4268478340
4268466035
4268066225
4268522148
4268529341
4268626160
4268283852
4268425755
4268484136
4268506233
4268408470
4268406999
3033706498
4268331867
4268319295
4268520898
4268485714
4268633680
4268591704
3428929580
2494576845
4268338472
3034212071
4268424380
4268420524
4268620693
4268627940
4268621112
4268422650
4268503566
2829950011
4268424881
4268023911
4268495236
4268664142
4268331025
4268422992
4268506193
4268527826
4268429472
4290628347
4268336369
4268495435
4268406175
4268430393
4268286112
4268461215
4268323536
4268065852
4268040945
4268338447
4268505221
4268503608
4268640683
4268332524
4268343884
4268478872
4268638187
4268596875
4268321781
4268499035
4268456744
4268459633
4268409499
4268336065
4268332005
4268520011
4268347231
4268321096
4268464935
4268338646
4268346143
4268496653
4268319456
4268420453
4268505885
2494571759
7246320454
7246436623
4268319543
4268429695
4268498908
4287404679
4268410593
4268340910
4268318161
4268329651
4268594371
3428946897
4268626641
4268346882
4268334106
4268507315
4268634152
4268523209
4268323903
4268457922
4268664185
4268338055
4268507116
4268285137
4268331525
4268432379
2627454466
4268479061
4268423140
4268336370
4268529776
4268316879
4268427192
4268283849
6108700254
4268040583
4268406748
3358404347
4268596777
4268459363
4268495146
4268335208
4268408008
2829935919
4268423868
4268478470
2830584687
4268410680
4268484905
4268426019
4268321754
4268504883
4268323905
4268341093
4268321103
3399327165
4268478810
4268317002
3033689081
4268316642
4268628058
4268042011
2830565071
4268459214
4516351490
4268422511
4268495072
4268283615
4268643233
4268023558
4268407819
4268628035
4268458074
4268496680
4268422460
4268339504
4268422847
4268486285
4268594381
4268406827
4268323864
4268066307
4268460101
4268460016
4268330435
4268627402
4268320480
4268530366
4268346929
4268640751
4268503696
4268528902
4268041808
3033375038
4268323385
3399378993
4268341507
4268421111
4268596248
4268424098
4268040552
4268318119
3032982200
4268066045
4268336208
4268639853
4268498828
4268499410
4268321767
4268286343
4268065978
4268334662
4268429963
4268457870
4268427496
3308133913
3428921614
3399367561
4268411108
3926697447
6733525583
4267984684
4268423099
4268286755
4268334259
4268339246
4268333124
4268022603
4268337466
4268457597
4268466076
3428921650
4267984633
3033374832
3399307848
3428947274
4268041899
4268041403
4268485100
4268497399
4287473910
4268347013
4268334614
4268525773
4268329379
4268331992
4268284492
4268448552
4268677772
4268316240
4268336246
4268456348
4268466143
4268040559
4290696190
3032982369
4268466363
4268065857
4268330527
4268426221
4268430872
4268479070
4268065519
4268450790
3428929538
4268428333
4268430354
4268317182
4268341394
3358404463
4268527586
4268334615
4268457773
4268410809
4287429399
2522252900
4516276900
3032982453
4287379342
4268503268
4268593530
6798372950
4268519704
4268324704
4268427393
4268503651
4268507921
4268427508
4268663174
2494588863
4268485260
4268497004
4268504344
4268420813
4268465470
4268022810
4268426844
4287385588
4268041283
4268411183
4268331931
3033671404
3428946872
4268410502
4268431704
4268526383
4268503863
4268464755
4268343785
4515948883
4268530824
4268504438
4268529327
4268478564
4268640654
4268346831
4268421105
4268464826
4268524971
4268285777
4268317078
4268479125
4268506851
4268633787
2830577394
4268321753
4268431743
2418648183
4268430760
4268498697
6733696575
2494269284
4268335588
4268411702
4268620214
3032927721
4268023867
4268064184
4268023216
3032927384
4268448430
3428947289
4268406985
4268596671
4268620137
6798288714
4268407245
4268421099
4268627582
4268478180
3032737628
4268459367
4268623226
4268022701
4268324718
4268344131
3032737936
3399327033
4268426060
2829935945
4268023430
4268340219
4268503845
4268411579
4268324120
4268316187
3032737900
4268522136
3033374816
4290489597
4268335311
6797615124
6798381932
4268335090
4268322869
4290711256
4268529989
4268323647
4268337419
4268503084
4268335071
2494576820
4268477971
4268426136
4268332499
2829627465
4268315720
4268627204
3428942654
3399347121
4268498204
4268621655
4268596495
4268316568
4268065063
3428921446
4268503329
4268339574
4287385628
4268525423
4268325109
3399389293
4268459858
4268525178
4268329610
4268346008
4268317846
4268324686
4515953951
4268411622
6746250529
6746271624
4268458099
4268593619
4268484198
4268594424
4268461528
4268286052
4287446519
4268042005
4268411297
4268485058
4268459042
4267984645
4268420904
4268331692
4268408566
4268336013
4268457568
3358513708
4395126490
4268423377
4268406970
4268321178
4268426618
3032927401
4268663187
4290501225
4268624814
4268318064
4268041944
4268460031
4268331989
4268496408
4268410853
4268321119
4268638475
4516030136
4268530094
4268422035
3399356894
4268324742
4268591465
4395156410
4268628339
4268337622
4290442822
4268486654
4268523949
4268338649
4268628893
4268520236
4268485724
4268066647
4268524449
4268458512
4268494303
3032737898
2627448609
4268407960
4268479297
4268503226
4268465008
3399347158
4268480266
4287474063
4268344961
4268336636
4268449444
4268494898
4268637383
3005392415
4268340738
4268409456
4268621700
4268460890
4268461290
4268466420
4268023646
4268426180
4268432516
2830089476
4268428427
4268430842
4268319468
4268407227
4268330849
4268432373
3034211881
4268023853
4268478413
4268430400
2494602741
3033374900
4268591499
4290497640
4268520379
3927365611
4268464907
4268041104
4268596532
4268338123
4268458101
4268526218
4268449158
4268466647
4268345625
4268628773
4268633259
6039626398
4268457643
4268486889
4268408952
4268465928
4268465902
4268638011
4268525879
4268464584
4268497259
4268457102
4268641183
4268633308
4268319868
4268456533
4268317429
2829945348
4268329761
4268040711
3033706404
4268638013
4268519922
4268494297
4268421731
4268344716
4268526165
4268519965
4268337840
4268520702
4287429489
4268423502
4268339735
4268420736
4268466329
4268431179
5558590019
4268627064
4268329733
4268342391
4268485852
4287463515
4268496000
4268324797
4268459245
4268432287
4268336908
4268527041
4268594233
4268459123
4268426339
4268320679
4268593952
6798135307
4268485043
4516292958
4268499305
4268338074
4268521180
4268319329
4268023193
4268332434
3428950910
4287404944
4268622143
4268498777
4268341292
6733790876
4268430080
6733831278
4268528366
4268424812
4268429360
4268340515
4268065447
4268344197
4268635742
4268426631
4268285039
4268410974
4268347171
4268285177
4268450019
4268345883
4268596338
2829627459
4268530839
4268519707
4268456398
4268342003
4268628041
4268450302
4268519231
6733781921
4268340791
4268427160
4268340477
4268594799
4268428775
4268317338
4268505385
4268461485
4268496368
4268339783
3033671536
4268486120
4405724579
4268504349
4268660128
4268632958
4268332683
4268283703
4268522135
4268335085
4268485868
4268448983
4268633702
4268343830
2829935968
4268625113
4268040481
2494563212
4268526385
4268494369
4268426165
4268344709
4268459287
4268450649
4268456555
4268066653
4268066161
4268338600
4268408620
3428925887
4268424719
6733806484
3033374694
4268425685
4516283348
4268426864
4268627945
4268477664
4268456423
4268320796
4268315864
4268424769
4267984612
4268339994
4268324754
4268526238
4268495247
4268423379
4268411072
4268479076
4268344277
4268625411
4268343759
4268284493
4268450029
4268346550
4268423913
4268425224
4268320805
4290526579
4290497710
6330275968
4268523258
4268478240
4268432378
4268458105
4268480283
4268320252
4268421736
4268432131
4268591546
4268592903
2494563227
4268335091
4268341282
4268521039
4268522958
4268341085
4268337510
4268521593
4268426938
4268346015
4268459569
4268628659
4268495178
6733518108
4268503688
4268409342
4268520504
4268427605
3033374915
4268466663
3033671747
4268040943
4268408109
4268522398
4268464792
3358701623
4268520017
4268283562
4268411101
4268317006
3033689301
4268319961
4268424095
2381831901
4287404784
4515978482
4268317345
4268331571
4290515553
4268340366
3428925859
4268432513
4268486394
4268498751
4268421830
4268344092
4268478309
3033700234
4268331088
4268330606
4268320474
3399356990
4268323617
4268421812
4268620790
4268634161
4268333746
4268465696
4268528806
4268023876
3033706950
3033374879
4268430374
4268507554
4268523915
4268639945
4268041262
4268643645
4268627843
4268426346
4268485910
4268333645
2830070512
4515948887
4268064610
4268325005
4268621482
4268521600
4268525473
4268466074
4268485805
4268426766
4268329954
4268526054
4268627223
4268622589
4268596453
4268421768
4268503218
4268318131
4268459089
4268479581
4268407802
4268318953
4268624891
4268023502
4268421179
4268330670
4268466880
2829627490
4268593135
4268333333
4268456193
4268344200
4268317404
4267984592
4268498085
4268335069
4268460540
3399347112
4268338890
4268325090
4268448447
4268619966
4268596424
3033375273
4268334200
4268627521
7173617049
7173644164
4268283640
4268040821
4268641153
4268410993
4268494553
4268486243
4268340615
6733554537
4268460787
4268317757
4268423685
4268425776
4268464775
4268315575
4268040752
3033907985
4290454900
4268323056
4268528738
6531330122
4287405039
4268340663
4268520502
4268449668
4268335370
4268505728
4268528313
3032737826
4268460960
4268323242
4268450352
6798339758
4268460443
2830584709
4268484006
4268324008
4268409885
4268331286
4290481257
4268064900
4268331261
4268525756
4287446476
4268630079
4268507296
4268466366
4268319996
4268022993
4268477534
4268041888
4268524534
4268479945
4268322710
4268495195
4268333165
4268633141
4268322714
4268341520
4268345675
4268423007
6733631842
4268593432
7130369401
4268457631
4290510774
4268486637
4268316569
4268507321
3399379042
4268456604
4268642937
4268484135
4268421252
4268526897
4268503079
4268486332
4268321769
4268466438
4268524005
4268319207
4268506082
4268342089
4267984652
4268410383
4268495378
4268346836
4268022885
4268344942
4268423108
4268465052
4268321203
4268627564
3926704317
4268339233
4268621743
4268317652
4516351248
4268337758
4268529338
2494603646
4268317805
4268633601
4268066985
4268330277
4268506709
3927384474
4268426225
4268337797
4268284609
4268494999
4268336101
4268461217
4268330679
4268530108
3399379068
4268334748
4268432432
4268496963
2626642254
4268640664
4268628045
4268458144
4268637219
4287429390
4268461545
4268322321
4268339531
4268315940
4268498577
4268065335
4268331011
4268478667
4268319825
6733300388
4268530729
4268466586
4268406113
4268456909
4268022700
3399379141
4516272032
6711291016
4268324603
4268342127
3033706538
2338399043
4268465162
6733807362
4268591188
4268526413
4268408904
6134406576
4268592823
4268345403
4268593545
4268335454
6733593417
4268497557
4268529369
4268425792
4268504203
4268503810
3034212005
4268410839
4268338932
4287429638
4268457921
4268485246
3033706557
4268465237
4268429357
2830080842
4268464895
4268316432
4268322286
4268504128
4268527048
4268499000
4268299195
4268332476
4268421130
4268423233
4268347209
4268323247
4268330190
4268345154
4268425723
4268331626
4268342437
4268457056
4268426139
4516276744
4268525782
3033374861
4268460161
4268022848
4268633083
4287391299
4290475953
4268409299
4268638576
4268527401
4268527727
4268410016
4268323009
4268523743
4268627644
4268333150
4268316440
4268593321
4268459975
4268321349
4268431141
4268339932
4268340311
4268333755
4517331400
4268526690
4268460648
4268488580
4268343218
4268494830
4268333741
3032242579
4268336028
4268424237
4268344269
4268426297
4268041475
2830584719
4268494747
4268594474
4268347027
4268321195
4268340279
4268626660
4268627846
4268324236
4268324799
3032737425
4268523892
4268344600
4268343380
4268450889
4268040792
4268450622
4268411617
4268410325
4268333429
4268638498
4268527433
4268320711
4268620094
3033375390
4268333720
4268525793
4268520013
4268486026
4268318806
4268596781
3428946986
4290638725
4268023067
3074599034
4268065964
4268620006
4268592038
4268484020
4268526003
4268428291
4268331067
4268066943
6733815722
4268528584
4268024007
4268339814
4268321366
4268408334
4268316681
4268457841
3927416777
4287385767
4268479667
4268621419
4268503743
4268520965
4268338307
3428950907
4268407296
4268484796
4268408082
4268422186
4268465789
4268331579
4268478934
4268333647
4268628781
4268523381
4268522205
4268458267
4268330910
2522259814
4268504984
4268479169
4268317297
4268406844
4268428608
4268530869
4268596028
4268465935
4268633095
4268596178
4268346263
4268409345
4268322360
4268284620
4268525223
4268479545
4268324073
4268315452
4268427096
4268495387
4268346734
3428921444
4268484910
4268346092
4268449127
4268523110
3428925717
4268346467
4268520682
4268424853
4268643176
4268410789
4268427314
4268525662
4268628164
3428950438
4268486687
4268505101
3428946811
4268325088
3033671422
4268422310
4268627703
4268485749
4268420565
4268347129
3033374800
4268460789
4268504819
4268485253
4268422554
4268458243
4287391220
4268424964
4268457881
4268466590
6733798155
4268465418
4268345853
4268285418
4268342398
6733621813
4268520667
4268333712
4268505829
3358517949
3428929534
4268066550
4268344523
4268040723
2494580070
4268324615
4268022664
4268343630
4268504209
4290638440
4268504523
4268338009
4268503763
4268477514
4287446521
4268320219
4287391132
4268527295
4268465450
4268449106
4268411071
4268410768
4268430543
4268041131
4268343998
4287473876
4268506191
4268466562
4268319829
4287391327
3032981883
4268592254
4268641138
4268643083
4268286115
4268041427
4290480864
4268457480
4287385639
4287429530
4287385951
4268640268
4290710920
4268333859
2494267841
4268632978
4287473622
2243871766
4268341564
4287429384
4268430386
4268526666
4268628053
3034211690
4268406037
4268407872
4268040576
4268593752
2494602723
4268457127
4268422339
4290697056
4290638536
4268023217
4290628350
4268486395
3032737797
7255399074
3032927397
4268317736
4268022647
4268333611
4268425643
4268332095
4268283692
4268321098
4268644067
3032982178
3309499028
4268425777
4268407165
4268342349
4268427639
4268484619
4268406906
4268334194
4268332427
4268494304
4268457998
4268594074
4268495611
4268595698
4268506491
4268464970
4290510503
4287473993
4268341318
4268530730
4268334496
2121828629
4268626226
2121693891
3033689239
4268346967
4268628729
4287446421
4290629576
4268459673
4268345955
4268521576
4290766774
4268528646
4268410178
4268504355
4268525682
4268528250
4268342081
4290696389
4268638196
4268319350
4268494868
4290497714
4268315347
4268625706
4268330873
4268619973
4268424666
4268345827
3033706560
4268494595
4405724558
4268339759
4268632819
4268283457
4290646130
4268331586
4268495971
2592257551
4268064454
4268458163
4268457351
4268329687
3399367576
4268627638
4268479286
4268449150
4287429333
4287379663
4517318485
4267984651
4287429342
4268505141
4268461431
4287463358
3033706506
4268424673
3032982251
4268340249
4290553671
4268065529
4268284795
4268457342
4268523832
4268284632
4268426072
4268592872
4268519826
3032737876
4268496141
4268595842
4268335075
4268620712
4268498252
4268040547
4268332788
4268494570
4268519171
4268449464
4290442929
4268066071
4268330291
4268625321
4268424100
4268595997
4268519229
2047816344
4290526526
4268498361
4287405029
4290648123
4268527040
4268485676
4268333077
4268466131
4268431807
4268316029
6798365740
4268340467
4268625549
4268495963
4268633440
4290553841
3033689436
4268459649
4268420673
4268523913
6733593679
4268499191
4290548865
4268427549
4290660397
4290480865
4268322372
4268524202
4268522428
4268486720
4268329533
4268522154
4268466517
4287405034
4268479560
4268345092
4290638358
4268520746
4268427621
3926855768
4268526668
4268424547
4287473624
4268283372
6733747565
4268341590
4268286340
4268430611
4287405058
4268495317
4268593248
3032982108
4268023890
4268317280
4268431988
4268425938
4268428211
4268449860
4268425149
4268344927
4268338885
3033166480
4268528865
4268324962
4268420598
3399379142
3399367604
4268598860
4268529387
4268494774
4268333748
3032982022
4268474105
4268023085
4268334485
4268527827
4268591233
1918405174
4268425340
4268432465
4268319413
4268499360
4268478027
4268337737
4268449859
3428950554
4268339236
3032982020
4268336536
4268625213
4268334638
4268041889
4268625081
4268430131
4268406038
4268285110
4268332241
4268408596
4268503331
4268634127
4268466525
4268450524
4268504573
4268424891
4268411649
4268526302
4268503924
4268426982
4268523914
2522257830
4268323484
4268321329
4268409382
4268407220
4268322750
2520882637
2494563322
4268627085
4268428517
4287473717
4268628775
4268450326
4268408896
4268345884
4268677675
3428943188
4268428412
4268526684
1923768765
4268319160
4268347092
6798304546
4268522899
4268041272
4268524759
4268421535
4268522335
4268408630
4268627594
4268339992
4268065511
4268065180
4290647687
4516272040
3032982440
6733300021
4268409294
4268338591
4268324712
4268338866
4268286098
4268424543
4268321486
4268522401
4268498936
4268041297
3428947295
4268425829
3428925881
4268423102
3428942813
4268478206
4268625555
4268642920
3399367593
4268505331
4268518999
4268406089
4268524464
4268465427
3399307802
3402997639
4268421113
4268405987
4268324691
4268317752
4268479039
4268478690
4268335079
4268448814
4268333438
4268334477
4268522919
4268345124
4268346589
4268432415
4268422279
4268319993
4268346853
4268503742
4268409735
4268330431
4268641253
4268523362
4268431707
4268338333
4268504608
4268024029
4268338666
4268625160
4268324745
4268477628
2395006923
4268495262
4268449928
4268528312
4268323507
4268504526
4268505651
4268504749
4268344871
2427460903
4268642989
4268467167
4268432343
4268458989
4268425749
4268458784
4268324967
4268408330
4268427329
4268459820
4268340558
4268064981
4268527227
4268321842
4268465859
6797605931
4268484299
4268527274
4268284085
4268448967
3033689116
6733396861
4268596500
4268330238
4268595885
4268505376
4268591443
4268527840
4268410460
4268624668
4268519622
4268621623
4268329785
4268485654
4268466786
4268449141
2494267827
4268285327
3399347196
3428922047
3399379184
2494268510
3399259230
4268325034
4268495302
4268344474
4268485832
6733622787
6733670557
2494602713
4268065171
4268409594
4268286441
4268320439
4268023252
3358539583
4268644225
4268499084
4268411068
4268504268
4268484526
4268521843
4268635495
4268341098
4268649450
4268485053
3032927577
4268464926
4268624508
4268423125
4268422209
4268344985
2829935912
6798323269
4268627943
4268621230
4290472142
4268347113
4268449277
4268485445
3399327003
4268316073
4268593798
4268464881
4268330853
4268507132
4268485634
4268422072
4268316081
4268620978
4268339082
4268322967
4268460833
4268477551
4268320269
4268431104
5870869350
4268427060
3399356858
4268317060
4268478192
3927470519
4268409282
4268450412
4268525719
4268479295
2839237864
4268424684
4268486581
4268529072
4268505348
4268521318
3033689047
4268427419
4268640541
4290489534
4268523108
3927443125
4268595856
4268344073
4268339170
4268625075
4268320693
4268449919
4268494686
2829627491
4268344796
4268520032
4268519482
4268484072
4268431865
4268627789
4268066315
4268593108
4268633506
4268505355
4268332429
3428942809
4268494989
4268340556
4268064265
4268524280
4268595889
4268625010
2830070484
4268522948
4268428110
4268634679
4268505242
4290480961
4268334228
4268409029
4268339654
2089136531
2089136532
4268330219
4268527658
4268425369
4268023539
4268330822
4268633387
4268420451
4268485651
3032927456
4268066162
4268530588
4268423294
4268338326
4268330234
4268638453
4268322962
4268458036
4268411379
4268529091
4268457244
4268505289
4268456123
4268595104
4268529704
4268503397
4268342551
4268494959
4268478685
2077508377
4268466014
4268633588
4268424805
4268485517
4268524198
4516263172
4268424668
4268478333
4268466932
4268495818
4268494410
4268625309
4290711119
4268430485
4268530379
4268338024
4268023426
4268334321
4268065569
4268406920
4268318903
3399347011
4268341596
4268319577
4268647576
4268407344
4268334819
4268341553
4268521594
4268498371
4268316901
4268320484
6733747981
4268625584
4268460553
4268466372
4268477929
4268459641
4268625270
4268620506
4268347085
4268424942
4268317041
5870840957
4268466027
4268466970
4268494418
3399367553
2830580189
4268459341
4268331078
4268457488
4268465855
4268346198
4268431388
7421089169
4268498250
4268284764
4268503353
6531343425
4268507273
4268336306
4268341632
4268633002
4268499384
4268449250
4268460533
4268344077
4268478002
4268464663
4268411074
4268449130
4268525853
4268523923
4268317717
4268529407
4268620313
4268457503
4268522410
4268594390
2830580074
4268337287
4268345870
4268625208
4268408563
4268530818
4268323913
4268335340
2830564830
4268336071
4287391335
4268518967
4268466916
4268503699
4268066639
4268421216
4268620382
4268321092
4268422867
4268465166
4268409648
4268333548
2494588108
3033706503
4268066204
4268347007
4268345304
4268506808
4268640228
4268486219
4268023321
4268456349
4268316576
4268040720
4268591294
4395123699
4268330498
2830555764
3399326947
4268528166
4268406033
4268407367
4268627524
7133110323
4268317270
4268525832
4268337705
2830584757
4268627370
3428922008
4268317716
2829945325
4268344270
4268345011
4268425563
4268425085
3428950918
3004835261
4268638414
4268459554
4268338078
4268283390
4268596144
2829950027
4268638472
4268595777
4268345704
4268330593
4268064269
4268283482
4268431462
4268340067
4268497773
4268423063
4268320393
4268066171
4268529340
4290460162
4290489569
4268633592
4268620644
4268457717
4268457908
4268504347
4268591467
4268431958
4268286432
4268621014
4268495071
4268331916
4268632970
4268522780
4268626546
4268596004
3400341466
4268466549
4268064391
4268529318
4268520652
4268285723
3926956507
4268333167
4268335154
4268432473
4268420860
4268065175
4268457611
4268322746
3399356968
4268344033
4268339295
4268432474
4268507745
3362043964
4268523254
4268421448
4268284733
3053955824
4268422909
4268466870
4268478031
6797572526
4268321099
4268458186
4268334277
3033706459
4268333058
4268064879
4268624752
3428921644
4268315959
4268333377
4267984674
4268428273
4268460651
4268338568
4268317626
4268621046
4268317206
4268670511
4268522065
4268342041
4268336206
4268286298
4268041922
4268346794
4268023912
4268526823
4268321789
4268335319
4268430896
4268458281
4268507508
4268339087
6798134827
4268320122
4268065986
3362047341
4268448648
4268410638
4268411321
4268407771
4268284676
4268520529
4268064189
4268407140
4515953603
4268431540
4268411067
4268332448
4268477344
4268066170
2829627469
4268449482
4268448527
4268331112
4268486875
4268284394
4268449575
4268459643
3033689201
4268596870
4268478911
4268519820
4268344614
4268345533
4268410906
4268065202
3399356843
4268023001
4268593609
3033706918
4268040567
4268317426
4268624808
4268343201
4268424169
4268522395
4268408607
3399311973
3032927773
2830584667
4268608413
6797639999
4268457885
4268625406
4268485513
4268459610
4268041705
4268343302
4268485909
4268322758
3033907978
4268449003
4268521069
4268428042
4268596555
4268456738
2830577435
6733789856
4268424679
6733688363
4268410739
4268286319
4268317335
4268526744
4268485891
4268332385
4268342593
4268450887
4290659449
4268065808
4268340419
3034211514
3358883275
4268410576
4268425671
4268626164
4268466391
4268344287
4268408588
6733730395
4268519989
4268339366
4268478070
4268494388
4268620158
4268485997
4268345339
4268477216
4268064633
3399763021
4268421483
4268495205
4268022945
4268459617
2394994818
4268632880
4268485799
4268528188
4268427197
4268346459
4268336214
4268319219
3033689044
4268595892
4268427067
4268626182
4268643165
4268467206
3032737855
4268456988
4268465894
4268485787
4268504834
4268430727
3033375047
4268333546
4268626562
4268410905
4268337841
3428926244
4290659441
4268633010
4268320657
4268458121
4268429403
4268339738
2829935949
3399327080
4268529058
4268315811
3399379054
4268465434
4268319060
4268477513
4268409906
4268632872
4268320832
3428925790
2829627482
6798382481
4268525674
3032927425
4268339026
4268421184
4268424152
4268334524
4268422939
2494588892
4268345848
4268528382
4268448971
4268456110
4268594210
4268594464
6797624244
4268337502
4268456882
4268341635
3428938596
4268330002
4268065269
4268457978
4268466539
4268344029
4268284255
3034211856
4268528220
4268066709
4268041513
4268317819
4268315465
4268299174
4268283701
4268622763
4268448960
4268485527
3399379034
4268592881
4268486128
4405610387
3358404509
4268423652
3034211721
4268505362
4268337793
4268431249
4268644197
4268529171
4268521609
4268411525
4268339516
4268066654
4268528511
4268485737
4268431150
4268340594
4517331258
4515987490
4268494920
4268066642
4268591413
4268637990
4268523392
4268065081
4268495540
4268458231
4268503388
4268498645
4268286450
4517378440
4268457990
4268484720
4268422140
4268431500
4268040926
4268343199
3033689029
4268430579
4268479628
4268041919
2394927979
4268345627
4268620149
4268621693
4268334690
4268408197
4290510400
4290455253
4268333743
4268479293
4268497009
2520883119
4268425744
4268337342
2494576858
4268431785
4268621160
4268503370
6733824284
4268321030
4268526504
4268629872
4268449900
4268064832
4290554035
4268495882
4268450602
2830565150
4268420384
6733603200
4268484712
4268528324
4268486869
3399367584
4268322956
4268406171
4268323871
4268064424
4268478190
4268520449
4268459071
4405658882
4268284758
4268432195
4268331593
4268524321
4268431559
4268411205
4268345201
4268344730
4268346981
4268421242
4268527292
4268320442
2829935860
4268317314
4268530836
4268637850
6733814659
4268467187
4268526249
4268339943
4268624830
3032982380
4268422440
4268466732
4268331636
4268524879
4268426787
3032927491
4268322633
4268622135
4268022688
4268410760
4268506433
4268479019
4268457975
3399378998
4268494773
4268286095
4268064438
4268315374
4268331899
4268640044
4268481832
4268322330
4268427838
4268337800
4268284697
4268633324
4290575900
4268507651
6531313558
4268526232
4268485895
4268519075
2830565056
4268524635
4395120290
4268041953
4268461553
4268529088
4268321215
4268432521
4268336980
4268624523
4268317274
4268429911
4268465214
4268065539
4268459065
4268506799
4268522273
4268041989
4268457722
4268448289
4268331292
4268023235
4268409604
2300844373
4268663173
4268484808
4268479184
4268284235
4268066710
4268450436
4268421239
4268316218
4268486607
4290481294
4287391226
4268425155
4268497570
4268343723
4268594558
4268504055
4268460548
4268409807
4268321784
4268425073
4515987466
4268494618
4268346729
3927416786
4268503113
4268448362
4268316902
4268497599
4268343282
4268592963
4268458677
6733823310
4268620435
3034211644
4268065855
4268331129
4268342341
4268329578
2627450778
4268284969
4268342007
3032737565
4268485608
3032927448
2494269283
4268643155
4268064603
4290454844
4268427636
4268342187
4268346250
4268340808
4268318824
2626642182
4268620051
2494268463
4268425781
4268619918
4268023668
6733641648
3927501214
4268628062
4268340807
4268467223
4268527380
3033689077
4268519352
4268466827
4268486291
4268640168
4268641225
4268406994
4268324170
3033386971
4268323474
6798171436
4268594933
4268408476
4268457069
4268450426
4268333874
4268477698
4268340588
3428946892
3428938592
3358517943
4268067010
4268324202
4268321610
4268593002
4268345212
4268525379
4268592973
4268449232
4268064313
4268423586
4268497532
4268423929
3358701755
4268457946
4268460582
4268528383
4268466766
4268459856
4268591750
4268332558
4268407491
4268626244
4268519167
4268331283
3033671392
4268331094
4268423766
3399367616
4268407423
4268333569
4268341366
4268066821
4268519908
4268285888
4268321535
4268317667
4268521766
4268432356
4268486898
4268464640
4268494723
4268466760
4268022870
4268457005
4268626059
4268498854
4268424003
4268424239
4268620895
4268337162
2626642074
4268409109
4268595098
4268316822
2829627592
6733807511
4268322316
4268624495
6733301898
4268315442
4268338430
4268448615
4268522298
4268331682
4268346161
3428921528
4268628375
3034212019
4268430443
4268283637
4268626154
4268621609
4268409627
4268624851
4268529136
4268503686
4268429616
4268620065
4268319747
4268317321
4268522633
4268346930
4268495810
4268426065
3926864380
4268317796
3428946865
2494602715
4268422294
4268622547
4268424791
4290471937
4290481023
4268477847
4268507498
4268495887
4268504895
3399346986
4268456429
4268022914
4268338577
2830580158
4268067002
4268330943
4268431836
4268065896
4268633326
4268041703
4268330694
3399327153
4268624447
4268424615
4268525105
4287405030
4268527735
2830565114
4268346115
4268024064
6733780615
4268522286
4268479569
4268480280
4268320550
4268331934
4268449741
4268461303
4268421845
2494602701
6798305384
4268409955
4268342080
4268338065
4268485247
4268524142
4268594359
3362030648
4268430555
4268523846
4268344625
4268345224
4268318975
4268505112
4268040941
4268519322
6733764453
4268335420
4268599315
4268330998
4268066925
4268524014
4268343876
4268486017
4268519166
4268663697
4268041885
4268427293
4268627268
4268066916
4268461588
4268466934
3399389270
4268504235
4268427812
4268335251
4268527005
4268066146
4268456626
4268343656
4268479957
4268424027
4268595415
6733537113
4268332161
4268595936
4268408907
4268505849
4268450422
3032927420
4268594545
4268323659
4268466646
4268456233
4268286089
4268496185
4268424529
6797615136
4268424363
4268339549
6733823297
4268485011
4268624700
4268624529
4268339104
4287473907
4268320707
4268284334
3034277862
4517331743
4268346803
4287404677
4290548672
4268337996
4268336446
4268022775
4268334464
4268285993
4268408232
4268337802
4268345482
4405579363
4287473752
4268425608
4268423164
4268478327
4268423093
4268316997
4268479191
4268663599
4268505409
4268626507
4268457948
3032737706
4268421855
4268331780
4268411319
4268065243
4268449392
4268335375
4268593837
4268638581
4268627841
3032982002
4268432472
4268620828
4268344459
4268407582
4268341408
4268066951
4268519570
4268336660
4268339224
4268458037
6798365731
4268449039
2830584723
6711343449
4268520257
4268023761
4268620922
6798288919
4268485774
6103509359
4268285740
4516272028
4268337507
4268496784
4268407501
4268424336
4268335889
4268335206
4268596133
4268457520
4268023494
4268466515
4268522962
4268478041
4268625704
4268505993
4268040966
3034212011
4268530473
4268529441
4268344087
2494267741
4268457067
4268346193
3318367360
4268497918
4268041904
3428929660
4268530640
4268484804
4268677885
4268495781
4268343782
4268330996
6798288757
4268505681
4268430458
2830580167
2830584676
3428939134
4268373687
4268431638
6798271011
3033689323
2494602726
4268479281
4268286389
4268596486
4268336320
4268504367
4268460546
4268504226
4268528579
4268504826
4268315798
4268460104
4268596662
4268318827
4268450021
4268335950
4268624348
4268625660
4268459346
4268338172
6733764479
4268595857
2830080871
4268505974
4268410422
4268505116
4268629760
4268477303
4268338805
4268450290
4268523133
4290648267
4268596538
4268521423
4268592508
4516278839
3399327055
4268408494
4268338856
4268407123
2830089517
4268331990
4268316611
4268449975
4268522839
4268522805
4268449427
4268449215
4268629896
4268356072
4268628650
4268341668
4268467263
4268323931
4268065412
4268430776
4268331276
4515987810
4268503091
3927439715
4268479954
4268525342
4268334501
4268423206
4268315377
4268432108
4517378141
4268316177
4268041891
4268524314
4268498572
4268065769
4268465152
4268460068
4516281376
4268523096
2829627419
4268317672
4268324121
4268485291
4268485252
4268503177
4268340744
4268477564
3034211521
3032982215
4268316438
4268457971
4268595279
4268449495
4268318998
4268459783
4268340803
4268424386
4268420609
4268341221
4268484701
4268620494
4287379644
4268448277
2395006925
4268338914
4268497702
4268461226
4268504009
4268457873
4268425697
4268320701
4268458638
4268420912
4268339903
3033717802
4268624598
4268625435
3399761678
4268450726
4268341022
4268065970
4268432098
4268342427
4268457826
4268330218
4268407661
4268530477
4268431960
4268485854
4268407648
4268428580
4268457522
4268484071
4268466247
4268330006
4268425249
4268485506
4268595992
4268408012
4268520534
4268428541
4268334508
4268342563
4268526810
4268424882
4268421665
4268494807
4268485201
4268338033
4268503836
3034211816
4287404723
3399259263
4268344284
3399769338
4268430935
4268478047
4268496322
4268408477
4268425468
4287429682
4268318029
4268338316
2830089525
4268338905
4268485955
4268066484
4268421801
4268478234
4268064583
4268340166
4268633542
4268457294
4268319622
4268042009
3926926219
4268336640
4268467088
4268299159
4268480263
4268420483
4268332238
4268316631
4268285025
4268466136
4268461062
4268525588
4268344713
4268530348
4268521430
4268460954
4268429828
4268341516
3358513713
4268341119
4268422807
3399376021
4268479089
4268284306
4268519444
3428925894
4268626639
4268594456
4268497690
4268410332
4268424696
4268495361
4268347127
4268407942
6798180172
4515978526
4268411175
4268485940
4268340718
4268464958
4268022675
4268521824
4268423548
4268332362
4268606319
4268317055
4268478305
3399327180
4268408602
4268407969
4268040989
4268042117
4268339088
6733583654
3362049609
4268023924
4268486965
4268022786
2830580114
3399326938
4268485055
4268420914
4268323512
4268486373
4268421817
4268323885
4290696363
4268065524
4268448606
4268456420
4268478373
4268624618
3399311985
4268456846
4268422528
4268527133
4268485748
4268320244
4268643193
4268316077
4268285028
4268338564
4268337164
4268596487
4268335544
4268484788
3399347080
4268495527
4268319057
3309478723
4268430195
2318922295
4268344155
4268635461
4268465886
3358701093
4268430345
6733622351
4268420660
4268324451
4268642313
4268337621
4268024052
4268449882
4268683953
4268320590
4268620201
4268285517
4268410765
4268494946
3399390669
4268337887
4268286728
4268339157
4268450295
4268495819
4268409536
4268504946
4268351904
4268406384
4268528205
4268431335
4268338308
4268410521
4268619933
4268638127
4268448537
4268285287
6733739546
4268507697
4268423239
2494576859
1918669704
4268519496
4268504230
4268285504
3032982243
4268333739
4268343304
4268494687
4268627516
3362042501
3358685175
4268317812
4268341160
4268410975
6798389174
2089114852
4268023642
4268338283
4268424782
4268519979
4268283836
4268528661
4268283967
4268423437
4268421685
4268628197
3428950501
4268478237
4268479318
4268448340
2830584732
4268343429
4268497937
4268457829
4268410970
4268628027
4268331515
4268525976
4268522619
4268065614
4268522215
4268286346
4268423692
4268466000
4268526989
4268596805
3927362501
4268424842
4268284320
4268426274
4268477270
4268344291
4268335939
4268325004
4268497109
4268330861
4268064262
4267984668
4268486662
3399311920
4268522168
6798356253
4268519839
4268064605
4268484390
4268426909
4268467136
4268041149
4268676786
4268450163
4268339590
4268627695
4268592874
4268424879
4268505077
4268461555
4268622035
4268520002
4268628661
4268637871
4268317125
4268331294
4516281373
4268621485
4268411623
4268485432
4268344564
6733603207
4268066199
4268498755
3399763029
4268284447
4268528551
4268341156
4268406478
3358684789
4268343232
4268632942
4268449717
4268320386
4268041961
4405658874
4268346199
4268411694
4268505552
4268345300
3399367648
4268593042
4268424652
4268041966
4268317107
4268496133
4268341440
4268317761
6711360570
4268496720
4268408151
4268630177
4268430297
4268040915
4268319922
4268406491
4268457224
4268478523
4268484038
4268425766
4268332700
4268466908
4268519893
4268320979
4267984587
4268324599
4268498823
4268465140
4268457832
4268319694
4268466572
6746168878
4268466850
4268499039
4268424358
4268595976
4268322404
4268422505
4268643630
4268458097
4268316060
4268339177
4268427442
4268346253
4268041268
4268619939
4268339502
6733650358
4268333556
4268459078
4268065333
4268023898
4268506883
4268341707
4268284406
4268457807
2522245510
2494253077
4268421474
3033375253
4268622028
4268496119
4268466895
4268346109
4268457872
4268337688
4268319445
4268319193
4268323980
4268423542
4268498672
4268465181
4268336357
4268374020
4290711541
4516292629
4268503994
3033688897
4268525862
4268523218
4268406207
2068912447
4268465316
4268477969
6733790046
4268530864
4268431181
4290647545
4268323570
4268466799
4268423596
4268464542
4268458120
4268624867
4268530495
4268465046
4268286274
4268024024
3428925782
3428946806
4268624965
4268521873
4268337519
4268325032
4268465439
4268528194
4268322731
4268333633
4268319461
4268337668
4268456574
4268430696
4268427674
4268478043
4268430588
4268318129
4268340502
3428925756
4268330866
4268596354
4268407664
6733671069
3033375088
2522249656
3032737832
4268426081
4268065536
4268284836
4268480039
4268495817
4268347001
4268521649
4268343350
4268023543
4268337974
4268407510
4268456980
3032927552
2494269335
4268318127
4268408434
4268324819
4268627358
4268448936
4268458363
4268594146
4268429659
2494267765
4268611320
4268461438
4268457932
4268522658
4268503436
4268335145
4290500908
4268484682
4268461462
4287463398
4268530076
4287404720
3032927482
4268450358
4268330497
3358883316
4268427464
4268477828
4268339237
4268459431
4268425172
4268478885
6733771644
4268041276
3033375089
4268319392
4268477818
4290637350
4290629349
4290767024
4290460482
3032927619
4268335538
4268466921
4268040444
4268456602
4290767186
4290575957
4290515730
4290443062
4290575986
4287446171
4290766827
4290660394
4290710399
4290697048
4290442839
4268506867
4290553808
4268343284
4290711621
4287385579
4290713112
4290696291
4290660562
2494571858
4290638330
4268410537
4268486938
4290460495
6733545055
4268448793
4268478847
4268427379
4290486006
4268530062
4268409103
4268339424
4287405088
4268626229
6798236839
4290647271
4516278843
4268478185
4268041897
4268422741
4290647931
4268409463
4268427580
3033375222
4290628432
4268595108
4268593344
4268449915
4268638221
4268449817
6733799067
4268527563
4268345527
4268040448
4268637466
4268503591
4268344416
4268339319
4268430373
2318569349
4268527285
7214281627
4268337501
4268626071
4268497700
4268320174
4268333352
4268285163
4268619904
4268334774
4268422698
4268329987
2829945195
4268530868
4268621662
2494268522
4268594719
4268411178
4268424067
6797658225
4268638457
4268524978
4268449375
4268346421
4268286242
6733704801
4268336155
4268621658
4268426835
2720638296
4268422471
4268420600
4268315328
4268411236
4268065414
4268324013
6798382172
3032748205
4268432216
4268342520
4268425147
4268336046
4268319455
3033706576
4268494978
4268346873
4268323156
4268316436
4290526372
4268477272
4268620803
4290481237
4268506202
1918391480
4268466582
4268528525
4268319647
4268498754
4268286168
4268331921
4268465207
4268496911
4268430551
4268408096
4268340995
4268315355
4268596097
4268324137
4268065157
4268467364
4287463531
3428935061
4268521560
4268484253
4268431324
4268424993
4268338818
4268343420
4268409434
4268494515
4268479279
4268420691
4268409370
2830070550
4268324029
4516278099
4268478984
6798347937
6798346896
4268423137
4268065645
4268316638
4268316199
4268421026
4268343730
4268065834
4268466309
4268322965
4268403959
4268593536
4268329373
4268448561
6733678083
4268345038
4268337899
4268594034
4268484893
4268448975
4268317714
4268595324
4516262171
4268320466
4268423775
4268503442
4268460113
4268428697
3033717808
4268529686
4268640829
4290515731
4268421240
4268450570
4268332004
4268345712
4268427801
4268338771
4268456249
4268407007
5131283766
4268411364
4268407790
4268022715
4268430021
4268344823
4268496876
4268521499
4268320367
4268504149
3033689566
4268423097
4268431716
4268041516
4268503838
4268459094
4268503186
4268285789
4268591747
4268621090
4268638115
6733641623
4268420439
4268320798
4268431285
3428939138
4268626053
4268627992
4268285032
4517349111
4268503530
4268494620
4287391320
4268330285
4268506824
4268593223
4268495430
4268420591
4268407774
4268432082
4268341566
4268486978
4268333752
4268644907
4268334739
4268330618
4268593086
4268339254
4268465850
4268432333
4268466943
4268479174
4268344302
3032927460
4268624571
4268464671
4268283602
4268343517
4268621720
4268503301
4268410694
4268023930
4517373472
4517373550
4268332156
4268461543
6798330656
3358323426
4268465667
4268065504
3032982075
4268320437
4268347123
4268593586
4268432094
4268495559
4515987970
4268066870
4268478772
4405703227
4268479952
4268407357
4268342531
4268465956
4287446524
4268593068
4268519230
4290476072
4268430110
3428950520
3399379074
4268486943
4268426770
4515954040
4268507300
4268640057
3033689042
4268519980
4268466190
4268477441
4268341543
4268334520
4268478985
4268425239
4268458124
4268457519
4268428302
3032737859
3034211594
4268341107
4268340880
4268494955
4268485566
4268286756
4268334093
4268458065
4268596009
4268407929
4268408605
4268620919
4268458856
4268458623
4268023519
4268334667
4268520034
4268521851
4268337241
4268346898
4268331677
4268525807
4268336002
4268429336
3358404508
4268529820
4268408714
4268339568
4268316470
4268330672
4268503210
4268634627
4268524854
4268643555
4268460448
4268346655
3428925890
4268407483
3032927752
3034211807
4268423592
4268340587
4268408562
4268464666
4268477346
4516292000
4268343608
4268624498
6746134159
4515935307
4268637253
4268520998
4268420761
4268425927
4268529528
2830080894
4268457618
4268466121
4515989423
4268346900
4268485778
4268450246
4268422078
4268519681
4268527611
4268519133
4268495360
4268410967
4268342622
4268336230
4268421517
4268624837
4268596581
4268430571
4268425148
4268333134
4268519729
4268431752
4268520046
4268596727
4268626039
4268456981
4268591688
4268336216
4268066150
7233990287
2494576789
4268505353
4268324198
4268478473
4268406883
4268623617
4268464733
3399356866
4268425160
4268331013
4268041974
4268331998
4268522963
4268428597
4268331670
4268066212
7700914244
4268656610
4268621972
4268480109
4290647136
4268450401
4268485494
6746155611
4268478580
3033671483
4268592998
4268507029
3358882547
4268643491
4268498561
4268339020
4517378188
4268333785
4268520349
4268283798
2830584524
4268456422
4268409603
6733526605
3428921511
4268407254
4268627070
4268345130
4268423417
4268345758
4268507217
6798127413
4268431746
3358513698
4268479060
4268333098
4268315581
4268643573
4268640361
4268521861
4268284117
6733660500
4268479709
4268522886
4268506194
4268319002
4268407251
4268530006
3399769346
4268286256
4268450249
4268425463
4268411615
6798424159
4515978036
4268639989
4268632845
2044630395
4268592775
4268497767
4268315639
4268023079
4268466557
3032982424
4268332971
4268320956
4268456161
4268486926
4268333867
4268342455
4268337999
4268408992
4268023432
7151510334
4268640568
4268421620
4268459626
4268420715
4268343995
4268477169
4268457167
4268456232
4268494513
4268065895
4268621172
4268406669
4268065122
4268525386
6733535789
4268527726
4268524117
4290471934
4268324985
4268408684
4268342157
4268406065
3399356875
4268594498
4268424775
2522257841
3399307811
4268321813
4268465157
4268342504
4268321616
3428935439
4268041449
2547865170
4268625531
4516278006
4268628645
4287429559
4268324785
6797580401
4268430006
4268430404
4268023804
4268624896
4287446168
4268634024
4268529881
4268529384
4268344718
3399347022
4268340888
4268495230
4268494362
4268456674
4268343279
4268432448
4268421710
4268448030
4268457741
4268340672
4268528283
4268450937
4268340009
4268064382
6733536412
4268478394
4268496595
6733536007
4268484764
4268624340
4268528224
4268504814
4268347147
4268524025
3053939345
4268626020
4268479512
3927413115
4268347166
4268522725
4268315357
4268329727
4268022649
4268484129
4268318626
4268478582
4268594975
4268591235
4268591528
4268318014
4268339255
4268343181
4268530732
4268324658
3428921666
2494267854
4268627910
4268486382
4268319434
4268409914
2830579949
4268340225
4268625767
4268477356
6755178604
4268596511
4268520397
4268496948
4268477333
2522253658
4268411708
4268503504
4268411503
4268448511
4287463213
4268336297
4268528864
4268523793
4268506644
4268409313
4268594236
4268322416
4268621639
4268421862
4290460563
4268329697
4268319194
4268639092
4268633219
6711314332
4268458269
4268525173
4268333426
4268322990
4516361376
4268486880
3032927368
4268424541
4268426113
4268496264
4268523092
4268321846
4268503929
2830080867
4268344524
4268324708
4268319679
4268064949
4268066670
4268333581
4268484489
6798330972
4268332217
4268340068
4290696512
4268426214
4268344381
3032982035
4268318130
4268022813
6939573369
4268484935
4268022658
4268644224
4268620272
4268431938
4268478455
4268596771
4268449186
4268467278
4268523729
4268467207
4268503463
4268420737
4268494879
4268344802
4268425246
4268423168
4268337160
4268527322
4268340105
4268065434
4268323870
4268495907
4268530084
4268465249
4268066766
4268431471
6733622419
4268428175
3033688887
4268504414
4268064767
4268485259
4268346838
3428935448
4268526129
4268495704
4268425363
4268486505
4268330948
4268479251
4268317933
4268450809
4268449212
4268479830
4268530383
4268320680
4268494658
4268478553
3428939158
4268464572
4268321176
2494571862
4268321126
4268642985
4268494406
4268495800
4268507885
4268334224
4268486518
4268342346
4268065982
4268495687
6797572445
4268330206
2318551651
4268523614
3033706710
3032927429
4268343510
4268335234
4515987895
4268466418
3032982418
4268041313
4268334775
4268458182
4268620602
4268625107
4268495323
4268625049
4268594802
4268478231
4268321571
4268341381
4268422165
4268428046
4268064370
6619603296
4268428121
4290501134
4268595091
4268638440
6733730202
2520882966
4268346379
4268427737
4268458019
3032981887
4268593888
3358518006
4268448785
4268627551
3033706815
4268528191
3032981850
4268485939
4268495957
4268066296
4268519449
4268320359
4268336064
4268406977
3033907973
4268504520
4268486981
4268407783
4268335290
4268410185
4268423323
4268423269
4268336290
4268641097
4268464686
6767459404
4268507283
3358882367
4268456858
4268319021
4268340409
4268319718
4268450065
4268410019
4268505245
4268495167
4268628179
4268459695
4268505667
4268023966
6531313556
4268425867
4268065820
4268321613
4268322617
4268285413
4268503703
2400518101
4268477955
4268339099
4268459645
4268343354
4268320232
4268485036
4268065510
4268498133
4515978475
2919011059
6798382080
5632393795
4268530809
4268507095
4268456940
4268422446
4268341417
4268591959
2829935936
4268407252
4268477266
4268334088
2830584589
4268528821
4268457590
4268628617
4268640626
4268498923
4515934911
4268459030
4268406030
4268339606
4268677674
4268645081
4268333735
4268494537
4268341112
4268425527
4268593580
2830580154
3033374901
4268498513
4268405964
4268023052
4268640148
4268624494
4268504204
4268621637
4268506831
4268485757
4268023704
4268464648
4268317795
3428947320
4268628669
4268339083
4268494449
4268320705
3032927409
3033689112
2829627475
3399327103
3399327046
4268320594
3399379008
2433207563
3032982046
3428930023
4268460831
3399326948
3399376012
4268331845
4268330484
4268458619
4268485161
3399311939
3033688957
3399307816
4268596546
4268320614
4268283953
4268317399
4268478675
4268431980
4268522067
3399327140
3399356955
3399376039
4268477825
4268338909
4268065114
4268319719
3399376022
4268620717
4268334248
4268495034
4268341744
4268523117
3399379030
4268333766
4268065229
4268628262
4268466794
4268497076
4268343522
4268430226
4268323687
3428950935
3399347140
4268430219
3428950908
3399379061
4268408491
4268321443
4268640688
4268345649
4268504141
3399347005
4268479852
4268627852
4268627808
3399367551
4268331730
4268331539
4268409427
4268064887
4268284747
4268528126
4268449027
6733749059
3033374899
3399347165
2829949994
3358537179
4268449120
4268320750
4268338965
4268323635
4268335881
4268323319
4268478577
3032927674
4268337149
4268519861
4268431962
4268430228
4268428143
4268424737
3362034334
4268466596
4268283677
4268499221
4268065312
4268023073
4268317037
4268620489
4268484428
2829935862
7204741694
4268503284
4268457802
4268528356
4268495256
4268530602
4268340500
4268408456
4268497455
4268519647
4268530339
4517308075
4268345367
4268638099
4268428025
4268065697
4268504536
4515977989
4268408064
4515948946
4268506510
4268425795
4515935224
4268408291
4516262581
4268522444
4268343824
4515919837
4268343602
4268624871
4516274408
4268324604
4516281439
4268431930
4516262545
4268450178
4268593375
4515978485
4268336350
4268316565
4268459285
4268465183
4268023074
4268286458
4268625628
4268503508
4268333529
4268321412
4268529385
4516278892
4268633233
4268345829
4516272035
4268285112
4268321796
4268406507
4268424441
4515948474
4268596010
4516274490
4268592771
4268343292
4268484967
4268347216
4268466419
4268484149
4268023631
6797606543
4268331081
4515987962
4268522406
6798135593
4268428197
4515987817
4268528833
4268526497
4516274412
4268528523
4268594984
4268459520
2520882760
4268461234
4268320516
4268335226
4268339491
4268642068
4268518818
4268425173
4268024042
4268486971
4268431346
3428950541
4268593231
4268594443
4268505370
4268495198
4268484045
4268319656
4268408939
4268458160
4268627643
4515978479
4268478572
3399367670
3032982177
4268499006
4268640656
4268466839
4268458354
6797624600
4268324118
4268347104
4268530579
4268341642
4268338907
4268427688
4268427069
4268479167
4268430764
4268461549
4268467290
3034211970
4268465447
4268332714
4268595947
4290766780
4268335271
4268329544
4268318634
4268322890
4268479024
4268024078
4268466006
4268336523
4268423296
4268344781
4268529377
4268450827
6733764441
4267984626
4268405933
3358517948
4268479132
4268485722
4268430444
6798253719
4268423786
4290711172
4268424466
4268424798
4268426006
3358537963
4268503385
2542021585
2542021586
4290711545
4268338570
4268335190
7129548723
4268335424
4268337505
4268315860
4268317283
4268323069
4268460808
4268520444
4268479362
6798364980
4268421017
4268522383
4268527874
4268478508
4268324243
3406632002
4268423879
4268524548
2839228904
4268633144
4268339989
4268065210
4268321820
4268425708
4268337252
4268409611
4268495052
4268627274
4268316763
4267146747
4268477229
4268522775
4268427085
4268023414
4268340103
4268457862
3032927458
4268411088
4268625696
4268479943
4268627547
4268411422
4268423060
6798256307
4268449971
4268421799
6798256927
4268283770
3358701711
4268478803
4268324690
6733389067
4268342058
4268424699
4268625193
4268458362
4268527564
4515978394
4268634132
4268285832
4268506717
4515935237
4268495640
4268315868
4268524316
4516262732
4268284710
4268040540
4516297473
4268528277
4268456936
4516292953
4268344903
4268345309
4268525746
4268595702
4268499290
2520906741
4268523105
4268637413
4268317595
4268428415
4268485580
4268521592
4268496256
4268411229
4268410866
4268457804
4268629267
4268505986
4268528882
4268343878
4268497372
4268459550
4268410456
2494571799
4268497162
4268624850
4268425734
4268022663
4268496808
4268624608
4268496124
4515978309
4268520773
3428950513
4268450340
3034211672
3032748207
2830070490
4268523202
4268316108
4268316563
4268626567
2494267820
4268336412
4268321184
4268484494
4268522869
4268344403
4268335304
4268286207
4268408441
4268467030
4268458233
4268041325
4268526057
4268344470
4268430877
4268480308
4268523903
4290628702
4268594092
4268528123
4268340618
4268409810
2318762985
4268431229
4268332961
4268334172
4517312289
4268286166
4268654861
4268593045
4268424919
4268065965
4268422948
4268640038
4268498642
4517324826
4268593041
4268519107
4268465414
2830555711
4268407393
4268344121
4268485576
4268496306
4268503112
4268428543
4268428053
4268495696
4268428347
4268450739
4268628114
4268448403
4268499485
4268591284
3358537111
4268480113
4268619886
2830577445
4287463492
4268421278
4287405036
4268411643
4268285411
4268523085
4268343418
4268503725
4268041464
2830070474
6959145312
4268041972
4268427315
4268478427
4268316087
4268523881
4268499182
4268464850
3358686999
4268336187
4268479552
3399390748
4268466503
4268339886
4268317731
4268318907
4268520012
4268342528
4268528253
4268346111
4268524253
4268591205
4268448969
4267984676
4268594051
4268426061
4268487709
4268450325
4268066718
4268621571
4268422542
3358513711
4268332455
4268595917
4268505023
4268332478
4268407351
4268432278
4268421767
4268422863
6733764685
4268041951
4268626558
4268458315
7790831778
4268410177
4268465788
4268459513
4268429906
4268503930
3399356951
3358539614
4268620774
4268431937
4287446338
4268332467
4268421766
6531313553
4268494463
4268023225
4268485723
4268342095
4268505420
4268457049
4268319884
2165275997
4268285815
4268593816
4268320732
2829949974
4268506602
4268457701
4268334378
4268466767
4268520909
4268523119
4268505645
4268523141
4268339173
4268529382
4268319092
4268334253
4267146999
4268497040
4268496915
4268430879
3400341469
4268345371
4268504025
4268023408
4268638042
4268461486
3033706744
4290476031
4268320281
4268485350
4268529789
4268478132
4268528280
5853328947
4268486349
3033689257
4268466687
4268426333
4268335068
4268526469
4268323469
4268431826
6733301778
4268409516
4268331612
4268449724
4268457698
4268342532
4268424448
3399311895
2494571770
4268594785
4268022679
4268499412
4268458333
4268324239
4268467170
4268626315
4268448601
4268425104
4268523103
2830565080
6798119800
4268317100
4268422756
4268522193
4268333302
4290767282
4268460322
4268520802
4268496890
4268592749
4268460607
4268504900
4268344883
4268592055
4268424717
4268633640
3005262172
4268407656
4268638993
6733300653
4268484194
4268347170
3033374732
4268336427
4268284686
4268503628
4268023054
4268629761
4268317369
4268410444
6797639251
4268494396
4268285649
4268285894
2494571853
4268594400
4268422693
6733780562
3032982032
4268495400
4268465806
6531343430
4268526305
4268430617
4268458155
4268333613
4268477792
4268528580
4268477937
6733678657
4268594845
4268458917
4268425362
4268519002
4268346029
4516262578
6798340449
4268507093
4268596397
4268430544
4268343609
4268457606
4268319623
4268466109
2830580002
4268498444
4268066956
4268498108
4268406224
4268344914
4268344924
4268486517
4268639062
4268527284
4268284719
4268593889
4268346511
4268519135
4268527242
4268596091
4268626133
4268620798
4268507455
4268320531
4268320865
4268526551
4268506538
4268285203
4268625407
4268457771
4268624588
4268423049
2830577366
4268479360
4268529186
4268637890
4268504532
4268620075
4268336483
4268340579
4268625984
4268421219
3033706922
4268342426
4268624517
4268505184
4268478487
4268594819
4268494971
6733300566
3358539615
4268506466
4268335210
4268342536
4268464683
4268637167
4268625572
3033689426
4268430538
4268503683
4290443034
4268626579
2494268464
6797639986
4268690198
3033689079
4268336365
3032927626
4268527865
4268285248
3033706551
4268324850
4268318354
4268528711
4268596622
4268430075
4268335893
4268593869
4268285175
4268621121
4268626107
4268424564
3362047311
4268066566
4268496981
4268624746
4268341700
4268041114
3033706486
4268022815
4268520498
4268518981
4268422536
4268625224
4268320137
4268484807
4268507171
4268065976
4268344763
4268522361
4268427604
4268345671
4268496542
4268409090
4268064591
6733593613
4268338756
2829945365
2830555679
4268341000
4268464976
4268505643
2627453260
4268335933
4268337588
4268633594
2829935947
4268449421
4268640581
4268323996
6798381323
4268320836
4268530099
4268495480
4268423865
4268316910
4268634139
6733687948
4268479980
4268343010
4268430064
4268450907
4268041850
4268425745
4268323619
4268065400
4268458125
4268431994
4268422010
4268408015
4268677205
4268522468
3033689010
6798256772
4268040529
4268345683
4268495990
4268317707
4268524153
4268479849
4268504248
4268332546
4268591898
4268320454
4268457836
4268322523
4268457954
4268449486
4268486129
4268342060
4268635411
4268338637
4268323193
4268449140
4268477883
4268338874
4268338559
4268334639
4268521758
4268459124
4268624637
4268323274
4268527374
4268407370
4268407093
4268340266
4268340100
4268522344
4268521036
4268479254
4268283448
4268427357
4268506471
4268524049
4268424756
4268041451
4268494496
4268430629
4268449014
3033375121
4268595412
4268283526
4268340205
4268640271
4268333729
4268620832
4268520024
4268620647
4268428648
4268325025
4268284130
4268525293
4268340709
6733670765
4268527263
4268340431
4268316586
4268495339
4268627160
4268507528
4268465069
3033706863
4268497782
4268319959
4268410442
4268520889
4268346557
3399367647
4268521433
4268627288
4517345645
4268629928
4268457766
4516358691
4268317451
4268505272
2522259368
4268461428
4268505377
4268651255
6733722928
4268432213
4268022656
3033671679
4268478447
4268621145
4268643008
4268341067
4268485585
4287429628
4268421679
4268041791
4268624591
3399376038
3032982444
4268466390
4268331182
4268423414
4268409395
4268331196
4268344292
6798228518
4268340302
4268450804
4268450462
4268430888
4268486216
4268321802
4268324687
4268457705
3005264305
4268317712
4287404747
4268407503
4268479466
4268430469
4268345065
4268422301
4268640063
4268340899
4268410079
4268421048
4268340318
4268407681
4268622944
4268421119
4268457987
4268529746
4268424418
3428935457
4268624627
4268430114
4268342158
3032927736
4268494960
4268504114
4268066518
4268285419
4268347210
4268424021
4268450001
4268425162
4268458251
4268315369
4268330151
4268520550
4268407110
4268066355
4268642588
4268523319
4268329874
2494268498
2246433247
4268626114
4268524878
4268425865
4268431341
4268315345
4268466102
4268466233
4268484463
4268421327
4268325119
4268424795
4517318398
4268466731
2830584722
4515990299
4268595260
4268624674
4268456253
4268638104
4268023604
4268465107
2494563337
4268425197
4268330306
4268426049
4268477638
2400565744
4268411592
4268503124
4268506664
6798382217
4268497561
3428925710
4268432273
2830580160
4268065974
4268450829
4268527165
4268450274
4268635743
4268422617
4268621037
3926905498
4268622193
4268343270
2494563336
4268424746
4268484888
4268040557
4268343892
4268285519
4268341198
4268528627
4268596869
6797580384
6797624482
4290538133
4290647741
4290697071
4268424013
4290538232
4268406200
4268467046
4268478275
4268317705
4268477677
4268479065
4268523794
4268408706
4268345790
4268431445
6733747744
4268340883
6733772106
4268448343
4268323145
3032982240
4268450588
4268330553
4268323077
4268342736
4268479459
4268497688
2400525521
2494602637
4268525648
4268621376
4268341651
4268319606
4268420962
4268431944
4268620289
4268594753
5549381191
3033706534
4268497272
4268657901
4268624904
4268285359
4268503673
4268456577
4268023328
4268323938
3428926232
4268520058
4268637518
4268479408
4268459503
4268522482
4268321369
4268320220
4268480306
4268459066
3032927730
4268625967
6798236784
3399379083
4268315536
4268324317
4268495888
4268595319
4268521194
4268420458
4268496085
4268427953
4268336444
4268323041
4268407286
4268427788
3400347472
4268478922
4268321338
4268591524
4268521837
4268530097
4268324675
4517373647
4268041194
4268504604
4268459634
4268594352
4268459621
4268316582
4268477436
4268334265
4268465993
4290501260
4268467362
4268343606
4268461495
4268343838
4268622988
4268330281
4405670277
4268408113
4268464727
4268405954
4268408680
4268023373
4287379429
4268629762
4268624569
4268423943
4268339603
4268527721
4268634185
4268640350
4268627406
4268333510
4268345785
4268427193
4268040530
4268506771
4268407225
2520906579
4268523289
4268431871
4268338845
6733688170
3428950930
7158576231
7138525284
7108008465
7107918688
4268530787
4268519032
4268041937
4268664634
4268337190
6733712822
4268347196
4268334672
4268520228
4268284874
4268337995
4268521880
4268620287
3004834954
4268319275
4268637849
4268410181
4268623260
4268486288
4268341488
4268431272
4268628358
4268527388
4268485567
4268664635
4290489320
3033706759
4268330940
3428942735
4268593024
4268459044
4268486636
4268449686
4268643870
4268410327
4268333100
4268457574
4268427337
4268524176
4268603662
2520906570
4268023244
4268520938
4268450775
4268528304
3034212040
7151085073
4268426897
4268340192
2494602710
4268627804
4268321452
4268319347
3927473854
4268494811
4268428699
4268331862
4268620658
4268450922
4268485994
4268594642
4268343628
4268593043
3032927621
4290575883
3033706955
4268429697
4405464298
3032982003
6798373536
4268342042
4268320853
4268333528
4268023550
4268317027
4268342020
4268317760
4268596141
4287379646
4268422791
3032982282
4516272021
4268425101
4516262649
4268460615
4268460650
3399326935
4268334604
4268322722
4268420414
4268324750
4268285444
4268478335
4268466039
3032982033
4268410492
4268664707
4268522689
4268495406
4268528506
4290489405
4290647938
4268432406
4268625927
4268430026
6733603601
4515953918
4268337640
4268639913
4268525997
4268530028
4268503093
3032737887
4268505055
4287429253
4268343358
2494269332
4268633006
4268065790
4268521608
4268459638
2522212145
4268407986
4268625672
4268336380
4268316650
4268410720
4268505738
4268638777
4268022727
6733397028
4268346260
4268628283
4268345526
2627447003
4268022638
4268629982
4268323306
4268424826
4268519179
4268322637
4268478096
4268344066
4268432272
4268626261
4268329385
4268428235
2426554218
4268040881
6531350318
4268504279
4268336213
4268344998
4268411003
4268407391
4268409019
4268341322
3034211682
4268324333
4268023931
4268423022
4268633472
4268448197
4268345536
4268411295
4268321560
4268591545
4268466665
4268284471
4268637244
4268625304
4268345894
4268530110
4268525939
4268526602
4268496821
4268041969
4268331219
4268622032
4268624487
4516262711
2494588001
4268498366
4268527888
4268406086
4268628291
4268524966
4268423394
4268343792
4268329710
4268322624
4268345311
4268317853
4268428809
4268023256
4268596280
7352181037
7351341152
4268460542
4268424073
4268023667
4268344869
4268449589
4268409457
4268319542
7614252432
4268334465
4268316381
4268285159
4515935309
4268478730
4268686449
4268621180
4268450276
4268506184
2829950009
4268337742
3004836367
4268486237
4268594601
2494580001
4268334267
4268341403
2292439611
3032981868
4268345839
4268329972
6951542915
4268596318
4268408894
4268507846
4268420602
4268524305
4268316555
4268338059
6733688364
4268522921
5818131508
4268316407
4268595083
4268336597
3034212077
4268024103
4268285160
4268485511
4268498796
3362043925
4516288029
4268498805
4268425542
4268498813
4268409390
4268626629
4268498861
4268316212
4268340415
4268498652
3926904120
6733574309
3033671409
4268341638
4268426182
4268319913
4268322685
4268494728
4268320265
4268336441
3034212063
4268464757
4268321594
4268336356
4268411232
6733747385
4268337925
4268457808
4268524041
4268503280
4268346745
4268410328
4515934930
4268624436
4268425955
4268320217
4268628741
4268477212
4268485339
4268429844
4268526516
4268460408
4268318123
4268336413
4268457663
4268023310
4268465425
4268424748
4268450334
4268322363
4268066192
4268496941
4268530002
4268626656
4268633280
4268427227
4268409578
4268332985
4268448018
6733832533
4268421349
4268284062
4268424649
2494253066
2829627237
4268333073
4268522224
4515954033
4268427832
2830590182
4268486571
4268593310
3399311869
4268459716
4268496551
4268496822
3399762970
3032982451
3926792694
3428404162
3429794456
4268023301
4268317238
4268338371
3399390672
4268448472
6733517430
4268331130
4268431833
4268627732
4268621556
4268458811
4268421429
4268519220
4268520538
4268331675
4268285257
4268467215
3033706491
4268506474
4268342445
4268637630
4268426027
4268346648
4268065674
2845931916
4268498734
4268478866
3033689271
4268023973
4268456260
6733678684
4268329496
4287391260
3033689274
4268466269
4268407073
4268461311
4268424595
4268426070
4268337376
4268316991
4268622027
4268066078
4268643075
4268428431
2500681041
4268408668
4268637747
4268624976
4268409642
3399311830
4268427104
6745769996
4268486649
4268411247
4268406227
4268520526
4268332471
4268330957
4268285998
4268448970
4268040727
4268408481
2494267857
4268525752
2500726896
4268427082
4268466520
4268408944
4268321664
6797658278
4268316963
4290648214
4268591348
4268427548
4268625998
4268467347
4268066635
4268528208
4268503877
4268596920
4268620225
4268345489
4516263889
4268478102
3033671552
4516357370
4268620271
4290553756
4268040994
4268494470
4268318609
4268407459
4268409755
4268635449
4268064932
4268485681
4268410129
4268336941
4268283834
4268504178
3032737615
4268461336
4268423174
4287463301
4268622034
4268523134
4268330982
4268316661
3428946938
4268424037
3034211499
3032927587
4268528475
4268285354
4268285105
4268638456
6733518203
4268285477
4268338634
4268448608
4268407354
2830080886
4268324642
4268332705
4268422214
4268597680
4268066435
4268408449
3428939157
4268330054
3033907980
4268409025
4268420879
4268318187
4268065945
4268627235
4268331282
4268456216
3428946853
4268428350
4268405995
3428946904
4268322331
4268320251
4268345218
4268663100
4268324169
3428925853
6746329139
4268486750
4268634118
4268425692
4268620634
4268485686
4268423481
3926966972
4268508009
3428925822
4268411607
4268477790
4268641213
3428921544
3428925698
4268423939
4268347154
4268626225
4268504184
4268506931
6531366516
4268479252
4268345287
4268335944
4268065819
4268423015
2494580060
4268506598
4268422142
6531366519
4268526407
4268335367
4268479917
4268505086
4268523919
4268285181
4268520885
4268423984
4268496536
4268466889
4268332799
4268465014
4268523014
3034211520
4268449577
3034211833
4268596023
4268409882
4268496220
4268529039
4268620931
4268495630
4268456414
4268485806
3399761641
4268507164
2829945310
4268593050
4268486709
4268521381
4268466603
4268529036
4268320904
4268344952
4268523255
4268621054
4268643646
4268633283
4268325091
4268426017
3428946924
2494588929
4268410892
4268466040
4268457830
3428938674
4268331259
4405437113
4268423187
4268334735
4268332754
4268421274
3399367605
4268407897
2494571765
4268317701
4268319051
4268428242
4268341597
3428921533
3005396698
4268520234
4268638545
4268525552
4268448741
4268041702
4268643652
4268627850
4268343009
4268285776
4268337635
4268420576
2494253060
4268319383
4268322861
4268337525
4268620952
4290497634
4268331071
4268663168
4268461510
4268485087
4268528287
4268593599
4268495147
4268331591
3428930008
4268677557
4268485550
4268484966
4268315450
4268594938
4516278614
4268460339
4268345308
4268332833
4268466106
4268633579
2494602711
4268335240
4268422815
4268485352
4268332472
4268478435
4268506497
4268427613
4268525905
4268345847
4268320046
4268519636
4268411235
4268620707
4287473627
4268642763
4268427184
4268459266
4268593106
4268321172
4268423390
4268458520
4268409400
3033689240
3005263894
4268637999
6733730967
4268283835
4268519007
3032982206
4268040509
4268410761
4268285897
4268638107
4268323958
4268485077
4268634254
4268424759
4268497296
4268486631
4268478626
6733723050
4268345792
4268507927
3399759406
4268346941
4268341186
2494579976
6733832279
3399379109
4268429300
4268591618
4268323610
4268321183
4268622049
4268430268
6733807237
4268316270
4268431428
4268340465
4268421021
6733641636
4268329386
4268337746
4268041307
3428918551
3428404341
3399367563
4290629453
4268643174
4268283600
4268497223
4268345750
4268620802
4268335081
4268410205
4268334348
7742421261
4268504594
3033689110
3926900683
4268041157
4268505372
4268319187
4268449015
4268323622
4268338782
4268338633
4268323293
4268428259
4268321402
1922498148
4268064909
4516278841
4268344149
6798381842
4268410147
4268431340
4268341521
4268408144
4268324942
4268042006
4268347009
6798340221
3033374908
4268023480
3926819625
6733697620
4268339092
4268503223
6745788472
4268323948
4268477304
4268408307
4268344000
4268335446
4268477998
4268643205
4268407900
4268522231
4268499007
6733764649
4287473718
4287473867
4268318214
4268479720
4287391015
4268334210
4268627123
4268332677
4268460341
4268315631
4268331271
4268323152
4268595818
4268431101
3034211825
4268406104
4268430396
4268041103
4268335218
4268344938
4268341006
4268453654
4287446520
2494579985
4268529436
4268524254
4268498810
4268424565
4287385649
4268494984
4268507025
4268505704
4405493730
4268342515
4268522213
4268465841
4268332428
4268423912
2494588006
4268594044
3926700468
4268663195
4268527389
4268409747
4290710727
4268622059
4268460525
4268449604
4268338485
4268478935
4268524846
4268457515
4268594082
4268324035
4268457349
4268343424
4268450033
4268319757
4268329491
4268525770
4268407508
3032737608
4268339227
4287429533
4268285250
4268333319
4268596149
4268601288
4268421458
4268530723
4268478177
4268410528
4268426918
4268529543
4268503273
4268503637
4268495219
4268622149
4268527402
4268022845
4268640047
4268344611
4268336014
4268457197
4268519240
4268457024
3032737836
6192062325
4268431174
4268523847
4268066799
4268427570
4268464692
4268499244
4268497563
4268486222
4268480208
4268333476
2627450598
6733723053
4268339064
3399367597
4268478603
4268593286
4287429336
4268041390
4268337908
4268334181
4268406759
3399367681
4268335158
3399390758
4268319685
4268337749
4268485858
4268523339
3399367684
4268466489
4268409509
4268520487
4287405064
3033907984
6762209300
3428929560
3428938694
4268283445
4268319782
4268432101
4268458802
2494580077
4268425292
4268334163
4268466134
4268409981
4268341558
4268337199
3032927814
4268524616
4268422455
4268432405
4268409316
4268335519
4268431794
4268022927
4268645083
4268337355
4268409789
4287429684
4268409964
4268425700
5737341854
6733705218
4268321107
4268432192
3033700227
4268479417
4268329400
4268407232
3926879814
4268335586
4268494425
6733670839
4268663155
4268465227
4268334145
4268422155
4268638058
4268494673
4268407188
4268409184
4268629986
4268479736
4268450240
4268595318
4268458681
4268344974
4268340832
4268457580
4267984663
4268521830
3927465650
6797615197
6798331183
4268432106
4268467178
3399347129
3399356821
4268410938
4268664407
4268506218
4268406683
4268065581
4268465674
4268425181
4268466368
4268324751
4268408373
4268429381
4268485401
3032981872
4268337250
4268322742
3927481487
4268478489
4268522902
4268343631
4268346713
4268527331
4268620659
4268337465
4268330938
4268422987
4268499138
4268331139
3399367658
3033689090
4268627272
4268519991
6797605802
4268428344
6733832337
4268427107
4268485601
4268530381
4268645257
4268461133
4268430120
4268064942
4517318615
4268341008
4268522879
4268641124
4268337628
4268644487
4268285157
4268498129
4268338751
4268591967
3428950403
4268338912
4268345784
4405597624
4268466835
4268338895
7266430742
4268331570
3032982000
3927439901
4290553891
4290596243
4268425244
4290489542
4268494612
3033671420
4268465529
4268497264
3034212058
5890163465
4268405986
4268496184
4268342569
4268459315
4268485343
4268339938
4268337600
4268333193
4268425784
4268427753
3033375221
4517378364
4268522144
4268346417
6745729423
4268340136
4268431858
4268346740
4268430403
4290515664
4287429586
4287385652
4287385775
6733613235
4268459620
4268521440
4268331232
4268345698
4268322725
4268530858
4268479599
4268477545
4268431969
6746182237
4268519072
4268607774
4268430221
4268411162
4268528500
4268637875
4516262723
4268627532
4268595789
4290526747
4268343266
4268638124
4268285502
6733815663
4268335388
6733712966
2830580164
4268065863
4268479723
4268524012
4268448400
4268331540
4268411426
4268503968
4268621447
4405467076
3428946932
4268496614
4268408900
4268338095
4268521922
4268524322
4268507592
4268497539
4268478198
4268346733
4268343880
4268337894
4268346811
4290660416
4268526023
4268337769
4268596664
4268595051
3428922027
4268422762
4268315343
4268064196
4268409754
4268591203
4268496043
4268333584
4268518965
4268458352
4268592482
4268633474
4268525988
3926871800
4268341533
4290497724
4268459704
4516264704
2829627587
4268411029
4290696705
4268625276
4268591635
4268520787
4268321367
4268619951
4268597038
4268628031
4268344729
4268643577
4268527437
4268478692
4268450304
4268299135
7234222716
4268523737
4268321733
4268316343
4268408226
4268461404
4268339998
4268330487
4268528142
4268479978
4268345595
4268424389
4268337307
4268346564
4268332008
4268485687
3032927361
4268406904
4268525117
4268592159
4268625258
4268424533
4268318103
4268505659
4268637364
4268457576
4268422195
4268485187
4287385859
4268519946
6733789112
4268064445
6733603660
4268520503
4268064359
4268497319
4268340567
4268503448
4268342669
4268040724
4268522829
4268506923
4268497691
4268423047
4268425657
4268285408
4268458484
4268425355
5718928024
4268458278
4516287021
4268427555
4268504220
4268064376
4268431556
4268318278
4268626127
4268467108
4268478764
4268594394
4268484226
4268066222
4268467363
4268284667
4268342683
4268411716
4268478452
4268344583
4268342073
4268633541
4290711535
2830577426
4268421615
4268503309
4268626556
4268064955
4268428204
4268457991
4268596306
4268497626
4268346276
4268628254
4268450540
4268335217
4268591363
4268622001
7105743370
4268330423
4268342182
3399327018
4268522965
4268496925
4268503926
4268507096
4268467007
4290515718
4268507046
4268422937
4268319632
4268022802
4268341917
4268478414
4268315582
4268641248
4268622397
6733823627
3034211697
4268633708
7640433740
3033374797
4268318023
4268342156
4268342711
4268421853
4268518884
4290576149
4268319625
4268495076
4268519418
4268324643
4268334770
4268503472
4268066073
4268495305
4268283759
4268529991
4268316640
4268466861
4268457736
4268410077
4268316915
4268503272
4517347111
3358539580
4268422143
4268333380
4268066068
3399389306
7884464924
4268330569
4268338058
4268430082
4268342048
4268596543
4268456843
4268341199
4268530821
4268065817
4268498938
4405654769
4405670229
4268428116
4268632972
4268421725
4268344164
4268640209
3926871913
2150523485
4268495482
4268457831
4268430035
4268346777
4268459282
4268499171
4268527176
4268065220
4268340017
4268628023
3428950396
4268620914
4268424928
4268431144
4268484833
4268621516
4268427221
4268335078
4268411595
4268450123
4268479556
4268335451
4268343512
4268477330
4268596504
4268519054
4268518844
6733651616
4268506825
4268023482
6733738752
6733554502
2829627489
4268593219
4268595603
4268340158
4268409900
3428926229
4268592336
4268422453
4268066675
4268335295
4268628281
3399307830
4268409749
4268322770
6733517600
4268342033
4268591296
4268504602
4268521501
4268467123
4268422940
4268594979
3033706684
4268528278
4268333490
4287473689
4268423776
4268633450
3399367755
4268333742
4268484581
4268644593
2494268538
4268527883
6733301767
3034212110
3033689115
4290659825
4268344414
4287463230
3926864257
4268065534
4268340398
4268041210
4268644808
6733517888
4268449670
4268496850
4268464959
3033689475
4290489571
4290595660
4287385931
4268495490
4268459494
4268505424
3032982116
4268316675
4268645194
4268627753
4268343968
4268337152
4268285010
4268330522
4268330585
4268626614
4268040642
4268408745
4268456447
3318372885
4268338023
3033671258
4268410895
4268595850
4268430797
4268478296
2355640808
4268527296
4268342492
4290558101
2494602635
4268407002
4268317804
4268430552
4268331576
4268345523
4268466262
4268420987
4268594316
4268625027
4268346556
6733544322
4268065602
4268484932
6733780653
4268041566
4268495012
4268626512
4268336078
2494603573
4268477972
4268321228
4268625212
4268467009
4268529433
4268430593
4268478138
4268431832
3399379081
4268521033
4268458098
4268424757
4268484488
4290595705
4290471883
4268485541
3428950543
4268524455
4268527905
4268330830
4290659950
4268459372
4268456979
3428942842
3428950575
3033706893
4268322364
4268411320
4268284132
4268449540
4268320332
4268524583
4268423914
6733641626
4268345687
4268478485
4268506704
4268458789
3032737535
4268431949
3032737728
4268495032
3032981849
4268424784
4268320812
3034211876
4268023549
4268342514
4268340506
4268428130
4268410767
3428950394
4268315555
4268338273
4290628678
4268338578
4516287961
4268504080
4268346522
4268495282
4268530045
4268342044
3428942765
4268428595
4268457125
4268628315
4268407643
4268499282
4290476140
4268410781
4268407369
4268448470
4268529264
4268341026
4268338760
4268477541
6733388861
4268346401
4268339529
4268318067
4268317237
4290659476
4268422201
4290629204
4268409279
4268529439
4268524285
6797623966
4268343433
4268496539
4268634125
4268507606
4268525056
4268528788
4268337732
4268421347
4268286254
4268494562
4268523798
4268421197
4268625185
3399390663
4268315569
4268466374
3034211798
4268479515
4268319173
4268316416
5608343344
3033717813
4268503386
2829627247
4268637543
4268449927
2494267852
4268625158
4268484646
2829627276
4268409541
4268409607
4268503494
4268448333
4268040862
4268332813
4268621742
4268478461
3033374684
4268642997
4268429864
4268040608
4268422498
4268466544
4268065095
4268407791
4268626024
4290710802
3362049563
4268407325
4268066243
4268456152
4268520170
4268023933
4268337570
3362043928
4268331558
4268456441
4268428313
4268324017
2830584744
4268486284
3032982249
4268337265
4268496628
4268486101
4268323025
6746284641
4268507325
4268339102
4268066200
4268428064
4268484596
4268406087
4268407253
4268406237
4268421225
4268594332
2494563339
4268456426
4268523792
4268479714
2830070475
4268344673
4268633140
4268332154
4268319832
4268627791
4268333106
4268408882
4268319396
4268448573
4268409235
4268409734
4268460656
4268460536
4290596777
4268425668
4268425298
4516271941
4268632966
6733670711
4268625126
6798322786
4268467140
4268347235
4268428208
7016823169
4268485154
4268449019
4268041281
4268425717
4268526935
4268431370
4268503162
4268498945
4268341411
4290481004
4268632969
4268332112
4268424742
3033689205
4268065382
4268594203
4268409813
4268346071
4268340755
4268336455
4268424408
4268498541
6746178731
4268428161
4268041558
3032748220
4268423729
4268634022
4268524634
4516281381
4268339415
4268527577
4268431148
4268505464
2829945319
4268459848
4268505373
4268644539
4268479287
4268448075
4268521863
4268040733
3428934943
3032927634
4268320363
4268594041
4268342675
3428921646
2394927984
4268521977
4268411400
4268343942
4268506675
4268498706
7432647583
4268497411
4268519706
4268448557
4268344806
4268334857
4268622590
4268524981
2494576850
4268627401
4268317375
3399379001
4268066338
6798347840
4268496136
4268337296
2394993052
4268317921
4290526729
4268410065
4268465218
4268420929
4268065117
4268627112
4268594563
4268066339
4268464570
4290637811
6733756974
6798381204
4268408510
3428950432
4268342676
4268621087
4268519805
4268041805
4268323459
3032981877
4268425268
4268335252
4268459023
1918660293
4268344885
4268066714
4268024018
4268411159
4268340800
4268524019
4268428310
4268530878
4268066752
3927437478
4268520018
4268527850
4268409199
4268317971
4268486114
4268343611
4268466753
4268457834
4516358375
4268519880
2494580090
4268285500
4268621572
4268450482
4268065661
4290455168
3927465672
7234210387
4268335842
4516264158
3399311842
4268023532
4268497357
4268409125
4268323936
2829627606
4268627570
4268464544
4268524343
4268409002
4268424643
4268323987
6733771608
5576124231
4268362334
3032737429
4268460405
4287379430
4268330665
4268458260
4268323672
4268457752
4268591666
3399311823
4268422690
4268639149
4268334445
6733749047
4268461279
4268457824
4268329382
4268041459
4268457855
4268331812
4268332957
4268316219
4268407101
4268624902
4516283340
4268334160
4268479002
4268317180
4268634076
4268339636
4268041455
4268285012
4268458092
3033671393
3033671754
4268284729
4268341606
4268479288
4268423601
4268478983
4268339168
4268457479
4268405984
4268494937
2627450660
4268409647
4517378437
4268486667
4268638580
4268627840
4268410099
4268641819
4268408943
4268324104
4268340586
4268524126
4268459612
4268449700
4268450342
4268340568
4268283529
4268594868
4268323981
4395156409
6733544848
4268285375
3033375213
4268066214
4268339519
4268596626
4268345678
4268424528
4268620638
4268528222
4268505415
4268024172
3428946870
4268479081
4268450516
4268427449
4268421555
4268422908
4268593722
4268621028
4268408319
4268486473
4268595697
6797658260
4268593087
4268410896
4268465020
4268621712
4268407909
3428934949
4268409480
3428939139
4268331628
4268344274
4268461289
4268496180
4268342674
6798314928
4268316061
4268330485
3032981961
7505746314
4268425006
4268527008
4268620776
4268410493
4268638970
4268621406
4268425545
3033671512
4290647215
4268322311
4268503285
4268525573
4268461075
4268339765
4268633697
4268323625
4268592826
2400518127
4268427091
4268323353
4268066117
4268410651
5774610003
4268530296
4268595404
4268456956
4268335336
4268321241
4268410428
4268507760
4268522352
4268525887
4268340337
4268430503
4268346013
4268323201
3428942839
4268637870
4268427529
4268594294
4268341301
4268410712
4268340288
3926818783
4268593794
4268411330
4290596671
3428938722
3428935082
4268424177
4268330340
4268411188
4268331588
4268663101
2830080889
4268333837
4268592220
4268425022
4268495549
4268478790
4268524768
4268461206
3309484242
6733695555
4287385581
4268504333
4268484962
4268338229
4268496387
4268316086
4268497116
4268519427
4268528780
4268591612
4268663201
4268640333
4268409016
4268496917
6733687338
3399378987
4268286206
3032927478
4268643534
4268495725
4268331625
4268457226
4268429286
4268479638
2829627515
4268525702
4268638583
4268640346
4268521859
4268637192
4268317755
4268422993
4268411173
4268411464
4268633703
4268479925
4268423295
3362034316
4268065130
4268504052
4287446235
4268329728
4268620777
4268428646
4268519653
3032737461
4268461415
2830577412
7105567755
3399389297
4268593274
4268333629
4268521713
4268507402
4268628335
4268525020
4268066064
6733602995
4268337734
4268432403
4268321815
4268504840
4290660336
4268526315
4268335905
4268637338
4268424728
4268523991
4268335312
4268426294
4268332280
4268523967
4268486932
4268340320
4268023410
4268420398
4268477709
4268495104
4268505286
4268520415
3033688913
4268430343
2830580174
4268283556
4268431095
4268622348
4268458113
4268335127
4268459703
3033374693
3033706341
4268335560
4516287960
4268528388
4268330490
3032982098
4268464630
4268427955
4268410934
4268341471
4268411012
4268425375
4268424779
4268338456
6733772098
3004765645
4268494968
4268022988
4268406674
4268485430
4268505283
4268526670
4517331523
4268524579
4268485866
4268320655
2829945359
4268457032
4268633442
4290476358
4268430601
4268625272
4268422865
4268331022
4268634144
2829950005
4268023062
2494576798
4268525475
4268425025
2494269279
4268461250
4268595854
4268626575
4268064214
3032737752
4268620677
4268407287
2072291905
4515979897
4268334906
4268285825
4268335299
4268528965
3032938099
4268505669
4268424263
4268284362
3033374909
4268464841
4268428294
4268318950
4268495605
4287463383
4290696158
4290696296
4268620939
4290628680
4268324848
4268431354
4287463385
4287391079
4290548832
4290629079
4290710235
4268410054
4268485993
6733781807
4268479506
4268450039
3428921521
4405663356
7793908613
4268317193
4290628287
4268331297
4268285486
4287429339
3034211654
4268460719
4268333855
4287473693
4268423182
4204249770
4268336432
4268316577
4268335595
4287474064
4268407990
4268596314
4268495503
3033689244
4268407456
4268484486
4268323594
4268504995
4268321224
4268459796
4268640059
4268423679
4268422061
4268065273
4268528469
4268523731
4268426028
4268449426
4268448653
4268518777
4268315585
4287429241
4268486295
4268528877
4268521683
4268519716
4268464661
6733730129
4268526142
4268338546
4268421811
4268041995
4268504823
4268345425
4268283411
4268498890
4268496641
4268457581
4268336940
4268495671
4268343705
4268503248
4268596403
4268431286
4268411109
4268494836
4268592386
4268465692
4268525041
4268637258
4268494420
4268507155
4268520049
4268505821
4405564723
4268624481
4268592041
6733689363
4268479303
4268621453
4268422853
4268524979
4268486124
4268339776
4268331936
6733593500
4268422852
4287463311
4268465911
4268642146
4268637581
4268457927
4268319276
4268479680
4268466213
4268317694
4268428319
4268640826
4268466477
4268431068
4268520931
4268321680
4290460197
4268625455
4268405994
4268324975
4268643605
2830555741
4268503712
4268406974
4268450243
3927441381
3399367554
4268286326
4268466700
4268333891
4268527604
4268478926
3033374928
4268484805
4268338904
4268319368
1923768769
4268428238
4268479304
4268619994
4268507774
4268333862
4268494732
6798124808
4268317922
4268597016
4268408765
4268638410
4268041883
4268426895
4268065093
4268285846
4268627178
4268627745
4268425413
4268593442
4268507165
3927413492
4268525714
4268331961
2829949997
4268591552
4268066221
3399194252
6733583212
4268428661
4268494477
4268505730
4268625485
4268338053
4268319515
4268407239
4268041444
4268448072
4268286709
4268321489
4268411557
4268593461
4268519853
6733722389
4268435658
4268283741
4290711733
4268064975
4268316113
4268625016
4268465794
4268316886
6798331034
4268284649
4268337885
6733748885
4268477311
4268405953
4268496609
4268337671
4268330424
6733738334
4268041285
2522257843
4268066156
3033706657
4268424793
4268460655
4268460573
4268066101
4268324163
4268495492
4268041553
4290647689
4268484230
4268626498
4268503080
4268317975
4268522634
4268421115
4268410969
4268410518
4268345950
4268283975
4268523472
4268465210
4268410609
4268427414
4268319780
4268337375
4290637992
4268592688
4268521480
4268525493
3033375246
4268423475
4268411664
6797572701
4268333730
4268316488
4268640735
4268638117
4268640712
4268323154
2829935929
4268335868
4268283506
4268495536
4268344733
3032927780
4287429631
4268337529
4268527010
4268495525
4268479369
4290767209
3927437304
4268478714
4268343417
4268425990
4268042030
4268345122
4268625093
4268064176
4268333727
4268333876
4268422354
3032982467
2830565138
4268507249
4268498595
4268425950
4268596560
4268420668
2627448456
4268506096
4268343435
4268064901
4268519742
4268466785
4268344820
4268428428
4268486564
4268322504
4268323648
4268429856
4268064218
4268503260
5698093115
4268315879
3032982339
4268485529
2494602735
4268634079
4268427524
4268407958
4268408073
4268324661
4268407422
4268023811
3033689031
4268639041
4268408091
4268460030
4268494507
4268591345
4268023109
4268425265
4268323603
4268637539
4268450609
4268503565
4268432083
4268595835
4268331847
4268495780
4268334185
4268520414
4268504620
4268407182
4268322314
4268337393
4268064505
4268457050
3428939148
4268421342
3362030642
3032927647
4268626657
4268527416
4268318645
3034211586
4268479693
4268283649
4268065150
4268411087
4268424047
4268023069
4287429352
4268466907
4268459544
4268528978
4268485817
3033689437
7694526212
4268335396
3428943187
4268340826
4268407125
4268466380
4268485096
3428925720
4268644353
4268458918
4268484582
4268064864
4268066189
4268504571
4268409032
4268526955
4268495227
4268339066
3428938556
4268529536
4268410987
4268449781
4268317920
4268346245
4268465699
4268346986
4268591891
4268333143
4290766845
4268594797
4268339969
4268457401
4268331429
4268624734
4268332665
4268478706
4268411546
4268333844
4268319269
4287463305
5191205122
4515935311
4268620155
4268521722
4268428422
4268527820
4268321848
4268526197
4268621549
4268495000
4268407580
4268427300
3033688996
4268485197
4268316639
4268286183
4268458090
4268284926
4268341362
4268625268
3033689126
4268286088
4268592262
4268592153
3033706442
4268428328
2830080899
4268285480
4268503551
4268504550
4268334523
4268449608
6711320176
4268421228
4268345222
2830080864
4268503646
2400574588
6733756843
4268498558
4268642931
4268495190
4268340474
4268480031
4268375512
4268620649
4268448240
4268421556
4268498925
4268330025
4268456679
4268524614
4268530713
4268497779
4268432417
4268486355
2830089528
4268335427
4268319226
4268333185
4268528308
4268450237
4268465259
4268641151
4268334782
4268479265
4268320566
4268503417
4268630006
4268458781
4268322767
4268486511
3399379019
4268409364
4268285020
4268503357
4268645165
4268640310
4268337997
4268340164
6761258073
4268506804
3033374698
6733756485
4268324659
4268341725
6797624465
6797639012
4268496909
4268041416
4268495865
4268622147
4268521706
4268627688
4268340918
2830555731
4268283417
4268428414
4268422644
4268316579
4268478729
4268066949
4268458259
4268286721
4268459097
4268284290
4268422653
4268064419
4268430736
4268430029
4268424780
4268522678
4268519619
4268505288
4268503594
4268503571
4268597013
4268406485
4268023006
4268457341
2494563264
4268340405
4268427813
4268626592
4268523417
4268336681
4268521029
4268065332
4268458899
4268316530
3033706853
4268495995
4268457997
4268337783
4268406931
4268626141
4268337775
4268423191
4516287093
4268338934
3927425272
4268448728
4268321845
4268431869
4268423730
4268484295
4268409347
4268022854
4268321544
4268430620
4268466130
6733780331
4268458183
4268424459
4268485508
4268529184
3428943181
4268486325
4268621631
4268637243
6733831224
4290481047
4268430928
4268315949
4268286123
4268420684
4268331766
4268411239
4268522164
4268426630
4268485819
4268507267
4268064378
4287473691
4290476079
4268407249
4268345084
4268408948
4290476189
4268329545
4268320546
4268066909
4268065369
4268408129
6733526855
4268518852
4268448317
3428921486
4268477320
4268023512
4268494942
4268530711
4268285529
4268596879
4268457380
4268427064
4268410393
4268320148
4268336367
4268457483
4268522388
4268459718
6797606197
4268346581
4268620007
4268335751
6797639521
4268406905
4268485083
3399367641
3400347482
1935529786
4268322921
4268529393
4268448296
4268525487
4268421982
4268677182
4268066079
4268449081
2625761262
4268346409
4268499311
4268321636
4268409341
4268478904
4268333003
4268408225
4268425094
4268343633
6711320171
3358702624
4268331608
4268336049
4268519837
4268338622
4268424579
4268456573
4268458824
6733687387
4268343287
4268465719
4268426068
4268408661
6711355136
4268458106
4268410370
4268503502
3399378996
4268497858
4268339256
4268522942
4268425428
4268486088
2522245643
4268526313
6798330444
4268373086
3399311862
4268428001
4268425126
4268411601
4268520554
6798434839
4268335213
4268411465
4268427733
4268507257
2829945313
4268425546
4268317439
4268432383
2830565147
4268344036
4268620626
4268408666
4268594432
4268503786
4268336501
4268320371
4268337236
3428935445
4268507613
4268431926
3400340044
3033907966
4268324638
2494253071
4268641330
4268593959
3033374840
4268339369
4268318122
2627453134
4268407340
4268337833
4268448428
4268522798
4268628764
4268497915
4268634026
4516272026
6776262018
4516276696
4268410501
4515919827
4268524438
4268341422
4268345215
4516272102
4268337630
4268467376
4268329384
4268495893
4515919839
4268466122
4516278889
4516283585
4268523989
6798288795
2829935966
4515935313
4268467336
4268345111
4268041193
4515987881
4268625561
3032927471
4515987880
4268337581
4268503211
4516281378
4268459636
4516276694
4268065537
4268284090
4268345390
4268464979
4268420868
4268494889
4268341114
4268527142
4268507517
3400347440
4268466398
4268066637
4268620810
4268411241
4268633657
4268595350
4268323305
4268478616
4268494525
6797623893
6733603194
4268410920
2494267801
7158336122
4268521291
4268464997
4268428404
4268332220
4268637235
4268479602
4268507987
3399258853
4268341746
4268641227
4268524145
4268519910
4268524006
4268593707
4268322935
4268507586
4268318143
4268457526
4268285067
4268448438
4268428077
4268420798
4268041515
4268041725
3032982376
4268448911
4268592560
4268317330
4268625695
4268344249
4268066057
4268424617
4268464689
4268594377
4268322352
4268499376
4268410475
2337431397
4268409896
2829627537
4268421880
4287385564
4287473861
4268628743
4287379556
4268523821
4268344693
4268484147
4268477439
4268407658
4287429579
4268458016
4290442778
3033706578
4268507451
4268065250
2400544201
4268596618
4268594039
4268429865
4268421289
6733824359
4268425751
4268410061
4268519627
4268526143
3033689258
6797605992
3428950598
4268345942
4268448069
4268478536
4290659399
4268321116
4268526196
4268428045
4268467270
4405658763
4268494404
4268422879
3399367640
4268448961
3033375028
4516274409
4268335399
4268494361
6797580437
4268424085
4268420608
4268409080
6798424096
3034211878
4268331084
3032927645
2494267788
4268427715
4268040748
4268456875
4268495880
4268421844
4268285171
4268319528
4287379438
4268505816
2488504517
2494268537
4268320063
4268336450
4268334537
4268342296
4268336328
4268428210
4268495039
4268339420
4268519909
4268424876
4405437084
2494603717
4268411129
4268485564
4268495380
4515948920
4268449385
4268425414
4268337333
4268637774
4268331594
4268506919
4268330198
4268529801
4268504643
4268407259
4268425833
1880079493
4268495894
4268466618
4268621535
4268410590
4268449483
4268333403
4268458878
4268334399
4268064624
5757573549
4268494532
4268663083
4268643099
4268484114
4268477738
4268340649
3399327035
4290596620
4268344060
4268498802
4287385864
4268448478
4268626636
4287474004
4290697059
4268422746
4268484777
4268023891
4268343966
4268343915
4268420853
4268450319
4268336079
4268450675
4268450582
6733678739
4268426343
4268593887
4268425719
4268341641
4268640230
4268344571
4268485353
4268431348
4268346708
4268320688
4268336209
4268485777
4268525671
4268411528
2400518108
4268420443
4268339045
4290510792
4268426242
4268474295
4268643639
4268430388
4268637399
6798295911
4268411311
4268316999
4268626115
2494268531
3428938698
4268466195
4268041754
4268023503
4405464241
4268459482
4268528130
4268322522
4268319769
4268524958
4268448962
4268506160
4268466513
4268478978
4268346256
4268345423
4268345372
4268343336
4290711427
4268346376
4268317138
4268341676
4268323649
4268066907
4268595257
4268448622
4290638761
4287473609
4268425619
4290637902
4290489631
4268458350
4268065579
2494579980
4268346450
4268528307
4268286275
4268461275
2494588097
4268431288
4268333006
4268336520
4268341212
4268620248
4268503204
4268528732
4290595712
3428950479
4268286216
4268505369
4268593617
4290596084
4268424740
4268330666
4268319490
2421082406
4268316328
4268331835
4268641245
4268332564
4268519711
4268064375
4268344498
4268477578
4268343916
4268523690
3428921560
4268332922
3428921642
4268331262
4268343670
4268420724
4268504151
4268520710
3428942731
4268286438
4268507437
4268495473
4268449491
3428921536
4268506661
3428921487
4268316600
4268424313
4268527662
4268458158
4268426629
4268593339
4268041457
4268430295
4268484251
4268449580
3100519682
4268457647
4268425122
4268346313
4268480130
4268521804
4517373555
4268407628
6733773059
4287385760
4268022809
4268324015
4268664837
4268448458
4268427448
4268460649
4268593458
4268023013
4268338317
4268621635
4268634186
4268527423
4287446286
4290510785
3399367636
4268519204
4268459632
4268286443
4268286309
4268343278
4287379432
4268425180
4290501127
4268528907
4268347213
4268625693
4268520174
4268594200
4268456207
4268331556
4268424117
4268507643
4268478120
4268464975
4268285184
6733612608
4268620704
4268422769
4268318920
4287391254
4268634972
4268408033
4268340595
4268345732
4268495820
4268284730
4268464866
4268024006
4268317817
4268524891
3428950478
4268427303
4268421627
4290515365
4268457363
4268339536
4268347208
6733536114
4268425787
4268342497
4268478099
4268346643
4268284237
4268336066
4268638578
4268621225
4268430278
4268635727
4268425374
4268324336
4268620067
4268505671
6733781815
4268628347
4268595792
4268041021
4268529584
4268460956
4268497283
4268065107
4268430341
4268503848
4268485888
3927443045
4268485485
4268321230
4268478713
4268339388
4268624803
4268524525
4268410426
4268342025
7214198170
4268503190
4268345186
4268497096
3927492122
4268425670
4268344639
4268627685
6733300250
4268523944
4268344195
4268505295
4268525299
4268285784
4268318917
4268284100
6798305280
4268504774
4268424141
3358537131
4268458204
4268430366
4268526849
4268523216
4268524598
4268023080
4268322932
4268409130
4290767096
4268467282
4268329396
4268506476
4268525287
4268485614
4268344190
4268338665
3033671239
4268497112
4268331530
4268315440
4268411294
6797658493
3034211673
4268448334
4268041786
2830580064
4268407217
4268456408
4268316827
4268333518
4268505561
4268628695
4268625854
4268340061
4268422890
2494267799
4268023390
4268426350
4268507537
4268338219
4268466859
4268066561
4268335203
4268023932
4268424538
4268504337
4268449867
4268594315
4268407499
4268427305
3358539616
6733631849
3033374818
4268624906
4268528626
4268407364
4268424672
4268324171
4268448558
4268529250
4268409674
4268503698
4268459462
4268065549
4268484052
4268334120
4268485449
2829945366
4268065984
4268330595
4268498374
4268527830
4268334314
4268410424
4268337154
4268507798
7214122297
4268407373
4268486013
2494588846
6733679030
6733738353
4268506723
4268424518
4268345880
4268521735
4268333102
4268420970
4517318019
4268428224
4268527414
4268499356
4268321032
4268499407
4290696621
4268637414
4268337892
2494571849
4268640526
3032927761
4268503458
4268066935
4268334480
4268423714
4268458236
3399379100
4268457615
3399367671
4268320460
4268529349
2500688231
4268322736
4268332559
3428935063
4268465900
4268410711
4268064944
6798180721
4268641261
4268523379
4268408871
4268342370
3005423581
4268320691
3032737624
4268335580
4268628277
4268448754
4268480471
4268663146
4268458870
4268460419
4268430347
4268431159
4268427632
4268494943
4268521733
4268323929
4268465833
4268591889
4268320041
4268494314
4268336142
4268023117
2494269330
4268461434
4268316546
4268450871
4268424200
4268494469
4268478924
4268341542
4268596609
4268620343
4268337915
4268519986
4268627796
3399367567
4268329514
4268504242
4268504002
4268467052
4268342721
4268335276
4268448532
4268449572
4268448562
4268522757
4268592782
4268663424
4268431063
4405724615
6733632319
6797624457
4268519686
4268406893
4268316771
4268596317
2830580090
4268477550
4268341658
3362042460
6733764480
4268638025
4268621025
4268284384
4268340186
4268596720
4268407983
4268495969
4268496050
4268499194
4268529632
4268526539
3033706913
6798155902
4268495112
4268480228
4268506273
4290454850
4268407322
4268407636
4268432439
4268337587
4290486356
4268499061
4268526992
4268430473
2332363598
4268466476
4268507558
6733824357
4287446467
4268518992
2500699256
4268424282
4268341629
6733536556
4268621424
4268527593
4268485720
4268457344
4268346812
4405597629
4268336697
4268423959
4290637421
4268334741
4268496894
4268505293
4268335530
4268324246
4268423985
4268596289
4268407541
4268040706
4268316746
4268346980
4268485442
2494576776
4268459075
4268024080
4268478891
4268334393
4268448031
4268331868
4268521980
4268458877
4268486409
4268496791
4268525323
4268503179
4268499218
4268526187
4268637848
4268450173
4287404655
4268425740
4268634733
4268458942
4268411580
3428946936
4268423192
4268432468
4268065815
4268505405
4268430032
4268466263
4268600965
4268330634
4268459212
4268640080
2494269347
4268338840
4268507560
4268596468
4268341470
4268411413
3033375231
2400565806
4268456976
4268407555
4268461188
4268321352
4268329881
4268530742
4268485019
4268524138
4268283828
4268286074
4268521419
4268466378
4268023806
2494571830
4268324266
4268504105
4268324683
4268066322
4268339914
4268503812
4268401114
4268637484
4268496935
4268065754
4268626046
6733757005
4268634586
4268625793
4268526548
4268318075
4268637154
4268410335
4268478824
4268286735
4268065426
4268526190
4268332682
4268627061
3033689097
3032982366
4268643601
4268066668
4268458047
3033689108
4268503970
4268529626
3399326961
4268346456
3399389209
4267984702
4268624791
4268064960
4268335282
4268524815
4268431376
4268507632
6733799006
4268425204
4268458117
4268466927
4268528602
6797657696
4268423789
4268345391
4268336796
4268507615
4268521700
4268426030
4268430455
4268503294
4268449222
4268466615
4268479075
4268477347
4268626072
4268334241
4268621978
3399347104
4268495634
4268319521
4268422887
4268592871
4268424654
4268593060
4268484305
4268411099
4268621385
4268485710
4268465642
4268331601
4268334617
4268594154
4268333430
4268626049
4268428380
4268411571
4268409907
6746210892
4268324775
4268332998
4268423769
4268023889
4268319181
4268332261
6797580033
4268497928
4268465989
4268324189
4268425068
4268421073
4395120296
4268458382
4268677722
4268450522
4268428803
4268040637
4268466257
3399367651
4268316604
4268333116
4268459460
4268596774
4268495515
4268338433
4268524855
4268317657
4290460208
4268317324
4268064936
4268527668
4287379660
4268498351
4268342511
4268343409
3428921496
4268022938
4268526491
4268344263
4268593451
4268498588
4268341683
4268638527
4268485770
3362049587
4268525571
2522259940
4268460604
4268485324
4268495033
3033689421
4268329602
4268478204
4268065792
4268485038
4268339296
4268633669
4268520450
4268526686
4268622111
4268407063
4268340197
4268465807
4268340735
4268528826
4268337249
4268632781
4268466423
2044886598
4268620530
4268466323
4268448294
4268526748
4268620323
6733705359
4268320692
3032982227
4268448475
4268408436
4268426929
4268317417
4268530776
4290647479
4290659716
4290629203
4268431841
4268477177
4268323895
2522245708
3034211712
4268643169
4268316539
4268023908
4287446175
4268064182
4268450941
6733308165
4290538357
4268485618
4268339106
4268066350
4268040615
4290696971
4268466793
4268331511
4268333618
4268340466
4268498548
4268506975
4268486351
4268428160
3428929599
4268643503
4268064183
4268456247
4268320987
4268421662
4405663275
4268641101
4268459113
6733536930
4268625573
4268596759
4268422533
4268495088
4268410848
4290442993
4268592299
4268323765
4268283416
4268478187
4268530082
4268041630
4268640755
2494252964
4268623018
4268621094
4268283808
4268342735
2494603719
4268626209
4268620021
4268638574
4268598859
4268042000
4268495690
4268424810
4268507584
3033707003
4268459686
4268342057
4268628627
2830555769
4268332544
4268528778
4268456954
4268530444
4268495720
4405475119
4268430387
4268526185
4268346723
4268640290
4268520383
4268023291
2830070510
4268315969
4268485317
4268457234
4268316447
4268408299
4268449002
4268498436
3032242588
4268321382
4268450826
4268497636
4268640521
4268333101
4268519821
4268497785
4268425544
4268479026
3034211643
4268528922
4268423017
4268346674
4268285394
4268592167
2494563319
4268466775
4268456289
4268430327
4268627541
4268324119
4268457706
4268457339
4268479402
4268466844
4268065512
4268409545
4268041774
4268520445
4268480305
4268410555
4268335859
4268319978
4268495632
4268594491
4268066585
4268519725
4268318288
4268321819
4268426213
4268504644
4268423908
2494267850
4268496770
4268464535
4268317670
4268458499
4268496171
4268461436
4268625548
4268457732
4268506721
4268344819
4268494538
2703826858
4268525920
4268528879
6733612874
4268337922
4268523945
4268432035
4268316686
4268663167
4268285281
4268460595
4268624526
4267984664
4268499022
4268499159
4268337360
4268340107
4268498882
4268507343
4268528412
4268323926
2829935871
4268465718
4268596794
6798434916
4268425142
3428935074
4268319168
4268460451
4268323017
3926924877
4268431040
4268065440
4268457373
4268528917
4268424889
4268344383
4268622093
4268340593
4268411127
4267984754
4268662728
4268507974
4268477676
4268338036
4268529247
4268591395
4268627377
3399367588
4268408153
3032982363
4268527013
4268331097
4268523113
4268317184
4268527141
4268527739
4268425794
3033671696
4268423588
4268345171
4268424801
4268623100
4268430247
4290638313
4268458288
4268427618
4268621687
4268040516
4268592620
4268423283
4268478064
4268627909
4268316883
4268457257
4268497901
4268525766
4268346895
4268638474
6733713038
4268478602
4268633145
4268628816
4268478719
3033706338
4268620505
4268325022
4268622095
4268339630
4268411210
4268526401
4268430162
3032981937
6798348124
4268332968
4268064596
4268484756
4268595349
4268334701
4268485482
4268448536
4268494748
4268333802
4268424995
4268464532
4268632948
4268449041
4268426756
4268457947
4268496645
4268427434
4268498700
4268423395
4268333182
4268432493
4268641255
4268633257
2830584707
4268494638
3032927336
4268506135
4268319773
4268338071
3358684797
4268456144
3358313100
4268315882
4268317892
4268332426
4268499352
4268408247
4268338692
4268422420
4268503814
6733712785
4268344427
4268331006
4268428306
4268421579
4268497583
4268407081
3428950551
4268640320
4268526134
4268286322
4268320366
4268330974
4268503407
4268330884
4268321787
4268335562
4268464860
3428921495
4268479607
3033706485
4268319272
4268478932
4268507412
6733688245
4268347016
4268431255
4268623481
4268495311
4268465471
4268041465
4268323170
6797614728
2829945350
4268519270
4268449260
2830555746
4268425035
4268284739
2830070440
4268428149
4268477947
4268503313
4268411447
7816483637
4268425247
4515948436
4268432421
4268503834
4268458508
4290638048
4268591222
4268429401
4287429690
3033689087
4268503912
6531366518
4268318015
4268448896
4515929835
4268424417
4268320996
4268408872
4268334175
4268346007
4268430406
4268466925
4268477877
4268486318
4268525138
4268448524
4268593576
4268528808
4268334767
4268041946
4268629651
4268484415
3428929668
4268338749
4268522356
3033706957
4268644909
4268592601
4268420517
4268686446
4268423822
4268407795
4268317050
4268477475
4268495306
4268422900
4268023546
4268503345
4268625642
4268345400
3362030653
4268494627
4268411281
4268423572
3032748189
4268591325
4268623556
4268507143
4517348853
4268341605
4517318395
4268432426
4268407475
4268591220
4268466578
4268344124
4268341544
4268499420
4268525498
4405666987
4268527174
4268479740
4268594186
4268529244
4268335043
4268321237
4268637846
4268332947
4268528813
3399763012
4268408891
4268624795
4268329743
4268465139
4517318269
6733712783
4268519131
4268494674
4268335862
4268425159
3033374826
4268333405
6733756304
4268346249
4268484231
4268409452
4268317139
4268638045
4268522363
4268332651
4268283468
6531330119
4268633321
4287385577
4268495225
4268424631
4268064147
3034371051
4268522378
6798424339
4268594391
4268459580
4268448515
4268497921
6733730985
4268529402
4268458815
4268627762
4268480255
4268340346
4268460303
4268422173
4268340645
4268637620
4268495763
4268629713
4268522271
4268626258
4268594420
4268633510
4268479121
4516274065
4268425602
4268524628
3358701593
4268320838
4268407192
4268420708
4268345621
4268506272
4268625397
4516281372
2830555730
4268499349
4268341952
4268643080
4268527270
4268466612
4268316896
4268479031
4268427241
4268622115
4268524606
4268066206
4268340733
4268431054
3033689368
4268485151
4268423396
4268495099
4268503445
4268518974
4268506682
4268285168
4268408367
4268320558
4515954106
4268315862
4515948465
4268467000
4268528524
4515929830
4268344005
4515987889
4268627179
6174149121
4268507533
4515990243
4268338671
4515929717
4268526352
4268319627
4516272037
4268504273
4268461330
4515929431
4268458341
4516272022
4268628280
4516281366
4268344198
4515978484
4268460817
4515953917
4268595618
4515935299
4268321797
4268427443
4268427430
4268410519
4268342386
4268405929
4268526540
2520906575
4268464581
4268503221
4268450618
4268457985
4268626132
4268449656
4268316891
4268409732
3032927496
4268286713
4268521757
4268410688
4268479143
4268643136
3033688924
3399389210
4268333394
4268426011
6733721893
4268347115
4268427784
4268321144
4268347014
4268320216
4268504059
4268478252
4268409525
4268527890
4268318890
6797580067
4268339089
4268317739
3428925846
4268591506
4268337157
2559619004
4268424002
4268498794
4268505749
4268478134
4268423421
4268427706
4268408081
4268346117
4268495591
4268520106
4268591323
4268346849
4268505196
6733545328
4268430681
4287404668
4268496335
4268644878
2494588087
4268335083
4268065404
4268637572
4268330372
3153861843
4268325114
4268521587
4268331915
3033907990
4268410981
4268284653
4268522127
4268479706
4268494678
4268621048
4268338445
4290629422
4268283965
4268505277
4268450366
4268591389
4268495770
4268527173
4268429812
4268496611
4268523796
4268621764
4268484421
4268519747
3399259252
4268494473
4268344480
6798347611
6798339986
4268450081
4268497307
4268337771
4268407451
4268345128
6531350317
6531313560
4268323254
4268529888
4268425221
4268285812
5596231077
4268529829
4268319038
4268284612
3034277880
4268432396
4268429266
4268323054
4290772376
4290647137
4268342706
4268335202
4268496607
4268319692
4268422839
4268591982
4268318899
4290471820
4268518984
4268626515
4268343223
4268410776
4268346068
4268505280
4268333663
4268626174
4268318823
4268423173
4268041304
3428950913
3399311841
4268593929
4268503200
6798314298
4268498795
4268325081
4268338970
4268497354
4268065966
4268066662
4268478814
4268064854
4268505872
4268340979
3927381876
4268065997
4268064627
2532294144
4268284777
4268320708
6733764672
4268342562
4268620017
4268496990
6733661035
4268459553
4268410641
4290460600
4268410749
4268466887
4268430595
4268344325
4268432020
4268066829
3005392431
4268592512
4268430655
4268338215
3841633305
2829935911
4268591239
4268506930
4268320279
4268333624
4268411092
4268479186
4287463304
4267984649
4268041203
4268334693
4268425994
4268521162
4268337694
2431779926
4268345221
6939556464
4268626246
5779354156
4268526481
3033706727
4268285312
4268423680
6733814805
4268596603
4268424332
4268530797
4268507142
4268338581
6733583194
4268632915
4268324960
4268620254
4268424391
4268345292
7151781043
4268285464
4268524580
4268411121
4268461181
4268524309
4268485227
7146723177
4268448934
4268331095
4268066936
4268645190
4268420770
2534940212
6798373505
4268323944
4268330874
4268343275
4268426916
4268505030
4268595621
4268317679
4268637160
4268338064
4268457702
4268518898
4268423025
4268041707
4268478683
4268430451
4268341299
4516281953
4268338921
4268486170
4268410741
2829935875
4268424635
4268456230
4268626023
4268284754
4268317354
4268520019
4268340905
3362049602
3927425361
4268407003
4268598484
4268040523
4268507571
4268507609
4268317740
4268467002
4268285820
4268594367
6746271350
4268333365
4268336619
4268527809
4268410985
4268408450
4268407615
4268519202
4268527223
4268504180
4268466750
4268065233
4268450838
2829627463
3032927681
4516274486
4268595549
4268422996
4268428681
4268449463
4268676830
4267984647
4268620515
4268345835
4268626280
4268525396
4268523088
4268336134
2494563205
4268594765
4268450008
4268458816
4268409498
2830555751
4268485568
4268315607
4268329714
4268343777
2830565070
2829627593
3033706838
4268323915
4268449479
3399379063
4268460975
4268448396
4268503940
4268022782
4268591208
4268594414
4268484838
4268527213
4268485672
4268504106
4268523436
4268427181
4268316583
3428950514
4268448740
4268497551
4268410902
4268591221
3428930016
4268522823
4268335594
4268504110
4268345530
4268421512
4287429334
4268459051
2830584711
2494602716
4268450637
4268507020
4268335147
4268449214
4268627246
4268486176
4268457307
4268478600
4268423030
4268284757
3005427288
4268505613
4268345402
4268331126
3927381733
4268527125
4268316544
4268524092
4268343196
4268494881
4268466611
4268341183
3033374798
4268459262
4268424165
4268427058
4268486896
4268450764
4268627372
4268421752
4268480181
4268420541
4268497649
6733688072
4268345089
4268521656
4268528885
4268336434
4268593299
4268407910
4268420605
4268477175
4268339551
4268334212
4405703305
4268424099
4268065908
4268593130
4268423600
4268423400
4268041777
4268494636
4268344724
3428925793
4268494886
4268411117
4268346119
4268411242
4268637360
4268479494
2829627476
5432370854
3033375163
4268323538
4268461331
4268331882
4268065331
6733714239
6733723022
4268337185
4268041011
4290489499
4268321018
4290628944
4268410463
4515978802
3032927334
4268343217
4268477355
6746169156
4268495411
4268424025
4268464871
4516286766
4268506621
4268640064
2830070501
4268677875
4268420462
4268503516
2331322154
4268317034
3033689461
4268330905
4268344161
4268479598
4268529348
4268421390
4268498673
4516264779
4268424283
4268529086
4268495297
4268324752
4268041446
4268592806
4268450939
4268638130
6701745673
4268317334
4268457064
4516276743
4268065942
4268344266
4268479979
4268408126
4268341578
4268465106
4268330505
4268344609
2116469739
4268450797
3033706567
4268336371
4268283823
2096143816
4268285004
4268626137
4268464898
4268523204
4268408068
4268421653
4268484912
4268323661
4268526472
4268424093
4268335289
4268664432
4268640313
4268339570
2829627487
4268456918
4268486512
4268465104
4268410968
6711320196
4268496215
4268504039
4268343565
4268424534
4268330571
4515919859
4268329398
4268524841
4268335317
4268459435
4268336430
4268641800
4268431027
4268023496
3032737838
4268321233
4268664840
4268458757
4268643525
3034211634
4268625022
4268316790
4268319371
4268284149
3358687157
3362043982
4268530247
4268505038
4268342441
4268411354
4268066333
2830577356
4268284107
4268643626
4268423032
4786556050
4268406408
4268630236
4268506834
4268420928
4290629459
4268319437
4268431966
4268529610
4268459368
4268478854
4268336139
4268479371
4268323891
4268498643
4268337902
4516292963
4268331412
4516287620
7848486521
7114469780
7138960459
4268407553
4268495920
4268529849
4268643132
4268497444
4268325085
4268335937
4268317031
6798389884
4268459269
4268522390
4268424109
4268461059
4268423911
4268459474
4268519378
4268317798
4268428261
4268591445
3033960613
4268459994
4268344405
4268333086
4268317803
4268346711
4268336942
3318372887
6798220077
6798213399
4268518851
4268430441
4268337238
4268322368
4268522408
4268022944
4268520689
4268522478
4268465780
3032737927
4268426008
4268505380
2494268420
4268346753
4268479661
4268499616
4268323195
4268507075
4268431078
4268316887
4268411561
4268518958
4268449084
4268423223
4268448958
4268507245
4268593227
4268591309
4268458746
4268331993
4268460716
4268505249
4268431077
4268285385
4268519611
4268431641
4268643640
4268324851
3399379060
4268431447
4268526848
4268410978
4268343734
4268522702
4268626130
4268023873
4268519692
4268024010
4268484695
4268428650
4268495786
3399367564
4268420391
6746298662
6733526668
4268424885
4268426354
4268330513
4268342029
4268591969
4268410287
4268524268
6798145578
4268315739
4268504199
4268640794
4268422212
4268318616
4268022686
4268620921
4268638037
4268409935
4268505959
4268420671
4268315455
4268625777
4268347180
4268595232
4268341077
4268457066
4268477438
4268479418
4268064595
1918665354
4268449737
4268457048
4268478981
4268345913
4268427190
4268639118
4516288024
4268066626
4268422668
4268407621
4268317687
4268315591
3032748201
4268425252
3927439695
4268457635
4268430043
4268343513
3358686998
4268632814
4268530465
4268406018
2829627559
4268479087
2494563329
4268495126
3399389222
4268633184
4268407056
4268325030
4268523894
4268338312
4268330242
4268456978
4268464578
4268592843
4268459908
4268485239
4268321533
4268339988
4268595701
4268340897
3400347499
3358404466
2176380877
4268333096
4268524778
4268459067
4268506951
4268322350
4268596679
6531343424
6733631831
4517331320
4268456267
4268596480
4268333088
4268594706
4268624824
4268499499
4268639974
3033689261
4268645037
4268458272
4268495555
4268320958
4268318647
4268316561
4268638113
4268507018
4268593934
4268449469
4268431964
4268526118
4268339963
4268317814
4268527834
2494602721
4268343909
4268324145
4268284600
4268329962
4268316450
4268424346
4268496918
4268591269
4268504497
4268465456
4268450833
4268591655
4268448444
3399389273
4268346949
4268449092
4268324135
4268411200
3033375218
2494588101
4268450662
4268530321
4515978386
4268479657
4290628361
4268430220
4268485322
4268336437
3428946880
4268627649
4268318206
4268458338
4268317857
4268411675
4268485761
4268329515
4405470066
4268505020
2830565149
4268621574
4268523219
4268318188
4268342172
4268329409
4268504921
4268448200
4268344478
4268421465
4268317986
4268458919
4268521901
6733583367
4268285139
4268324090
4268331519
4268423684
4268339920
4290510773
4268530091
4395117292
4268339600
4268337146
4268522389
4268041706
4268342720
4268317376
4268429384
4290455103
4268432371
4268430224
4268456183
3033671354
3032737545
4268640045
4268477532
4268339819
4268465204
4268620282
4268406482
2494571766
3033689074
4268406672
4268459076
4268421012
4268503647
4268336152
4268330696
4268338820
4268337568
4268637988
4268637625
4268593964
4268460722
6733309240
4268024021
4268449383
4268334522
3032982407
4268346451
4268427834
4268449445
4268340404
4268334660
4268458145
4268460905
4268340549
3358537204
4268640066
4268344910
3033375035
3399390654
6155254928
4268627807
4268406877
4290711583
4268427685
4268467309
4268316429
4268494894
4268341373
6711343446
4268456753
4268627529
4268621139
4268325070
4268522959
6797606535
4268430376
4268335930
4268526154
3399311970
4268331096
4268320761
4268341670
4268422192
3399379116
3033700242
3399379026
4268495680
4268477922
4268066760
4268321555
4268338799
4268465462
4268466300
4268640049
6733583362
4268340726
4268411499
4268638103
3032982111
4268424904
4268284544
4268523999
4268320165
4268643526
4268621311
4268495129
4268448533
4268458805
4268315512
4268041601
4268495529
3428929649
4268410891
4268426229
4268342517
4268426211
3399347019
4268344935
4268411015
4268423690
4290710861
3428925772
2400597421
4268637477
4268324273
3428935045
4268023862
3428938728
4268633100
4268485051
4268458524
4268624807
4268320595
4268335365
4268526137
4268315587
4268457193
4268407226
4268409998
4268284810
4268428280
4268331918
3032982094
4268497787
4268449016
4268456960
4268450630
4268620259
4268425783
4268066565
4268338351
4268064630
4268283648
4268457775
4268486428
4268284220
4268520758
4268335082
4268528924
4268506795
4268485298
4268478568
6746121297
3428938564
4268495016
4268458863
4268427809
4268522544
4268431551
4268432041
4268341985
4268324640
4268425793
4268677746
4268457988
4268423691
4268409159
4268023024
4268422534
3032737561
4268427506
4268040610
4268478773
4268340727
4268424864
4515987968
4268507547
4268526874
7791369795
4268408617
4268420822
4268340585
4268024049
4268410119
4268320467
4268503411
4268425979
4268448933
4268341497
4268486746
4268522299
2494268466
4290695807
4268407844
4268420537
4268479289
4268409707
6020852240
6746124439
4268495560
4268496154
4268504330
5133855299
4268022619
4268596047
4268591380
4268410530
4268424546
4290647998
4268338801
4268422548
4268336368
4268431998
4268067004
4268344925
4268410650
4268423491
4268341523
4268634628
4268640232
4268528967
4268465112
4268641092
4268333538
2629668585
4287463485
4516291993
4268520919
4268410965
4268594114
4268344019
4268423428
4268341407
4268316610
3032927575
3927390712
4268319970
4268411560
4268497314
3358701616
4268428300
4268284646
4268485801
4268458033
2830565144
4268519370
4268331066
4268345203
4268335425
4268626206
4268525374
6733747529
4268343872
4268407991
4268321235
4268343866
4268486199
4268324923
3033688952
4268332967
4268424704
4268504266
3927410162
3032737947
4268496749
4268347143
6746313000
2494269281
4268335066
4268484703
4268343913
4290638092
4268456681
4268318356
4268284054
4268286317
4268461433
6733613347
7668156511
4268477464
4268324086
4268663113
4268449997
4268591386
7495410087
4268426349
4268620688
2830580078
3034212048
4268340857
4268410445
4268627633
4268523182
4268316578
3428922028
4268410683
4268494368
4268065843
4268339651
4268591991
4268421097
4268465209
4268503677
4268640163
4268520683
4268464865
4268340438
4268627259
4268322260
4268625101
4268505950
5300092617
4268505410
4268319695
4268627520
3033671430
4268505452
4268529641
4268495623
4268421704
4268284137
4515953955
4268425807
4268519759
4268421411
4268331559
4268336010
4268423046
4268424471
4268484115
4268503304
4268496293
4268286271
4268497568
6733696639
4268409606
3358701655
4290486061
4268529235
4268496020
4268467155
2494588848
4268425455
4268628752
4268526050
4268334526
3033375072
3033706364
4268624338
4268503191
4268596136
4268624679
4268498804
4268495910
3362045365
4268457267
4287446173
4268460970
4268523137
4268337919
4268466597
4268334455
4268467014
4268324230
4268450690
4268596557
4268457605
4516281354
4268457601
4268023418
4268485029
4268340408
4268458477
4268338521
4268341663
4268485887
4268519404
4268523199
4268316533
4268410961
4268466875
4268457596
4515953908
4268460537
2494268519
4268331574
4268330524
4268430626
4268343779
4268422535
4268315520
4268527886
4268408412
4268338754
4268428692
4268325026
4268479370
4268331003
4268485520
3033671398
4268338146
4268341684
4268286108
2829945352
4268407574
4268529872
4268628612
4268040925
4268496592
3399379209
4268495772
4268495362
4287391381
2829627568
4268504362
4268484938
4268430050
4268521698
3033688904
4268503826
4268499416
4268461050
3033374791
4268344808
3399191131
4268426606
3399258878
4268459083
4268457132
4268425087
4268519502
4268333789
4268284823
4268519677
4268530771
4268346093
4268319612
4268041423
6798347879
4268023068
4268594081
4268458710
4268458135
4268504397
3428925693
4268450354
2494571833
3399327098
3033706847
4268477797
4268497916
6733661073
4268421341
3032927329
4268593264
4268341304
4268523008
4268597284
4268323961
3032982463
3032981971
4268627282
4268465123
4268411216
4268527289
4268519278
4268344229
4268503575
3033689246
4268022859
4268622191
4268523312
4268624831
4268486423
4268340113
4268507800
4268318114
1923612732
4268527724
4268345757
4268424277
4268338301
4268285047
4268499028
4268506206
4268335865
4268466808
4268677140
4268410620
4268528426
4268341529
4268346110
4268341357
4268064181
4268410674
4268409887
4268594310
4268450267
4268065491
4268466735
4268316870
4268626165
4268424559
4268496126
4268341291
4268024063
4268478625
3033375203
6531343434
4268432089
4268284094
4268457255
4268283458
4268065809
4268499477
4268628350
4268497345
4268427030
4268625551
4268431824
4268494579
4268341271
4268525740
4268336229
4268338263
3399379033
4268486366
2281938836
4268621610
3358404461
4268529684
4268064837
4268408895
4268495439
4268424723
4268425231
4268320342
4268408581
4268638577
4268637649
4268497134
4268332556
4268485363
4268626101
4290628891
4268409796
4290497669
4268465145
4268285828
4268505556
4268448704
4268421859
4268331109
4268596199
4268629931
4268338113
4268520770
4268485987
4268428682
4268464533
5876630791
4268329949
3428929567
6746110720
4268330126
3428921566
4268503931
4268619991
4268336970
4268486980
3428942673
4268526681
4268457956
4268335035
3362034241
4268518863
4268334178
4268627094
4268466265
4268498771
4268592670
4268347195
4268466876
4268066557
4268461278
4268479863
2494580083
4268331280
4268335377
4290476365
4268518756
4268483998
4268524872
4268494730
4268024189
4268596190
4268628359
4268664184
4268496296
4268284601
2626642291
3927369079
4268485679
2522245305
4268343822
4268478886
4268466370
5291143112
4268284545
4268023315
4268528210
4268321677
4268428434
4268411094
4268477630
4268505994
4268432037
4268640166
4268318166
4268064166
4268337574
4108346024
4268335920
4268596350
4268459514
4268066173
3032927827
4268627429
4268450357
4268317104
6733780573
6798314289
4268285374
4268499205
4268283511
4268625545
6733748101
4268425891
4268334610
4268427083
4268299190
4268338062
6798171559
4287446502
4268346796
4268338752
3358684874
4268519990
4268593549
4268461602
4268423236
4268319944
4268485871
4268592764
4268425750
4268521300
4268642923
4268422083
4268529657
4268283444
4268315447
6798389432
4268066726
4268319077
4268325069
4516287646
4268341561
6798355611
4268334258
6711285648
4268485152
4203171721
4268428556
4268431166
4268637741
4268527409
4268299163
4268041625
4268504868
4268594844
4268498074
4268023919
3034212104
4268505025
4268624825
3399307796
4268407866
4268319595
4268522270
4268426363
4268529256
4268320201
3153903552
4268316455
4268458671
4268484393
4268456331
4268518882
4268494931
4268524536
4268338044
3032982197
4268318421
4268620816
4268528387
4268329542
4268339638
4268341708
4268494374
4268338628
4268520090
4268421666
4268284775
4268627641
4268637542
4268641199
4268411112
4268317166
3358687004
4268596294
4268345651
4268519164
4268520975
4268485674
4268426860
4268430498
4268478068
4268322660
3358684795
4268497341
4268335954
4268342062
3033688922
6135436629
4287391323
4268023102
4268330548
4268499322
2829627547
3034211886
4268619950
4268638563
4268333612
3399311924
4268465360
3358513709
4268342703
4268521428
4290489649
4268344295
4268595418
4268431940
4268321572
4268339021
6797580592
4268504213
4268596784
4268427074
4268521852
4268334456
4268329936
4268430602
4268457626
4268529886
4268409549
4268342495
4268595361
4290489456
4268448244
3362049526
4268331568
4268596423
4268333878
4268467164
4268411174
4268410784
3033706401
4405654677
4268407203
3399307783
2494603649
4267984772
4268040806
4268594973
2494269259
4268318049
4268508002
3033375059
4268333826
4515948789
4268466483
4268065118
4268523834
4268411624
4268627116
4268625691
4268530702
4268426291
4268594369
4268626314
4268323984
4268507145
4268627694
4268485023
4268431103
4268496333
4268592143
4516262575
2627450788
4268411113
4268530811
4268346877
4268449693
4268427347
4268429374
4268299121
4268477819
4268333823
4268041868
4268345882
4268628046
4268424803
2394993051
4268504844
4268486868
4516352212
4268528320
4268448041
4268346555
4268465091
4268526423
4268421828
4268592398
4268507134
4268409694
2627448641
4268323493
4268425553
4268023614
4268339423
4268409180
4268346278
4268503203
4268411455
4268331198
4268428790
4268478664
4268499346
4268630497
3358404516
4268448745
4290454843
4290501107
4268064601
4268640536
4268448405
4268427652
4268286066
4268505236
4268497628
4268423180
4268318134
4268342166
4268408442
4268432323
4268284762
4268319740
4268316189
4268621411
4268625697
4268633121
4268066116
4268429837
4268465605
4268426175
4268341325
4268023323
4268466140
4268345004
6733631089
4268593870
4268629763
4268495713
3034211624
3032927579
4268317052
4268497394
4268065981
4268595419
4268643079
4516286796
4268525039
4268406028
4268620460
4268466610
4268494528
4268333209
4268596218
4268346954
4268333656
4268594775
4268643059
4268335034
4268345326
4268507387
4268593307
4268592662
4268420999
4268450099
4268323501
4268635494
4268457887
4268596454
4268495914
4268478931
4268065771
6733678861
4268458782
4268284802
4268423089
4268456277
4268422436
4268486229
4268456927
4268333617
3032982346
4268626268
4268285509
4268284129
4268318955
4268420603
4268432385
4268343176
4268504049
4268627630
4268040574
4268528662
4268041954
4268477788
2829945345
2829627439
4268420743
4268457262
4268334527
4268421120
4268283450
4268478678
4268466064
4268477160
4268477958
4268457924
4268596032
4268317816
4268431484
4268040965
4268331864
4268321763
4268498917
4268448739
4268343520
4268430293
4268479641
4268422194
4268620935
4268449028
4268316080
4268323927
3033671526
3428938567
4268484955
4268318350
4268432328
4268343561
4268408512
2400574628
4268066600
4268346474
2400582995
2829627558
4268456786
4268316543
4268486040
4268519445
4268424110
4268467057
3033671508
4268457355
4268344085
4268530299
4268499333
4268431580
4268527601
2829945096
4268338524
6733679106
4268330999
4268485890
4287429524
4268425471
4268411119
4268332647
4268522263
4268640323
4268430921
4268485039
4268526609
4268456437
4268478202
4268497114
4268334789
4268329983
4268335397
6798296137
4268409494
4268448282
6798314380
4268285214
4268459320
4268065849
4268317663
4268525898
4268285675
4268429897
3358382355
4268520780
4268421438
4268406013
3033689105
4268323884
4290711069
4290526394
2494252956
4268400096
4268494754
4268523347
4268319987
4287446232
4287429640
4268457532
4290647904
4268339732
4268323664
4268333754
4268408294
4268407799
4268591492
5801066244
4268507332
4268477554
4268317660
6733583364
4268505940
4268283793
3362049582
4268408806
4268527032
4268479557
4268337778
6733308038
4268485434
4268505939
4268317840
4268520924
4290548601
4268630100
4268519197
4268333120
4268425379
4268343680
4268341412
4268408704
4268596615
4268503500
4268461220
2494563326
3358323459
4268065913
4268346765
4268504130
4268459843
3927413260
4268333622
4290637561
4268332825
4268596365
4268596279
4268486105
4268333376
4268629300
4268633187
4290710659
4268330024
4268333258
3033717830
3428946891
6733722769
4287404940
4268317721
4268485609
4268594471
4268343296
4268322960
4268625282
4268485767
4268478501
4268506158
4290510508
4268331083
4268525054
4268335512
3358687037
4268625277
4268448215
4268494768
2829945291
3399194248
4268407659
4268528221
4268041385
4268499531
4268424475
4268331158
4516283279
4268498521
4268620255
4268466616
4268330387
3033689041
4516342308
4515987488
4268464566
4268422320
4268521689
4268319799
4268315813
4268420455
4268346289
4268518762
4268527612
4268315973
4268498616
4268320225
2494267829
4268459037
4268465954
4268343034
4268486689
4515954088
4268495642
4268421310
4268505640
4268496853
4268624515
4268621654
4268321244
4268449929
4268450738
4268339564
4268503176
4268316823
4268422835
4268344769
4268319249
4268530779
4268407001
4268321181
4268426160
4268592550
4268494640
4268421659
4268330661
4268503307
4268320451
4268331860
4268459430
4268345608
4268519112
4268411312
4268457514
4268497418
4268627299
4268421826
4268478878
4268478631
4268466472
4268527657
4268477182
4268023763
4268626219
4268431950
4268641689
4268343558
4268332741
4268324994
4268344496
4268340903
4268662845
4268523344
4268478949
4268023081
6733309225
4268596455
6733388984
4268335143
4268339893
2829949911
6798296865
4268425008
4268593271
4268318147
4268526767
4268524770
4268430907
4268341266
4268330690
4268627788
4268431126
4268064130
4268485797
4268421101
4268525133
4268506229
4268479009
4268595827
6746206816
6733696439
7393709423
4268518860
4268410783
4268593883
4268460795
4268457993
4268484577
4268467117
4268450659
4268023906
4268507500
4268066223
4268529185
4268485751
4268040801
4268620334
4268484495
4268505340
3034356674
2627456372
4268408032
5687548771
4268335818
4268421561
4268408276
4268523047
3399759369
5258060226
4268345373
4268499032
4268424750
4268520679
4268459651
4268529141
4290711610
4268285392
4268423109
4268409461
4268640304
4268285167
4268319908
4268498563
4268335149
4268333709
2400518137
4268466774
4268324071
4268421177
4268504129
4290647207
6745787999
3032737862
4268627263
4268411552
4268486484
4268625629
4268339888
4268626648
4268448681
4268430889
4268519260
4268478050
4287404660
4268478665
4268428694
4268640662
4268504587
4268460406
4268023554
4268622019
4268430172
4268284499
4268503511
4268284154
4268425595
4268023091
4268411069
4268409319
4268459911
4268520735
4268458127
4268478562
4268457173
4268322408
4287404887
4268498083
4268507538
4516283287
4268316114
4268596698
2829935907
4287379685
4268620651
4268503432
4268496987
4268525985
4268041593
4268330222
4268456336
3033689299
4268065141
4287404889
4268408421
4268456402
4268448580
4268519480
4268485419
4268480177
4268625453
3400351880
4268449269
4268332976
4268285896
4268594606
4268065090
4268342423
4268637404
6798127403
4268504108
4268345041
4268347093
4268321399
4268336653
4268456214
4268456173
6733799078
4268421926
4268424004
4268410589
4268521495
4268422448
3358702513
4268519246
4268334599
4268320792
4268504565
4268592859
4268478591
4515987885
4268503574
4268338772
4268450904
4268331125
4268408496
4268323914
4268324971
3428946800
6733612679
4268595070
4268595488
4268520378
4268316460
4268593004
3399390759
4268420377
7167417502
3005424269
2829627436
4268449830
4268330202
4268065076
4268323641
4268408766
4268343981
4268458082
4268506955
4268499312
4268504566
4268644150
4268507282
4268523827
4268620205
4268420949
4268283633
4268040665
4268643681
4268507290
4268640441
4268458731
7595608096
4268429923
3428950416
4268332528
2520906743
4268522635
4268497669
4268425589
4268523019
3033375389
6733697663
4268448734
4268507815
4268322743
4516262577
4268637616
6733671169
4268329974
2627450690
4268594425
4268595783
4290696874
4268420376
2627445336
4268428010
4268040913
4268023241
3032737627
4268456155
4268498397
4268428296
4268421730
2522257842
4268464884
4268627576
2494571778
4268408997
4268457046
4268627947
4405475066
4268428067
4268323962
2830555745
4268626122
3399327083
4268465248
4268317420
4268593308
2494603645
4268432369
4268421069
4267984742
4268478303
4268428626
4268637865
6695322281
4405667089
4268406008
4268429809
2318743063
6798339492
4268410157
4268283949
4268506792
4268324040
4268626228
4268524038
3362044015
4268421609
4268329956
4268494992
4268344714
4268449689
4268345193
4268286080
4290501167
4268334206
4268425588
4268406865
4268495638
4268478767
4268024008
3358701750
4268341649
4268628771
2394994815
4268479018
4268466237
3428925799
4268594405
4268496717
3033706484
4268330147
4268498701
4268622024
4268065110
4268423397
4268285438
4268316868
4268628619
4268495334
4268284068
4268337883
4268459147
2500728041
4268478225
4268519816
4268496582
4268345422
4268422592
4268485007
4268023486
4268336440
4268645019
3034211683
6733545356
4268593532
4268407673
4268458202
3428947273
4268477897
4268283643
4268331557
4268428538
4268334484
4268339929
4405724435
4268460449
4290647978
4268494857
4268624602
4268406987
4268461446
4268345918
4268643131
4268625987
4268324254
4287429503
4515989428
4268523191
4268495972
4268477516
4268432362
4268450819
4268411328
4268064917
4268521622
4268459095
4268458609
4268467366
4268410550
4268530674
4268285373
4268285819
4268410879
4268478243
4268496058
4268494387
4268457697
3428921628
4268421417
4268448463
4268408486
2830577446
4268594635
4268485059
4268622043
4268498698
4268593285
3358404467
4268343040
4268425736
4268336637
4268319120
4268465934
4268064170
4268622116
4268424569
4268457660
4268640578
4268496082
4268478127
4268467130
4268324268
2494563278
3399327105
4268494520
4268503334
4268664384
4268506928
6733687477
4268041892
3358701718
4516283349
6751666313
2395006928
4268485162
4268317269
4268478500
5605249413
4268664477
4268485436
6733815822
4268522770
4268523924
3399347007
4268409738
4268504198
4268284133
4268066280
4268528991
4268486472
4268505936
4268319033
6733704102
4268422759
4268504798
4268525632
4268503950
4268496858
4287463549
4516286780
4268431493
4268494325
4268464938
4268323477
4268426783
4268527803
4268465291
4268459854
4268338596
4268338809
4268022610
4268484618
4268464665
4268506086
4268066051
1952125183
4268064318
6798177384
4268333672
4268497805
4268422951
4268520052
3054031937
4268524445
4268461451
4268424256
4268332080
4290548738
4268423388
4268428254
4268316567
2395006931
4268620523
4268341653
3428939143
4405437076
4268485666
4268457055
4268339882
4268409222
4516356242
4268284973
4268478775
4268467073
4268526466
4268421987
4268343572
4268323318
3005427204
4268605686
4268628204
4268477939
4268506592
4268529837
4268344300
4268528379
4268284008
4268344606
4268422054
3033706948
4268503965
4268411233
3399327016
4268317806
5279171499
4268450236
4268466701
2829627594
4268525102
4268336315
4268626879
4268319488
4268450183
4268342449
4268484795
6798314394
4268324160
4268322390
4268423726
4268465514
4268339829
4268319001
4268431382
4268335559
6531343431
3033671749
4268524029
3428935449
4268457179
4268459216
4268479551
4287446279
4287473696
4268620812
4268040771
4268319497
4268409196
4268329317
4268507619
4268458077
4268529081
4268420735
4268620599
6797614594
4268499320
4268485115
4268422832
4268520282
4268335195
3032737721
4268464815
4268637337
5309719175
4516263173
4268642969
4268334698
4268424794
2400582957
3399326996
4516286818
4268633482
4268458534
4268426962
4268335558
4268332290
4268457931
4268525822
6733603250
4268315341
4268520043
4268459509
4268424987
4268323487
4268638444
4268285294
4268330907
4268504897
4268456440
4268315750
4268458760
4268319027
4268526829
4268525915
4268457821
4268065753
4268324965
4290596702
4268347111
4268494426
4268331169
6797614952
4268041439
4268410180
4268283973
4268324282
4268342312
4268450743
4268637409
4268323523
4268317260
4268319444
4268411538
4268342522
4268410855
4268527029
4268620585
4268464791
4268640157
4268345418
4515989927
4268596612
4268332174
4268624533
4268318889
4268284740
4268503360
6711320185
4268591668
4268461350
4268497397
4268338034
4268519073
4268520042
4268432062
4268518853
4268528860
4268407564
4268429303
4268456114
3053997932
4268426055
4268285429
4268420863
4268448709
4268496334
3033671189
4268330674
4268620242
4268497416
4268620311
4268521034
4268431803
4268526688
4268596067
4268530873
4268341736
4268407478
4268494933
4268521940
4268465186
4268344479
4268424892
4268530015
4268498421
4268459715
2494603689
4268431475
4268430037
4268429974
4268478702
4268023415
4268484873
4268285378
4268341705
4268494800
4268663188
6733583222
4268527350
4268411085
4268638195
4268594192
4268624575
4268503567
3033671740
4268596055
4268286145
4268464641
4515989915
4268504231
4268503817
4268448351
2494603598
4290660257
4268424532
4268332837
4268496747
6916414373
2494268518
4268601792
4268339675
6745788019
4268320447
4268591341
4268425359
4268319440
4268424050
4268485996
4268591878
4268520183
3033671621
4268506788
4268677160
4268423992
4268430871
3005262920
4268529254
4268283447
4268477170
4268344072
4268331159
4268465184
4268526892
4268423927
4268460839
4268526029
2494576865
4268424445
4268594320
4268628626
4268340165
4268621641
4268341310
4268342715
4517345080
4268422532
4268637310
6939656539
4268337730
4268344901
4268407416
4268407485
4268525809
4268592333
4268478594
4268023661
4268024077
4268410523
4268338414
4268497453
4268622137
4268621200
4268065433
4268324335
4268498628
4268527226
4268640096
4268340590
4268318173
2830070506
4268629895
3926855697
4268428804
4268338072
4268331281
4268324186
4268316441
3399390691
3032927710
4268485251
4268625382
4268494825
4287391017
4268485288
4268065880
6798347625
3399389221
4268330042
4268320972
4268628273
4268663816
4268530128
4268410726
4268429966
4268346083
4268505015
4268448871
6798330285
4268324645
4268427072
4268334135
4268529802
4268594603
4268593446
4268333634
4268319619
4268430545
4268341270
4268628895
4268465410
3032737514
4268504357
4268408779
4268643603
4268425052
4268316327
4268333764
4268333694
4268450423
3033671295
4268528913
4268423886
4268323288
4268643167
4268342484
4268338296
4268627196
2830555772
4268640689
4268424745
4268504450
3399761669
6733824329
4268316074
4268320300
4268522098
4268595110
4268519384
4268341166
3033375282
4268346917
4268343574
4268429850
3428947270
4268638566
4268427395
4268466942
4268424659
4268430843
4268329531
4268465869
4268457057
3399390693
4268041784
4268466849
4268340255
3399326984
4268591327
4268497098
4268283841
4268640101
4268332676
4268627558
4268339311
4268484083
4268408376
4268519373
4268345980
4268344123
7214703179
4268596795
4268427226
4268041320
2830070500
3399356905
4268421932
4268466516
4268065299
4268641058
4268333111
2494253072
4287391225
4268421684
4268466585
4268317311
3033706350
2355643902
4290576396
4268343794
4268428536
4268497826
4268341121
4268340167
4287391227
4268521045
4290526655
4268335935
4268425988
6168277587
4268424702
4268641249
4268625808
4268344508
4268527229
4268428363
3428922032
4268344598
4268595045
4268458893
4268494441
4268425774
4268460172
3034211841
4268448071
4268458261
4268422550
4268628719
4268430515
3926919024
4268411065
4268485186
4268477332
4268596979
3399307780
4268456497
4268285475
4268479876
6733789831
4268696896
4268450853
4268494734
4268407403
3033706879
4268423719
4268422654
4268425904
4268630269
4268484793
4268478663
4287446348
4268519832
4268503644
6949273423
4268336056
4268503512
4268496540
4268519763
4268284535
4268425290
4268498910
4268496801
4268642986
4268330835
4268504825
4268426609
3033375126
4268338222
4268323064
4268331190
4268626177
4268523098
4268335438
4268466923
4290501106
4268337782
2494267789
4268504210
4268527846
4268325074
4268527885
3032737483
4268524779
4268429688
4268459669
4268321163
4268637500
4268041793
4268347047
4268430720
4268432093
3399761685
4268503837
4268329901
4290510572
4268478264
4290497668
4268477305
4268498946
4268343756
4268333744
4268593302
4268520790
4268344246
6733780657
4268426032
4268345541
4268345083
4268346416
4268466024
4268347224
4268065926
4516287017
4268024066
4268345973
4268635109
4268340565
4268408711
4268458367
4268529013
4268449898
4268637820
3358539421
5554289849
4268497121
4268527015
4268316085
4515948733
4268477302
4515990296
4268408223
4268325015
4268431334
4515919864
4268420742
4290659388
4268497572
4268519061
6797624464
6733688359
4268411371
4268484011
3399379185
4516288037
4268023978
3032982360
4268341309
6733713272
4268479134
4268450684
4268331924
4268497993
4268518867
4268340795
3033706488
4268456187
4268593032
4268507028
4268498592
4268627369
4268494991
4268465215
4268634091
4268640371
4268320740
4268486208
4268408305
4268420734
3399390763
4268456601
3141160401
4268319222
4268335103
4268477803
4268338061
4268520962
4268466204
4268663237
4268486310
4268499348
4268497327
3032927427
4287385658
3033706533
4268526005
4268431789
4268340445
4268663160
4268632967
3399347050
4268524823
4268460134
2522212976
4268041928
4290515415
4268626099
3032982079
4268285342
4268523046
4268494522
4268427234
4268505543
4268620424
4268456220
4268525974
2829935961
4268432047
4268064606
4268495563
4268594826
4268485390
4268519822
4268677105
4268642987
4268503949
4268503760
4268505403
4268496011
4268285108
4268498691
4268520172
4268420913
4515987884
4268621057
4268432496
6798244882
4268337557
2494563243
4516292970
4268479879
4268526024
4268330624
6733712766
4268626501
4268340272
4268595922
4268322700
4268507693
4268591804
4268480273
4290443277
4268410066
4268335286
4290510662
4268342147
4268522607
4268343836
4268284670
6797639431
4268284714
4268064593
4268408290
4268479262
2830580097
2829950000
4268628349
6733799001
4268409401
4268486462
4268316469
4268628376
4268530323
4268406986
4268520233
4268284800
4268499014
4290629521
2625759460
4268406670
4268319568
4268499357
4268420801
4268336383
4268594084
4268602512
4268423201
4268640658
4268449153
4268422424
4268633751
4268423687
6733593193
4268430558
4268637312
4268520025
4268591724
4268478996
4268411486
4268486430
4268024071
4268456421
3032981923
4268411244
4268338314
4268499210
4268321211
3033374884
3034211681
4268484240
4268323753
4268592259
4268331627
3032737843
4268591234
4287391082
4268486476
4268633176
4268503071
4268448270
4268627729
4268321106
4268505397
4268457718
4268592332
4268332686
4268522960
4268431427
4268457223
4268066096
4268528159
4268632775
4268642950
4268406932
4268591204
3033374678
4268595945
4268286110
4268519615
4268633666
4268523360
4268494875
4268525470
4268595012
4268407923
4268503398
4268478571
4268410194
4268040797
4268456416
4268497939
4268634011
4268338151
4268409010
3428950413
4287473946
4268621415
4268430887
4268519351
4268411228
4268316437
4268640199
4268497814
4268041561
4268466848
4268331687
4268425565
4268640392
4268457096
4268345188
4268322403
4268506853
4268420675
4268485340
4516303770
4268466648
4268023419
4268460959
4268315375
4268523259
3033689255
4268478248
4268524959
4268498889
4268426858
4268322415
4268525590
4268498154
4268409986
4268330589
4268495418
4268065132
4268319016
2494268447
4268332115
4268344520
4268523584
4268507764
4268408505
4268449746
4268459790
4268420918
3926817411
4268284633
4268504448
4268425572
4268591282
4268494672
4268066037
4268625216
3358702519
4268519381
4268422130
4268427024
4268519998
4268593095
4268466225
4268479717
2829950006
4268591772
4268422137
4268344430
4268499145
4268317111
4268423584
3032737472
4268522110
4268519348
4268339977
4268330669
4268420661
4268344412
4268317545
4268450328
4268522429
4268627806
4268640308
4268494932
4268479302
4268406737
4268023324
2286519426
4268638101
3399230026
4268409208
2494588926
6939556465
4268526462
4268520932
4515953948
6797614245
4268495001
4268411004
3358382298
4268065999
4268408600
4268320983
4268521696
4268644594
4268478807
4268339770
3399761699
4268638438
6733677978
4268338910
4268526707
4268505224
4268428317
4268344141
4268338647
4268335966
4268495983
4268324313
4268529812
4268424113
4268524122
3428935069
4268408086
4290576318
4268499529
4268427185
7651345325
4268422628
4268409884
4268427999
4268333642
4268411635
4268530872
4268065131
4268410821
4268593426
4268335955
4268427446
4268424286
4268338473
2830564826
4268344407
3033689313
4268592132
3399759400
4268503858
4268595764
4268338120
4268316551
4268428278
4268066716
4268594383
4268525103
4268595610
4268521293
4268320862
4268342995
4268594716
4268627661
4268431145
4268430442
4268639943
4268337678
3428939135
4268318126
4268411079
4268505854
4268344245
4268335824
4268330580
4268525918
4268315840
4268346931
4268064618
4268332808
4268346282
4268627111
4268023507
4268408094
4268619919
4268022651
4268505559
4268330983
4268596000
4268331093
4268477208
4268486578
4268477938
4268628346
2494268507
4268497679
3033688914
4287404731
4268670448
6733661111
6733697865
4268633186
4268064492
4268525018
2829627453
4268315349
4268478101
2494588018
4268497584
7790369446
4268423693
4268466344
4268593755
4268593111
4268460796
4268423429
4268457774
4268522806
4268320218
4268065123
4268507758
4268521847
4268428789
4268426009
3317682353
4268284249
4268431867
4268345928
4268507501
4268458142
6733641129
4267984744
3362042528
4268334847
4268643649
4268523395
4268520205
3362034276
4268592210
4268342540
4268457710
4268457919
4268620041
4268424118
4268320261
4268478674
4268448411
4268407411
6733301833
6733632334
4268520268
6711290982
3034211844
4268431355
4268620063
4268448325
4268526813
4268346587
4405724631
4268522077
4268503964
4268422082
4268323595
4268333620
4268284386
4268635464
4268620166
3362032716
4268431049
4268285023
4287446408
4287473748
4268022662
3428925878
4268486281
4268495223
4268333033
4268340010
4268496553
4268496265
4268321679
4268335204
4268346846
4268633479
4290660545
4268425128
4268504899
4268428215
6733631767
4287391385
4268643219
4268432427
4268484154
3428942721
4268317378
4268466214
4268319597
4268459515
4268342270
4268341981
4268337392
4268066255
4268621382
4290486214
4290481000
4268432268
4268320527
4268478817
3400340009
3428946988
4268457953
4268521524
3428935038
4290660200
4268506271
4268504217
3033706673
4268466145
2494563300
4268457098
4268449932
4268409280
4268448216
4268426924
4268285406
4290500988
4268449776
4268041274
4268504303
4268421955
4268286268
4268409933
4268456343
4268425372
4268504761
4268065930
4268429388
4268449370
2500721522
4268497668
4268340699
4268040947
4268431323
2494571752
4268322997
4268423243
4268344900
4268321812
4268495768
4268338766
4268625534
4268333547
4268324637
4268477185
4268040525
4268457316
3033386973
2830564816
4268422483
4268498118
4268525664
4268024025
4268620052
4268430508
4268339353
3399379101
4268457473
4268337242
4268345082
4268524451
4268494751
4268484723
4268283884
4287404976
3032927821
4268319998
3399389198
4268466482
4268316209
2494576856
4268332803
4268339333
4268485358
4268625919
4268624889
4268315435
4268593527
4268421331
4268339566
4290575878
4290638680
4290660375
6797639825
4268329940
4268407963
4290647505
4268409030
4268456428
4268507390
4268644538
4268507911
2830555733
4268478703
4268425136
4268067005
4268420663
4268346972
4268426129
3317682349
4268066472
4268485117
4268408297
4268478584
4268449653
4268319629
4268331580
4268459293
4268319616
4268041906
4268408771
4268530653
4268521064
4268342165
4268324210
4268430368
4268406476
4268458491
2089131910
4268041397
4268478281
4268593828
4515948734
4268448872
4268345943
4268592156
4268519897
4268286257
4268505238
4268457332
4268408675
4268320730
4268319166
4268591896
4515954077
4268595422
4268409567
4268065496
6733713455
4268529051
3033375359
4268333127
4268479357
4268408195
4268524458
4268529163
4268594543
4268498928
4268496537
4268625546
4268518778
4268424450
2394927982
4287473615
4287391384
4268411433
6798289157
4268484212
4268466462
4287446274
4268320487
6733755980
6798424150
4268457790
4268409237
4268479139
4268423904
4268466277
4268496597
4268477817
4268284999
4268519151
4515979888
4515987896
4268592846
4268504131
4268457713
4268345338
4268627557
4268629871
2494588083
4268410714
4268283527
4268322292
3032737767
4268283418
4268461520
3032982043
4268329945
4268458169
4268480187
4268466196
4268478573
4268486328
4268486945
4268621541
4268431671
4268465897
6797572402
6797614500
4268422841
4268484964
4268457827
4268345723
4268431202
4268520781
4268320906
4268485900
4268457364
4268637867
4268410482
4268336302
3032927653
4268426632
2494269358
4268484832
4268323937
4516263597
4268346159
4268065372
4268430116
4268527758
4268450305
4268407637
4268485893
4268344756
4268519056
4268523340
1923588784
4287391070
4268519423
4268522290
4268284142
4268337677
4268596859
2520883084
4268522175
4268519901
3033706698
4268345992
4268431452
4268330875
4268336385
4268331592
4268426603
4268409462
4268341396
4395117293
4268503346
4268341171
6733660948
4268342462
4268410300
3032982186
4268633528
4268406810
4268497249
3428950467
4268341556
4268450481
4268497286
4268642101
4268626144
4268426164
4268411629
4268042007
6531350316
4268421740
4268521196
4268316434
4268507882
4268330993
4268426884
4268430712
4268465475
4268519371
4268619932
4268338757
4268338027
4268333163
4268527083
4268421223
4268457204
4268323688
3033374871
4268425100
4268320123
4268411107
4268525370
4268346571
4268507925
4268527134
4268320700
4268317063
4268528314
4268041842
4290629534
3400341425
4268329693
4268064403
2291943616
6531313551
4268316214
4290659654
4287473610
4290501147
4268591261
2494267745
4268329354
4268066721
4268407223
4268336416
4268505194
4268467066
4268410718
4268504107
4268628714
2419317882
4268410494
4268285292
4268640677
4268317753
4268523070
4268528369
4268323503
3033375233
4268315944
4268065452
4268345983
4268594287
7152985856
4268337387
4268316657
4268319892
4268448394
4268344537
6797606412
6797579942
4268338532
4268342215
4268507216
4268318056
4268406681
4268040524
2494576754
4268528611
4268321479
2830577359
6733677682
4268065096
4268347217
4268460849
4268595786
4268625103
4268283854
4268449355
5910668381
4268345507
4268637164
4268620590
2494571829
4268316342
4268465246
4290501237
4287463391
3033374873
4268465404
3033688946
3034211817
4268597014
6797658281
4268506816
2522254028
4268322693
3033671417
4290628396
4268485495
4268335931
4268596788
4268024002
4268405980
4268285165
3032927603
4268285442
4268318894
4268478221
6531343429
4268459348
4268450251
4268640757
4268467065
4268322866
4268343198
3032737405
4268638994
4268484143
4268431053
4268425940
4268430445
6733612678
4268465512
6745889318
4268485794
6798197771
4268420460
4268433772
6733517619
4268333296
4268427452
4268335070
2830555742
4268411456
4268331238
4268332567
4268486083
4268341510
4268342719
4268626003
4268340334
4268526824
3034211853
4268335020
4268316678
4268330173
3358517954
4268641723
4268321377
4268484965
4268624552
4268338869
4290766667
4268457510
4268041504
4268519487
4268458360
4268456566
4268507583
3926904313
4268323954
4268340118
4268595472
4268334142
4268633668
4268594701
4268330628
4268620694
2520906740
4268425129
4268411559
4268410574
4268449544
4268524118
4287473977
4268041184
4268320811
4268408609
4290476089
4287385813
4268321138
4290480926
4290510701
4290497818
4287379616
6733660673
4287379497
4287385655
4268023819
4268323171
4290576184
4290767129
4268324685
3926699405
4268318650
4268409024
4290510571
4290697065
4287429388
4268320098
4268323505
2394994821
3032981869
4268466754
4287404795
4287385929
4290659904
4287391104
4287379647
4268424943
4268628192
4268448611
4290576385
4268459850
3318370754
4268024000
4268337268
4290659394
4268335305
4268459835
4268317722
4287463209
4290767017
4290628956
4290476397
4290661728
4290637474
4290628965
4290538305
4290510496
4290443233
4290647135
4290481228
4268421230
4290629414
4268321543
4268477980
4290471968
4268420548
4290638732
4268344154
4290660018
4290489403
4268329447
4290629127
4290460373
4268461173
4268521969
4268333401
4290659683
4290696794
4290648212
4290628427
4268494896
4290638595
4290501215
4268499539
4268624416
4290660291
4290628868
4290471768
4290510501
4268428664
4290696656
4268594271
4268342205
3034277872
4290766854
4268637425
4268329490
4290442984
4290637847
4268420954
4268041957
6798236983
4268519510
3033706530
4290696578
4290596428
4290648034
4268503932
4290510800
4290526577
4268325116
4290710935
4290629261
4290710389
4268457362
4268342357
4268321527
4268431041
4290629619
4290647074
4268503237
4405464308
4268466981
4290595653
4290772391
4290480955
4268406682
4268627343
4268430218
4268592781
4268448226
4268408240
4268323620
4268338330
4268626018
6531322172
4268422442
4268285505
4268479697
4268450671
4268634680
4268321752
4268283429
4268620913
4268318286
4268064211
4268643576
4268527436
4268465102
4268335031
4268520782
4268503443
4268626560
4268408216
4268408635
3033689489
4268344328
4268427884
4268461100
4268504093
4268465067
4268284980
4268507970
4268339533
4268344443
4268507361
4515929402
2829627598
4268319000
4268284055
4268410972
4268320530
4268504035
4268503321
4268339771
4268593235
4268527838
4268477210
4268477548
4268633467
4268486574
4268505901
4268507274
4268427786
4268497836
4268459308
6733781809
4268330631
4268334790
4268628374
4268343769
4268494938
4268064913
4268480103
4268341185
4268427304
4268625663
4268506154
4268459616
4268330682
4268519620
4268629381
4268458213
4268485264
4268520411
4268331567
4268485809
4268457505
4268339239
4268344044
4268526282
4268486960
4268522676
4268334796
4268410478
4268458938
4268503805
4268479290
4268643869
4268024086
4268521267
4268022751
4268485673
4268503667
4268507928
3032927594
4268429686
4268485612
4268527486
4268411612
4268330889
4268284736
4268457376
4268484331
4268023534
4268458939
4268496723
4268316584
4268596293
4268460994
4268529509
4268319573
4268410057
4517378533
4517345586
4268064878
4268324107
4268503528
4268317632
4290637995
4268494561
4268478241
4268428403
5920306700
6733301816
3032927553
3032982357
4268496122
4268329675
4268431852
4268519265
4268409544
4268592265
4268625386
6733525881
4268528576
4268285358
4268524353
4268341250
4268336971
4268023113
4268624899
4268337243
2494602630
4268421619
2312860029
4268343177
4268594323
4268638139
4268620901
4268285172
4268427628
4268485539
3005262114
4268065244
4268342490
4268477787
4268503310
4268024037
4268524520
4268528797
4268643090
4268409292
4268503684
4268346677
4268346764
4268642934
4268594396
4268317142
4268330279
4290515618
4268663172
4268494966
4268624500
4268041979
4268409449
4268318163
4268424540
4268594293
4268478797
4268448408
4268339520
6798330195
4268340968
4268466116
4515990241
2494588946
4268496149
4268406776
4268332695
4268284992
4268422718
4268341751
4268479484
4268341571
4268066934
4268409501
4268344922
4516281947
4268406167
4268345949
4268467269
4268464548
4268426755
4268332495
3033671504
4268530812
4268591495
4268330052
4268342729
4268065163
4268064621
4268485914
4268466733
4268425538
4268637707
3032737630
4268530514
4268450186
4268423218
4268638085
3033671434
7807960675
4268518786
4268479246
4290515630
4268449762
4268504887
4268496165
4268316226
4268334605
4268633089
4268411325
4268427261
3406626431
4268504460
4268485299
3399311851
4268338051
4268343185
4268426753
4268528413
4268450869
4268494606
2494563290
4268459414
4268411300
4268344022
4268458265
4268426978
4268627427
4268529406
4268324859
2331322155
4516342865
4268522669
4268450465
6733660497
4268519621
4268496409
4268335052
4268643042
4268338852
2281855922
4268322339
4268486513
4268066098
4268338583
4268411421
4268477777
4268343031
4268430322
4268484709
4268625109
4268522343
4268319308
4268428039
4268507990
4268592706
4268504237
4268323284
3032737505
4268345832
4268316857
4268457444
4268286160
4268518881
4268521526
4268431954
4268337736
4268320714
4268411475
4268321801
4268325082
4268335394
4268284295
4268323589
4290443016
4268339984
4290500871
4268320856
4268065969
4517348808
4268457579
4268344010
3358539623
4268283609
4268283607
4268410571
4268484786
4268496019
4268593581
4268464697
4268337270
4268424599
4268642314
4268458916
4268040829
4268408498
4268340740
4268485869
4268344504
4268330914
4268339942
6733572933
4268638550
4268593035
3399326957
4268519138
4268324012
4268478914
4268622138
4268621201
4268625078
4268477798
3399390692
4268495876
4268337930
4268635624
4268333524
2830555505
4268318989
4268450666
4268625703
4268494610
4268596635
4268421571
4268339372
3362032635
4268322306
3399356958
4268431426
4268506616
4268423234
4268465983
4268643637
4268621205
4268495429
4268523158
4268421453
4268520143
6733729953
4268322846
4268458502
4268065890
4268342087
4268484227
4268430594
4268626048
4268526902
4517378432
3428929647
4268505695
4268408994
4268632770
4268529173
4268485976
4268478463
6733536929
6746155161
2429136952
6733729975
4268639575
4268458908
4268283512
4268644514
4268640056
4268507993
4268347190
4268319122
3033375388
4268497591
4268065146
5838281075
4268494885
4268498906
4268330467
4268342448
6745788451
4268316410
4268406819
4268330248
4268486282
4268484046
2522253890
4268427569
4268479170
4268458166
4268527590
3428935440
4268333549
4268345982
4268504401
4268460568
4268333795
6797624353
4268628089
4268529531
7432594851
3358702621
4268411596
6733755974
4268594127
4268423439
4268505402
4268458725
4268065470
4268527737
4268425021
2829945370
4268339384
4268625639
4268638403
4268507173
4268632838
4268324895
4268335047
4268023229
4268329372
4268410991
4268465062
4268456205
5173600732
4268520176
4268503400
4268339876
3033374883
3400351859
2627456322
2500726902
4268423232
4268496996
4268523932
6733780850
4268448742
4267146472
4290648057
4268497863
4290497679
4268450315
4268066031
4268338655
4268461140
4268625053
4268478589
3399312006
4268504983
4268409553
4268624557
4405464307
4268424755
4268431609
4268336485
4268592341
4268343534
4268522123
4268336382
4268331760
4268456141
4268505087
4268634009
4268458048
4267984685
4268594125
3032982019
4268459081
4268595267
4517318383
3032982221
4290515748
4268625502
4268065073
4268522992
4268424028
4268520621
4268431972
4268466437
3033374887
4268323468
4268461246
4268422308
4268427963
6797432469
4268628356
4268335097
2829935868
2830584712
4268466922
4268495830
4268449107
4268411405
3399326945
4268337760
4268594274
4268524354
4268408886
4268448994
4268040568
4405586845
4268519728
4268338148
4268641264
4268523388
4268465003
4268406046
4268423408
4268519217
4268503806
4268460452
4268495919
4268448669
4268521066
4268066287
2494269338
3399376009
4268064348
4268478923
4268332107
4268466881
4268337331
4268338270
4268497385
4268507486
4268432506
2547902967
4268504252
4268479595
4268341409
4268407455
4268620147
4268458599
4268324644
4290711007
4268499095
4268340321
4268426330
4268654882
4268467003
4268421899
4268495226
4268530706
4268494399
4268284030
4268628322
4515929412
3399376023
4268426593
4268286342
6733396862
4268458536
4268654484
4268319265
4268332208
4290489650
4268330492
4268479178
4268496882
4268507101
4268529605
4268324605
4268424267
4268329970
6733831543
4268466697
4268286712
4268527357
4268677285
4268424255
4268340390
4268316983
4268427144
4268340110
4268430425
4268041001
4268319680
3034211990
4268494762
4268497850
4268317154
3428947294
4268319463
4268458038
4268330894
4268320872
4268633177
4268332717
4268422802
4268422215
4268345528
4268347055
4268505190
6531330120
3358883264
4268457358
4268519811
4268593039
4268593683
4268619940
2409444434
4268422304
4268330605
4268425683
4290647605
4268345824
4268467024
6733739532
6733526926
4268320764
4268632778
4268450810
4268430430
4268333640
4268423837
4268503729
4268329618
4268041709
4268495922
4268496393
4290660179
4268494498
2906865521
4268484616
4290471772
4268330418
4517373574
4268339572
4290629038
4268335392
3034211505
4268626227
4268337151
4268285806
4268339506
4268064282
4267984628
4268528592
4268324023
4268485908
4268467199
4268431176
4268409478
4268041421
4268591463
4268336386
4268286179
4268064799
4405646788
4268496278
4268424619
4268406259
4268504241
4268637236
4268632959
4268526634
3399327017
4268344125
4516362654
3033374768
2830555719
4268339762
4268503115
4268524342
4268408757
4268496620
6733772961
4268423401
4268637879
4268519407
4405702001
4290460475
4268315507
4268322402
4268530244
4268425380
4268320018
4268479919
4268339898
4290500917
4290476336
4268284116
4268023308
4268319574
4268337405
4268625080
4268522223
4268466207
6733301108
6733688100
4268317719
4516262170
4268461408
4268320820
4268066018
4268495686
4268596043
4268503680
4268521032
4268479587
5861896771
4268596577
4268284105
2830555767
4268335303
6733603145
6733525943
3358883229
4515919830
4268466917
4268065958
4268407490
4268337240
4268479705
4268427563
4268285452
4268459088
4268479011
4268503570
4268448315
4268411104
3033706872
4268450084
4268458139
4268457367
4268477890
4268410868
4268592757
6733632332
4268422543
4268485691
4268424000
4268528870
4268528157
4268596340
2829945368
2494253022
4268461526
4268335825
4268319071
4268450834
4268406041
4268333411
4268283407
4268340332
4268497342
4268429983
4268318918
4268496893
4268494799
4268286419
4268505984
4268520894
4268479596
4268430541
4268329662
4268429663
4268319258
4268519271
4268335871
4290648371
4268316193
4290637287
3428942812
4268343293
4268503561
4268430675
4268316038
6733642353
2394994811
4268332213
6733712667
4268464636
4268523585
4268337558
4268341682
4268479942
4268283821
6733704257
4268624360
4268504391
4268456347
4268410062
4268621444
4268521597
4268591784
4287463447
3399379002
3033689100
4268407498
4268317332
4268341486
6798155901
4268466246
4268456990
4268479130
4268285285
4268484830
4268325092
4268625668
4268341555
4268460948
4268524000
4268324310
4268432365
4268317725
4268528117
4268319820
4268595685
4268340125
4268064498
4268315521
4268331724
3033689033
4268649526
4268450837
4268526135
4268407885
4268430708
4268427836
4268621554
4268431953
4268503850
4268591388
4268347134
4290596546
4268527169
4268323909
3399347002
4268283974
1927713600
4268408628
4268431715
2829627377
4268595264
4290481339
4268518766
4268335495
6733764457
4268409653
2829627595
4268422491
4268467043
4268424479
4268321581
4268425825
4268530737
4268498442
4268477527
4268505210
4268526246
4268637933
4268461319
4268457115
4268322370
4268486461
4268507247
4268338315
4268643680
4268527882
4268478125
4268486487
4268495784
4268320014
4268464886
4268422032
4268423418
4268066194
2522257498
4268458736
4268066132
3362034280
4268628090
4268529859
4268410724
3399390634
4268320093
3033671534
4268527717
4268407758
4268341767
4268323480
4268486185
4268334784
4268423021
4268594640
4268632873
4268339134
3033688944
6531343432
4268498519
4268530881
4268331889
4268480002
4268332630
4268066300
6798339925
4268458071
4268285254
4268334107
4268449996
4268431389
4268346578
4268333151
4268664708
4268346254
4268330145
4268505270
4268410890
4268596813
4268528147
4268621573
3358385053
4268504910
4268449472
4268339534
4268598595
4268457602
4268466314
4268423853
4268332692
1873641463
4268480140
5575195945
3053997927
4268320327
4268625646
4268346847
4268496033
4268332643
4268457989
4268332007
4268448860
4268431114
4268498121
2494588110
3358539536
4268479213
4268338779
4268593417
4268459572
4268427824
4268625486
4268342046
4268466072
4268409728
4268316119
5587030169
4268338006
2522249278
4268064194
4268337804
4268430528
3033706464
4268464889
4268064357
4268066324
4268495061
4268325021
4268507957
4268341525
4268341247
4268624499
4268507858
4268495486
4268410957
4268406083
4268406790
4268410176
4268449858
4268429389
4268323616
3034356675
4268284829
4268524765
4268338867
4268591994
4268331091
4268592849
4268496121
4268478712
4268335173
4268428545
4268458298
4268430259
4268638433
4268465895
4268065577
4268627350
3362045346
4268337629
4516274096
3358537115
4268622155
4268640345
4268411443
4268457940
4268498301
4268622374
3927435131
4268479631
4268022645
3399367634
4268320488
4268329702
4268494573
4268430590
4268497958
4268494298
4268336632
4268457623
4268494810
4268592049
2509976699
3033706993
4268420857
4268523893
4268596804
4268594096
4268497795
4268336579
3358702595
4268344526
4268409722
4268594196
4268317676
4268518964
4268596232
4268335194
4268624826
4268317023
4268321728
4268477375
4268322575
6733396823
4268465846
4268626647
4268621204
6798356283
4268478640
6733583773
4268497765
4268478295
4268485035
4268523816
5240303670
4268625585
4268425390
6746198842
4268065516
4268323668
4268496624
6797606471
7107983512
4268495643
4268593751
4268620446
4268622042
4268460794
4268316594
4268425163
4268496974
4268524084
3033689483
4268450031
3308133922
4268499285
4268342612
3399389328
4268485970
4268421160
7797809333
4268621082
4268458176
4517331746
4268024061
4517348820
4268505891
4268333070
4268321225
7554086975
4268285823
4268529158
4268626566
4268506006
4268479381
3033689049
4268594587
3358313125
4268343720
4268523695
4268423971
3358385057
4268496644
3358701730
3358404480
3358538558
3358701719
3358702380
4268497125
4268408953
2328434184
4268346122
4268465887
4516297478
4268064487
3358312891
4516272046
4268286270
3358513714
3358382110
4268457851
4268410877
4268485864
3358701762
4268494405
4268480132
3358514051
4268633116
4268410859
3358883198
3358513956
3358685394
4268637621
3358323489
3358514482
3358313115
4268335916
4268345937
4268422804
4268064579
4268457348
4268431769
3358685847
4268316881
4268335579
4268065837
4268041388
4268497233
3033375079
4268284330
4268427532
4268519040
4268450324
4268525680
4268320016
4268322669
4268339395
4517331756
4268423320
4268411582
4268342730
3399762966
4268624374
4268320551
7868180296
4268411335
4268324670
4268525017
6798244869
4268332965
4268335414
4268627704
4268340030
4268425267
4268423091
4268505058
3358323434
4268423594
4268594482
4268643066
4268406061
4268315858
4268340598
4268635110
4268633942
4268465952
4268323158
4268499283
4268495601
4268635666
4268420785
4268503689
4268593538
4268431945
4268342028
4268477519
4268342086
4268409910
2830565105
4268333020
4268430718
4268338590
4268425851
4268620064
4268457786
4268321121
4268485607
4268506601
4268329410
4268330741
4268624599
4268422013
4290711712
4290471808
4405663195
4268041562
4268465646
4268335987
4268041975
3428925718
4268457375
2830577382
4268633099
4268411326
4268496331
4268663425
3399347135
6798229273
4290553799
4268323519
4268422675
4268023878
4268320208
4268497545
3428942782
6733755987
4268333005
3428935441
4268024004
4268526501
3358313146
4268421168
4268334535
4268324279
4268333169
4268334439
4268323080
4268638478
4268465753
4268410183
4268336529
4268466664
4268409689
4268478569
4268633064
3033706428
4290481303
3428938545
4268479597
4268316499
4268330074
4268624834
4290638200
4268323857
4268478222
4268457868
4268333175
4268485309
4268460190
4268430899
4268342457
4268283405
2539457379
4268427325
2830555755
4268497097
3358539564
4268484413
4268040582
4268431689
4268499248
3399379077
4268494600
4268332430
4268320071
4268409823
4268519400
4268484677
4268521449
4268321843
4268449436
4268065119
4268634160
4268064510
4268318887
4268527326
4268335211
4268459304
4268457685
4268523818
4268497398
4516287027
4268523907
4268337610
4268340382
6733713040
4268323495
4268448852
4268466776
4268478082
3032737934
4268478930
4268459883
4268457139
4268421654
4268064499
4268528679
4268319088
4268464543
4268486326
4268593346
2494580084
4268041234
4268064377
4268457970
2494580039
4268339764
3428943206
4268486329
4268522351
4268321212
4268458046
4268335118
4268285243
4268333595
4268464700
4268643082
4268478145
4268593315
4268448510
4268332198
4268460788
6733526184
4268449649
4268341726
4267984672
4268040465
4268430839
4268477388
4268458266
4268430592
4268484203
4268426762
4268410755
4268317941
4268342160
3399194269
4268628942
4268484319
3399379125
4268594201
4268429825
4268626511
4268426187
4268424251
4268525032
4268286099
4268321666
4268422848
4268339561
4268324095
4268504317
4268641481
4268479479
4268592263
4268485946
4268521079
4268495458
3926900657
4268460790
4268421098
2557486963
6733687340
4268336220
3926921215
4268344911
4268423375
4268344980
4516282696
6733756040
4268628896
4268523285
4268423889
4268478565
4268324154
4268592201
4268449798
4268484945
4268411679
4268411431
4268593355
3399376033
2494602688
4268338604
4268431562
4268325113
4268336221
4268343823
4268338790
4268530863
2494267846
4517318666
4268485886
4268339176
4268485604
4268449066
3399327022
3428938605
4268429333
4268639119
4268479575
4268522922
4268317130
4268637419
4268339980
4268637862
4268340741
4268284707
4268335366
4268450916
4268338133
4268628274
4268431762
3399390761
4268465320
4268343707
4268460524
4268333108
4268485758
4268342054
3033706472
4268465542
4268322396
4268041409
4268458280
4268529066
4268431421
4268457095
4268432466
4268625189
4268422359
4268066327
4268494780
4268506326
4268423524
3428950547
4268432433
4268627277
4268317018
4268495050
4268593744
4268519623
4290455019
4268458483
6798339460
4290647603
4268624609
4290537967
4268497158
3399327063
4290510725
4268593569
4268316566
4268518849
4268525326
4268283979
4268640461
4268477940
6798315087
4268596099
4268525670
3428946965
6733622349
4268333607
4268626189
3033689036
4268423054
4268519709
4268330601
4268345707
4268620667
4268424770
3926827136
4268320870
4268342583
4268317430
4268519221
4268406043
6797614877
4268640590
4268423896
4268323192
4268333181
4268322765
4268321124
4517378499
4268429822
6762304562
4268456257
4268324240
6733695589
4268022703
4268448554
4268495548
4268321546
4268505296
4268449438
2829935826
4268420920
6531313547
4268458601
4268423977
4268508043
4268411420
4268624789
4268339822
4268343281
4268334197
4268495488
4268407087
6174661936
4268316151
4268496580
4268456955
4268520029
4268524517
4268521031
4268495446
4268316869
4290486103
4268338319
4268334193
4268637495
3032982018
4268628296
4268625868
4290460459
4268486077
4268285279
4268480034
4268318537
4268430499
4268337834
4268041629
4268407026
4268339345
4268527161
4268524607
3033706483
4268345411
4268426293
4290696891
4268458905
4268466633
4268525679
4268284385
4268317127
4268284737
4268456934
4268333740
2830089518
4268345430
6733593512
4268458985
3358539603
4268458891
4268524141
4268625375
4268485284
4268405936
4290501128
4268426418
4268335497
5309773933
4268406117
4268344760
4268317030
4268430419
4268527079
4268323579
4268424594
4268628605
4268284131
4268495139
4268529063
4268485660
4268456261
4268340014
4268022682
4268343267
4268339166
4268594421
4268459004
4268316314
4268457575
4268324127
4268024079
4268343613
4268628766
3399347106
4268284503
4516264428
4268346266
4268408150
4268643905
4268431709
4268339427
2494253052
4268523770
4268486520
4516274417
4268465459
4268320807
4268498904
4268323574
4268626520
4268337421
4268524537
4268424566
4268318088
4268495635
4268316633
4268456256
4268643608
4268040707
4268332672
6733697668
4268023121
4268332090
4268628696
4268627869
4268637202
4268315629
4268498623
4268459421
4268527757
3032982063
4268456444
4268334491
6798127418
4268620296
4268527754
4268627295
4268504224
4268497689
4268449000
2494588045
4268315605
4268486666
4268507723
4268456121
3358323433
4268466975
4268331521
4268066722
4268594198
4268457861
4268640796
4268330495
4268521741
3033671353
6798164359
4268424368
4268529204
4268494726
4268284260
2494602720
4268459841
4268480127
4268495409
4268408120
4268347006
4268637211
4268331987
3428950596
4268591520
3034211806
4268066624
4268448780
4290501142
4268495954
4268320017
4290489501
4268409939
4268450830
4268315365
6733687935
4268524976
4268040510
4268065560
6798206504
4268320544
4268425028
4268316191
4268409560
4268023197
2331366313
4268331305
4516291994
4268065428
3399389196
4268346890
4268528380
4268527164
4268595231
4268458244
4268520687
4516297477
4268494539
4268503839
4268427568
4268346864
3399326931
4268503878
4268485742
4268504238
4268466763
4268503584
4268319223
4268484843
4268522695
4268490833
4268527037
4268499299
4268334313
4268503428
4268479365
4268622685
4268339259
4268317852
4268319728
4268448662
4268324080
4268464574
4268594596
4268663117
4268323485
4268423668
4268498322
4268426859
4268338223
4268642984
4268429380
4268625387
4268449270
2494563324
4268424463
4268596274
4268022999
4268346448
4268432400
4268424451
4268421039
4268498830
4268478689
4268633230
2494563316
4268504309
4268320235
4268411598
4268486370
6733300662
4268521889
6798180735
2829627579
4268410208
4268410351
4268331569
2381831902
3400351834
4268478780
4268345120
4268495556
4268465135
4268426959
4268460390
4268284438
3032982102
4268520460
4268496374
4268528830
4268064626
4268324755
4268341419
4268344759
4268410705
4267984761
4268041139
4268591523
4268592411
4268485642
4268420438
4515990301
4268503816
4268503437
4268316587
4268424281
4268625296
4268411449
4515948464
2829945360
4268431706
4268319844
2830580156
4268485166
4268498208
4290460160
4290460543
4268527824
4268430119
4268663158
4268503296
4268331595
4290595714
4268594820
4268522603
4268316617
4268485088
4268335019
4268339175
4268329540
6798339967
4268466149
4268346124
4268420969
4268332405
4268596837
4268466397
3399389315
4268411718
4268430019
4268457943
6733309093
4268065762
4516274484
4268484834
4268430324
3399356936
2494602684
3033689534
6733697565
4268410553
4268338121
4268519262
4268340260
3032737452
4268527319
4268065758
4268450032
4268497905
4268479967
4268407995
4268421447
3358382315
4268633453
2830089483
4268496849
4268345057
4268457482
4268448854
4268391092
3033688960
4268530632
4268466235
4268461256
4268464579
4268339500
4268519079
4268450534
4268506997
4515990245
4268331211
4290497768
4268484216
4268324952
4290538254
4268686518
4268640827
4268430666
4268410467
6733739416
4268466317
6733678433
4268503993
4268503581
4268323187
6155146089
4517318522
4268450816
4268066178
4268409440
4268316982
4268329509
4268285863
4268421733
4268486477
4268530040
4268593373
4268065256
4268286444
4268506009
6733689383
4268638126
4268066196
4268633009
4268339012
4290575887
3428950461
4268411408
4268341254
4268627591
4268504250
6174436188
4268496002
4268503230
4268519634
4268527267
4268066702
4268519929
4268637394
6727496865
3033706461
3032737460
4268329937
4268641205
6733545324
4268342347
4268591473
7410087081
2830584705
4268621695
4268456443
4268467042
4268521124
4268594062
4290476299
7807792017
6772492157
4268023553
4268479668
4268425139
4268041399
4268421849
4268341288
4268334531
4268497530
4268506947
4268591527
2494571753
4268464827
4268424412
4268325002
4268023327
4268484700
4268495627
4268429387
4268458762
4268409548
4290515720
4268480296
3032982423
4268620127
4268431646
6798323319
4268527730
4268407723
4268422147
4268466569
4268459866
4268478274
4268523745
4268479664
4268529155
4268319992
4268464724
4268466995
4268633000
4268430263
4268496072
4268409014
4268336651
4268461419
4268316084
4268450261
4268323089
4268506752
4268448600
4268596642
4268317744
4268637462
4268504624
4268331865
4268425406
4268421203
4268633133
4268334780
4268342429
4268485210
4290497722
4268346783
4268484942
4268410368
3033706671
4268520231
4268626623
4268526084
4268425691
4268423890
4268340987
4268503073
4268496780
4268319949
4268507807
4268340719
4268456971
4268466601
4268458506
4268458602
4268593941
4268285150
3399258850
6797623674
4268283815
4268339631
4268496169
2395006930
4268333089
4268339505
3033717827
4268523136
4268456707
4267984670
4268529227
4515919841
4268299176
4268457404
4268596049
4268524302
4268485626
4268524133
4268456966
4268066208
4268638173
3034367022
4268503341
2416033680
4268621542
4268318153
4268336268
4268623257
4268424048
4268041881
3032981910
4268429849
4268320697
4268460616
4268424495
4268334609
4268507914
4268529192
4268624829
4268337951
4268641110
4268621968
4268340243
4268596330
4268317281
4268424747
4268320982
4268325118
4268283533
4268284066
4268427313
4268424305
4268519413
6733771935
4268633465
4268506175
4268478672
1922474218
4268495113
4268426344
3032982113
4268478286
3033375386
4268316918
4268460193
4268344959
4268466994
4268524246
4516263892
2830080885
3358702620
3032927434
4268485639
4268495202
4268486342
4268430225
4268431359
6733830944
4268322749
4268593833
4268345529
4268316320
4268320370
4268321770
4268448965
4268450625
4268041824
4268503412
4268341435
4268450893
4290698312
4290648046
3428921600
4268346744
4268284791
3926863265
4268345067
4268633457
4268466951
4268478079
4268333404
4268432217
4268337457
4268591663
4290648138
4268505672
4268593118
2494253047
4268284212
4268425184
4268498277
4268594252
4268429399
4268457650
4268285353
4268319061
4268465779
4268323259
4268406180
4268329784
4268284650
4268596856
4268425888
4268340797
4268477924
4268284315
4268594399
4268335823
4268449652
4268064488
4268628673
4268623616
4268621133
4268425250
4268337384
4268478627
4268591535
4268449275
4268627252
4268345931
3399327167
4268341313
4268345919
4268285271
4268317026
4268425398
4268625425
4268040970
4268466888
4268591283
4268341297
3005435823
4268465872
4268430227
2830070542
4268486611
4268520541
4268528370
4268640396
4268411440
4268423372
4268410396
4268457876
4268593364
4268432519
4268640178
4268285299
4268317275
2494602717
3033689293
4268638459
4268458594
4268504147
4268467183
2494253027
4268346292
4268486610
6531366523
4268285188
3032737412
4268317279
4268620936
4268338598
4268428141
4268637821
4268408996
4268319756
4268411181
4290637292
4268324042
3399326927
4268448202
3428918543
2520883162
3034211588
4268527159
4268321593
4268341717
4268284356
4268504593
4268460146
4268622765
4268506686
4268316904
4268343190
4268339382
3033671630
4268464883
4268421117
4290638209
2494269341
4268478405
4268423901
3358701645
4290471940
4268022881
4268333522
3033706418
4268484950
4268343001
4268426010
3034212041
4268316359
4268065909
4268425002
4268337436
4268486330
4268456537
4268343624
4268285573
4268318852
4268318057
4268324757
4268411198
4268024085
6733688075
4268064941
3005397460
4268504617
4268484406
4268338938
4268448529
4268410127
3032737860
4268526536
4268498625
4268426037
4268495080
4268637434
4268333728
6733545364
4268335138
4268458649
4268484711
4268625090
4290576180
4268484801
4268526555
4268427341
4268431251
4268478186
4268319409
3428947304
4268643494
4268461348
4268518994
4268477806
4268347044
4268647424
4268041389
7796482702
3032748208
4268461141
4268530178
4268593573
4268425054
4268318813
4268459331
4515978527
4268316648
4268504569
4268430245
4268450914
2626641995
4268040820
3362071659
4268627199
4268495660
4268342218
4268319172
4268344271
4268065219
4268315504
4268628211
4268325100
3927439955
4290501133
6733526614
4268420590
6733721375
4268330135
4268450363
4268529363
4268592573
5695328256
4268448509
4268520448
4268486009
4268407695
4268330251
4268499009
4268503326
4268523302
4268431948
6745729424
4268330240
4268621694
2867273635
2400594116
4268496292
4268458724
4268347075
4268407778
4268479655
4268627081
4268485879
4268633098
4268591487
4268484153
4268339967
4268431094
2829627603
4268286148
4268022840
4760154807
4268520276
4268477791
4268320557
4268485326
4268505235
4268409286
3399356899
2415165124
4268466428
4268331631
4268041773
4268407920
4268320658
4268621439
2394994816
4515987972
4268503938
4268339076
4268319267
4268421558
4268495815
6733781110
4268323498
4268639852
4405475136
4268591330
4268337817
4268321816
4268337551
4268591714
4268421829
6733612665
4268023880
4268484907
4268496980
4267145416
2494576834
4268317691
4268621427
4268411441
4268317704
4268628720
4268663132
4268640376
4268627262
4268284284
4268457428
4268285769
4268624414
4268448861
4268640690
6797580698
6733771682
4268420558
4268494765
4268421612
4268620953
4268322711
4268334694
4268456897
6798373129
4268661229
4268494850
2830580065
4268346780
4268284614
4268486862
6531313559
4268341124
4268411616
4268334254
4268285041
4268318365
4268526704
4268421566
4268330630
4268457594
4268495331
6733301390
4268342523
4268496147
2089141711
4268522646
4268464534
4268448770
4268434112
6733677960
4268486039
4268624704
4268596158
4268629985
4268420828
4268459849
4516262178
4268621624
4268519124
4268465861
4268427161
4268347149
4268526351
4268525638
4268488542
4268420768
4268334182
4268457180
4268429288
4268323739
4268640697
4268064885
4268428340
4268495010
4268593354
5431522168
4268485590
4268594407
4268424312
4268321588
4268522282
4268429691
4268066202
3399379071
4268670525
4268422860
4268425351
4268066622
2494253036
4268457114
4268479395
4268465637
4268497567
4268330504
4268527618
4268064860
4517373377
4268332498
4268427627
4290476108
4268347112
4268324660
4268022736
4290553892
4268339426
4268478299
4290695918
4268406002
4268620786
4268484484
4268426220
4268524056
4268518960
4268425005
4268485209
4268341687
4268346293
4268285390
4268321565
4268406765
4268336217
4268529119
7790106991
4268065770
4268457842
4268459272
4268520778
4268420509
4268593657
4268322981
4268485771
4290486005
4268066673
4268023612
4268593643
4268323168
3032927825
4268411073
4268322346
3033689009
4405661908
4268460834
4268318285
4268315900
3032242573
4268340379
4268346182
4268524713
4290497766
4290442829
2522259586
4268408037
3399379006
4268596427
4290497956
4268041884
4268345681
4268477690
4268524194
4290638332
4290460367
3033689396
4268406768
3032737848
4268477535
4268430934
4268518972
4268620900
3358882542
4268494995
4268504940
4268596571
4268340365
4268285230
4268593378
4268522430
4268341567
4268343188
4268456595
4268284162
4268449760
4268318164
4268466521
4268478770
4268064345
2830580082
4268594594
4268346076
4268426204
4268329926
4268332561
4268622029
7256704862
4268022903
4268339097
4268410341
4268407884
4290548904
4268485756
4268066172
4268344492
4268465458
4268461129
4516281356
4268467032
4268336372
4268316092
4268341153
4268456234
4268423862
4268638556
3032737872
4268595510
4268457747
4268644263
6733721742
4268426879
4268411604
4268346298
4268323947
4268411248
4268456201
4268409228
4268411704
6733300321
4268467311
4268529890
4268432462
4268344613
4268484650
4268525095
4268593030
3033374996
4268686330
4268620136
4516292617
2494267856
4268344031
4268320591
4268284640
4268323678
4268322320
4268407650
4268426972
4268429827
4268342535
4268423426
4268315438
4268594838
4268449297
4268335877
4268525557
4268530361
4268633059
4268431682
4268633598
4268495070
4268318174
6531330123
4268464795
3399327185
4268283568
4268317099
3033671415
3032737622
3032982026
3033689386
2494588103
4268318013
4268456838
4268458689
4268519206
4268466676
4268346667
3032737556
4268064898
4268526740
2381864497
4405493710
6798323535
4268595659
4290647151
4268335053
4268407010
2627454614
4268460598
4268428125
4268341963
4268519374
4268065591
4268316186
4268407779
4268432009
4268344710
4268624551
4268477357
4268466032
3428934960
4268333864
4268499362
4268521041
4268347089
4267984650
4268317246
3033688972
4268411588
4268530288
4268410440
6938759792
2829627390
4268591271
4268477463
4268595111
4268315758
4268335902
4268430362
3032927345
4268320518
4268409264
4268637910
4268450596
4268329606
3399311969
4268663119
4268496242
4290538005
3032242582
4290489461
4268324730
4268431576
4268427076
4268066072
4268411264
4268621106
4268392890
4268479079
4268591632
4268423221
4268066764
4268426181
4268527813
4268494806
6733574150
4268329408
4268523833
3033375040
4268503094
4268065810
4268643836
4268406040
4268316676
4268634055
4268321451
4268504119
4268530123
4268345298
4268342704
4268486368
4268342384
4268066754
4268316548
4268494455
4268285274
4517331255
4268343439
6531350313
4268345547
6733772959
4268337379
4268528384
4268485657
4268319089
4268024057
4268477360
4268522529
3032927782
4268340399
4268410469
4268503103
3428947316
4268323208
4268596112
4268625239
4268638460
4268594493
4268320829
4268530121
4268424777
4268461432
4268522232
4268425985
4268420936
4268507241
3358883317
4268527571
4268477835
4268344422
2058488297
4268344202
3428938669
4268484990
4268430743
4290711709
4268627706
4268523245
4405490427
2829935850
4290501172
4268642942
4268521042
3428929542
6733622804
4268317077
3399327148
4268484904
4268494649
4268339647
4268284715
4268340235
4268529388
4268494724
2522257494
3033375182
4268624860
2494252970
4268477211
4268480304
6733712964
4268456171
4268458273
3033689051
4268431343
4268458695
4268429307
4268484487
4268420902
2494588843
4268495191
4268318170
3399327010
4268338434
4268495115
4268591480
4268486680
4268066042
3362030613
4268323376
4268422071
4268423871
4268506496
4268429843
4268592730
4268332664
4268460676
4268422855
4268450258
4268346012
4268519359
4268596165
3032927811
4268315975
4268530302
4268496629
4268628261
4268331056
4268637845
4268286272
4268677365
4268594557
4268411160
4268411231
4268420968
4268677556
4268643721
4268524731
4268341062
4268424840
4268317247
4268426993
4268283428
4268624392
4268337786
4268410034
4268497909
4268465417
3032981979
4268479698
4268318073
4268345054
2494603577
4268594319
4268409300
4268341329
4268520357
4268594283
4268344674
4268340439
4268040766
4405470015
4268450234
4268503389
4268519766
4268624518
4268507298
4268431759
6733723024
6733518212
4268523013
4268331672
4268637538
4268283354
6733696643
4268041908
4268347122
6798330422
3927462084
4268065310
6798197797
4268422202
2494268425
4268464835
4268450912
6733771675
4268342342
3399311872
4268634050
4268521732
4268041467
4268477231
4268409564
4268527580
3034211603
4268524315
4268591272
3357503239
4268340842
4268507573
4515953934
4268507577
4268423383
4268333654
4268345055
6798382234
4268422254
4268332450
4268409626
4268344603
4268449957
4268316204
4268344147
4268620327
4268526923
4268495005
4268342169
4268591396
4268339970
4268410069
4268450594
4268526786
4268421200
4268448715
4268064805
4405663303
4268465908
4268448040
4268410616
4268427663
4268023557
4268334810
4268339937
4290471818
4268422049
4268595269
3033706509
4268285164
4268420585
6733641240
2394994819
4268334317
4268330133
4268330216
4268595092
4290628608
4268479503
4268486041
4268526160
2830089459
4268425017
4268334985
3927363504
4268643217
4268632877
4268427301
4268498640
3032982175
4268633209
3033706733
4268330366
4268507214
4268422076
4268407904
4268331124
4268317992
3033700252
3428942764
4268428599
4268526514
4268427806
6733554967
3399390622
4268332260
3428934967
3399367682
4268342627
3033689083
3358404435
4268319540
4268299193
4268529863
4268595328
4268421442
6733554793
4268406223
4268626021
4268448363
4268479259
4268320015
4268317183
4268460688
4268341423
4268432092
4268410182
4268424201
4268503057
4268523215
4268659503
4268430401
4268408667
4268458807
4268424456
3032927470
4268628827
4268337454
4268459577
4268458753
3033706756
4268530259
4268524490
4268624560
4268424608
4268458390
4268594800
3033706725
4268503291
4268424866
4268317046
2282320021
4268529342
4268640145
6733689509
4268465236
4268479708
4268345654
4268409898
4268322741
4268410857
4268330489
4268486015
4268284001
4268286423
4268408322
4268529095
4268340132
3032927340
4268427510
4268321012
4268319085
4405467152
4290595707
4268529650
3032982114
4268450632
4268642539
4268485991
4268319839
4268342538
4268425198
4268320012
4268479034
4268284669
4268318916
4268449930
4268497382
4268593604
4268410599
4268420752
4268342824
4268422885
4268316669
4268633092
6733525588
4268524197
4268505998
4268322357
4268459847
4268529267
4268526777
4268621982
2829627572
4268504390
4268420620
4268345976
3033706653
4268319433
4268431138
4268317253
4268332713
4268620291
4268323060
4268339635
4268458489
4268523799
4268507033
4268319420
4268520213
4268323082
4268283582
3033671731
4268497089
4268496054
4268494412
4268341303
4268316321
4268429950
4268628638
4268284630
4268334791
4268065801
4268321807
4268334547
4268410904
4268065828
4268040664
4268316580
4268316439
4268429652
4268330414
4268498798
4268064923
4268330839
4268526692
4268339673
4268343297
4268040800
4268494390
4268316680
4268478583
4268465317
4268335157
4268449221
2494563296
4268411575
4268622091
4268479781
4268316957
3960102186
4268486205
4268333190
4268624603
3428950507
4268407240
4268329976
4268421414
4268494945
4268637384
4268620616
3005392574
4268425240
4268638060
4268477223
4268457292
4268448292
4268593682
4268299182
2830577444
4268460011
3033689245
4268040460
4268323917
3032982466
4268323207
3926962767
4268333825
4268335452
4268066091
4268285870
3926932146
4268334459
4268477815
4268315803
4268595747
4268337163
4268334816
4268478457
6733688434
4268286280
4268457325
4268594580
4268498272
3399311846
4268494841
4268286218
3033671506
4268592798
4268484205
4268315848
4268505917
4268041192
4268342682
4268522643
4268283601
6733518006
4268621088
4268530360
4268283489
4268477830
4268336313
4268065480
4268594828
4268525844
4268638586
4268640357
4268330419
3428935140
4268479434
4268338184
4268507624
4268319921
4268330075
4516283661
4268520428
4268480274
5827829101
4268341512
4268315466
4268336247
3399367586
4268341661
4268527279
4268330612
4268638044
4268426605
4405670103
4268431466
4268594121
4268495734
4268626569
4268457888
4268427321
4405646934
2400594127
4268506328
4290710740
6733641012
4268321363
3033706531
4268428705
5972728408
4268528918
4268457627
4268643587
4268627876
4268464891
4268626119
4268497339
4268065490
4268523211
4268621085
4268485814
4268023666
4268644787
4268525919
4268065936
4268041576
4268319751
4268503800
4268340792
4268620203
4268457328
4268344688
4268422062
4268428373
4268285101
4268524529
4268339972
4268485421
4268505092
6798382230
6798315139
4268523022
4268324217
4268334606
4268495395
4268286422
4268496901
4268023660
6797572441
4268479703
4268422671
4268507136
4268529412
4268458501
4268407334
4268626746
4268634982
3033689406
4268621661
4268637308
4268320224
2829935872
4268520775
2400544204
4268321574
4268421618
4268522084
4268450338
2829935707
4268638616
4268283487
4268477292
2830584672
4268640747
4268284304
4268339084
4268322510
4268335590
4268503433
4268347099
6797605544
4268430292
4268334211
4268465981
4268520776
4268528440
4268486519
4268340123
4290537997
3399376015
4268321631
3927410096
4268431844
4268426159
4268339080
4268494650
4268637412
4268409928
4268332712
4268457760
3033689388
4268338438
4268422774
4268316496
4268316435
4268065654
4268427522
4515978343
4268523804
4268464635
4268286386
4395140236
4268486872
4268324664
3926828719
4268336395
4268340312
4268627565
4268284283
4268450903
4268497838
4268337394
4268457281
4268457054
4268457278
4268407004
4268347157
4268521311
4268339365
3033671303
4268522102
3399356835
4268526945
6733748810
4268407347
4268460105
4268458814
4268064758
4268592924
4268596395
4268527875
4268410817
4268335962
4268503627
4268333648
4268459705
4268409918
4290637264
4290538319
4290460356
4268525118
4268323062
4268023632
4268458371
4268479561
4268423698
4268423425
4268346264
4268523082
4268642939
4268456520
4268430674
4268341285
4290497978
4268409195
4268023903
2494602727
7658142128
4268286103
4268477923
4268342049
4268406225
4268528420
3399191140
4268426135
4268344783
4268466290
6733526911
4268333018
3926968660
4268448368
4268592802
3032981861
4268528316
4268467120
6797639573
4268066303
4515978400
4268596157
4268335283
4268450101
2087423488
2044630385
4268317179
4268594093
4268591782
4268622192
4268064853
4988023855
4268339094
4268504540
4268524356
4268592148
6733739551
4268620213
4268522303
4268485901
4268407117
3358517958
4268529330
4268407109
3428935003
4517331753
4268332496
4268332488
2830577423
2500725208
4268407520
4268427527
4268505423
3428946974
4268319008
4268286237
3033374999
4268485451
4268331086
4268285153
4268041247
3358538563
4268330871
4268318182
4268065062
4267984757
2337438948
4290476422
4268519177
4268450644
4268338652
4268344534
4268339183
4268485026
4268478338
3358702582
4268527733
4268457188
4268321650
4268406796
4268406241
2318743064
4268498078
4268431934
4268065749
4268594738
4268494909
3399311861
4268525560
4290711694
4268331185
6733517656
4268494744
2494563244
4268345840
4268639318
4268527234
4268333619
4268283577
4268342483
6531330127
4268432419
4268066094
4268456182
4268465455
4268530690
4268318058
4268285503
4268335016
6797623906
4268335146
3033689032
2522257309
4268410547
4290476051
3428946869
4268319401
4268066054
4268522971
4268461537
4268486033
4268284825
4268529501
4268316541
4268333000
4268040702
4268064242
4268342090
3033689572
4268485752
4268286532
4268342063
4268023344
4268498791
4268505679
4268467128
6798314661
4268528376
4268494316
4268343300
4268421409
4268620836
4268410737
4268324795
4268425145
4268409608
3428946824
4268494602
4268041569
4268331001
4268521429
4268457280
3032737456
4268633139
4268427662
4268523205
4268335193
4268629348
4268431377
6733300743
4268457619
4268520495
3034211652
4268628747
3428935064
4268323006
4268427435
4268340004
3033689196
4268503332
4268633229
4268497379
3033688958
4268596086
4268345765
4268523931
4268503396
4268624428
4268322867
4268334608
4268522657
4268494358
4268420711
4268318886
4268520200
4268620673
3033671618
4268323285
4268448286
4268429358
4268496042
4268333545
4290471874
4268427426
4268411125
4268638086
4268041573
4268622037
4268333799
4268432387
3399379193
4268495620
4268495477
4268344822
4268319372
4268347193
4268040832
4268023888
4516283353
3033375356
4268337390
4268340070
4268507021
4268346817
4268332706
4268497898
4268622634
4268506163
4268331881
4268320195
4268342224
4268427068
4268316853
1918346121
4268285404
4268341499
1915846396
4268332694
4268478366
4268331069
4268331596
1915846393
3033671262
4268337316
5169645745
4268431111
4268411052
4268411007
3033689199
4268530733
4268346842
4268427608
4268504313
4268459629
4268497701
4268334515
4268449736
3428947301
4268595768
4268495002
4268464939
4268506370
4268285741
4268344037
4268458910
3399311853
4268335878
4268526369
3399367661
4268345427
4268338821
4268632795
3358883318
4268505619
4268066939
4268465443
4268505359
4268425367
6798373721
4268336240
4516278170
4268596469
4516283589
4268344075
4268340581
4268323572
1927734437
4268283704
4516262564
4268347096
4268528513
4268527862
4268065245
4268450115
3309478729
4268640062
4268334279
3262562266
4268336803
4268627487
4268465723
4268319162
5220597051
2787236639
4268424175
4268507285
4268628745
6733300362
4268065125
4268521591
4268643445
4268065952
4268324989
4268423159
4268596139
4268596019
4268322407
4268625155
4268529154
4268283765
4268340373
4268424821
4268283837
4268340190
4268336154
4268333079
4268319429
4268316471
4268484400
3428925723
4268427994
4268449655
4268456417
4268316096
4268318184
4268332030
4268479922
3399379117
4268409662
4268322953
4268335343
4268335199
2394970233
6733798149
4268425547
4268494359
4268663090
3176211283
4268426633
4268342343
4268484544
4268456116
4268479382
4268343681
4268641305
4268420830
4268335205
4268332702
4268526997
4268638465
3399327172
4268640672
4405493754
4268641214
2522253790
4268317049
3399356973
3399379175
6733536012
4268319554
4268022863
4267984689
4268323516
4268485491
4268332508
4268424955
4268625422
4268430132
4290460480
4268459284
4268507237
4268041879
2494253049
4268640173
4290497957
4268410782
4268520277
3428938684
4268409904
4268622398
4268499015
4268503563
4268505404
4268486046
4268334842
4268505762
4268421651
4268340211
4268041301
4290489653
4290510816
4290647085
4268425263
4268333705
6798296884
4268526202
4290767240
4290472175
4268421443
4268065507
4290638729
4268479869
4290637290
4268339634
6746242941
4268494719
4290647671
6733525676
4268411442
4268506832
4516296688
1918664310
4268626576
3428938631
4268320505
4268642613
4268324993
4290471931
4268319430
4268503801
4268466702
3428946842
4268457734
4268528884
4268479822
4290443018
4268410973
4268344342
4268406513
4268319054
4268023544
4517331890
4268528326
4268460421
4517331882
3033374741
4268642079
4268286720
4290553988
4268628667
4268346638
6797658420
4268409641
4268479152
4268621614
4268316873
4290647883
4290596438
4290485998
4268495275
4268408625
4268664406
4290497727
4268346269
4268337794
4268450862
6798366048
4268423181
4268497304
4268066563
6733696398
3032927808
4268449538
4268066412
4268496110
4268431274
4268460783
2830089532
4268427673
3033375419
4268466096
4268520873
4268317724
4268461192
4268459360
4268593758
4268633434
4268285376
4268478257
4268337195
4268640584
4268497906
4268522882
4268498534
4268342552
4268635353
4268283735
4268041865
3362030681
4268466891
4268450456
4268040643
3033688920
4268317153
3034211800
4268519084
4268429290
4268507962
4268330064
6733824521
4268410400
4268319681
4268338112
6798135391
4268503888
4268065906
4268324038
3358323482
4268507092
4268519746
2830555704
4268284807
4517373468
4268458045
4405467050
4268330476
4268625591
4268022880
4268526478
4268423556
4290637274
4268645212
4268337904
4268316090
3033689435
4268620208
4268524288
4268620486
4268340355
4268456118
4268066185
4268341432
4268503916
3362032634
4268638039
6798372999
4268421435
4268526461
5644731819
4268335270
4268023969
4268450421
4268484111
4268345921
4268064379
4268430143
4268498238
4268343778
4268321732
4268405938
4268638133
4268337254
4268330947
3034211693
4268519836
4268342393
4268066937
4268324114
6797606678
4268284534
4268477733
4268066619
4268479574
4268591831
3032737573
4268521596
4268338575
4268466749
4268283628
4268347072
3428942865
3033689275
3428929527
4268466997
4268344626
4268486028
4268596891
6733660675
4268503654
4268485079
4405464272
4268592224
4268340285
4268592904
4268527207
4268479624
4268644188
4268448749
3033671396
2500725206
4268458179
4268520192
4268331068
4268332018
4268427778
4268321798
4268485596
4268422975
4268460180
4268320997
4268632980
4268335026
4268284826
4268410489
4268466502
4268341637
4268465356
4268346993
3033386974
4268624750
4268321118
3926883779
4268449966
4268315500
4268319341
3358882022
4268593891
4268596700
4268339955
4268520899
4268339990
4268343189
4268342960
4268595321
4268421943
7214198169
4268499041
4268041191
4268595226
4268450120
3034211846
2830580086
4268285283
4268458895
4268639513
4290497713
4268284605
4268339629
4268411487
4268284264
2626642018
4268430613
4268596353
4268423297
4268321811
4268338331
4268323515
4268284662
4268330425
3927470599
3033386962
4268497449
4268485920
4268624582
4268503514
3032242577
4290647553
4268496916
3399326937
3927422849
4268518909
4268458060
4268410928
4268479623
4268323561
4268315929
6733714020
4268464947
4268499168
4268458208
4268022733
4268323186
4268431747
4268317415
3033717838
6798296119
4268625045
4268320545
4268320481
4268316665
4268427992
4268319415
4268449574
4268496634
4290594705
4268620445
4268494510
4268338599
4268621010
4268518952
3034277865
4268596599
4268486100
6733622709
4268592631
4268066193
4268323202
4268410353
3358686986
4268465799
4268466092
4268640152
4268337926
3926966058
4268331517
6733517623
3927393048
4268486204
4268425153
4268334409
4268317800
4268637277
4268423212
4268465870
4268285730
4268425484
4268331913
4268429355
4405703288
4268627680
3033374852
4268330594
4268320161
4268625426
4268319604
4268528424
4268323079
4268520239
4268458054
4268409329
4268315427
4268023861
4268478995
4268458143
4268319238
3399327056
4515987485
4268341349
4268423222
4268529344
3399356908
4268626259
4268479364
4268503090
4268460395
4268337773
4268332214
4268406767
4268521714
4268640314
4268641228
4268337155
4268477546
4268524332
4268430547
4530448771
4268507424
4268634054
4268458617
4268457033
3032927474
4268457063
4268316430
4268466816
4268283635
4268480122
4268410849
4268345672
3309487390
4268465299
3032737473
2494563225
4268528572
3399311956
2494580061
4290471826
4268485325
4268064213
3399307814
4268338864
3032737889
4268426774
4268421431
4268426988
4268530710
4268333419
4268338942
4290710385
6797572423
4268324141
4268338606
4268519416
4268466016
4268431558
4268023111
4268506364
4268284389
4268427810
6531343427
4268316101
4268529848
4268591379
4268479407
4268458417
4268637311
4268023000
4268450616
4268339580
4268448840
4268065098
4268528514
4268503295
4268466510
4268318027
3926963593
4268523125
4268411436
3926926133
4268283439
4268528292
4268484578
2494269337
4268041419
4268494435
4268335362
4268317173
4268411576
3317682347
4268526454
4268523947
4268410915
4268448812
4268620923
6798206486
4268421625
4268040959
4268633742
4268485671
4268323470
4268632975
4268527131
4268338913
4268450821
4268520992
4268428531
4268335555
4268593121
4268596113
4268420622
4268506214
4268424796
4268320330
4268638048
4268479275
4268338230
4268325083
4268430072
2247846968
4268022812
4268638267
4268406218
4268466739
4268477251
6733797911
4268333541
4268324773
4268467226
4268335943
4268625401
4268411352
4268461314
4268620222
4268519415
4268458050
4268041916
4268410187
4268407206
4268421861
4268333007
3428921605
4268420777
4268422126
4268340706
4268283574
4290553953
4268519039
4268643556
4268623742
4268677742
4268424379
3358687051
6716732811
2494571859
4268619949
3033706650
4268519114
3399367768
3032982078
4268495036
4268643574
4268625847
4268321034
4268335503
6733650966
4268525616
4268524753
6798296864
4268345914
4268066058
4268330676
4268420461
4268505010
4268458977
4268527810
4268330339
4268479041
4268519973
3428950494
2494576837
4268506494
4268428633
4268633090
4268410435
4268527039
4268495208
4268345303
4268519972
4268523786
4268410770
4268324928
3352656750
4268521839
4268283856
4268344074
4268460913
4268479300
4268485103
4268334461
3399761677
4268460522
4515978547
4268411471
4268643077
4268423899
4268429677
4268448720
4268344513
3004764381
4268485718
4268345284
7319098916
4268524094
4268461369
4268633062
4268410840
4268520983
2494268439
4268527645
4268407482
4268321344
4268624623
4268432438
4268596674
4268624514
4268411544
4268320934
4268342534
4268484039
4268498597
4268330541
4268641196
4268627877
4268506192
4268450450
4268448769
4268495951
4268626014
4268066015
3033671516
4268478417
4268409502
4268322672
3309478720
4268528271
4268422073
4268495822
4268424764
4268330477
4268659275
4268594209
4268637393
4268507908
3399311855
4268319984
4268504459
4268496807
4268344987
4268643621
6733747723
4268506959
4268332244
4268322719
4268431361
4268325106
4268640663
4268342379
4268620293
4268519247
4290526574
4268457750
4268485781
4268640551
4268620229
4268456101
4268040734
4268459099
4268593528
4268316876
4268457494
4268408205
4268420916
2494603619
4268594461
3428935039
4268478141
4268423305
4268504634
4268628744
4268407690
4268339558
4268592787
4268529304
4268335337
4268427949
4268457762
4268341370
4268315558
4268041776
4268318929
4268624901
4268334189
3399390683
4515948424
4268593567
4516271942
4268345207
4515953594
4268620675
4515929426
4268411427
4516262189
4268422135
4515948800
4268634019
4516292962
4268486279
4515978541
4515919871
4268522966
4515935261
4516281438
4268478460
4268318216
6531313555
3399379159
6746283932
3033706939
6797605934
4268495761
4268456610
4268492292
4268041507
4268477181
4268466548
4268336203
4268448427
4268320222
4515929410
4268315593
4268507978
4516274492
4268342372
4515929834
4268340422
4268495028
4268495060
4268318162
4268347030
4268423033
3033671402
4268346112
3358385087
4268338161
4268448235
4268504846
4268338859
4268346558
4268596100
3399367747
4268480287
4268426920
4268332292
4268459860
4268448999
4268528798
4268333908
4268330262
6797606581
4268318375
4268495992
4268628133
4268593345
4268461467
4268479996
4268323518
4268066285
4268409515
4268431163
4268495402
4268528919
4268496889
3033374843
4268428012
4268497534
4268422840
4268520766
4268523789
4268627948
4268431561
4268478639
4268643078
4268410702
4268503609
4268333370
4268430738
4268527084
2830584772
2522249774
4268426861
4268423053
4268479555
4268429925
4268065980
4268640321
4268525912
6733670718
4268335417
4268410738
4268408423
4268450615
4268643618
4268484765
4268460645
4268484232
4268466425
4268432097
4395130144
4268494939
4268331257
3034211724
3032927789
4268341679
4268064135
4268450475
4268625728
4268592793
4268528975
4268041463
4405464287
4268519927
4268411056
4268319916
4268519765
4268526348
4268411206
4268629196
4268346942
3358385007
4268457523
4268410989
4268284821
4268285036
4268064796
4268461264
4268320717
4268592405
4268341287
4268521832
4268430662
2829949802
4268284078
4268486626
4268330509
4268319163
3004764511
4268319428
4268330609
4268066309
2054067704
4268422313
2494576827
4268518838
4268424736
4268645127
4268506651
4268346848
4268345374
4268316461
4268023423
4268023542
4268626618
4268644485
4268526990
4268406909
4268523617
4268339939
4268485440
4268285892
4268486493
4268499105
4268284723
4268040892
4268338523
4268525604
4268426329
4268458646
4268342584
4268526440
4268519628
4268522927
2829627246
4268448242
4268448679
4268324964
4268335328
4268340146
4268594946
4268424172
4268499491
4268622123
4268066609
3358883289
4268450634
3358539613
4268620221
4268456180
4268040627
4268640665
4268335564
4268485575
4268064835
4268497072
4268285384
4268519887
4268421695
4268450517
4268530048
4268499051
4268321376
4268621429
4268449372
4268527056
4268285109
4268316964
4268423427
4268596835
4268624567
4268477383
4268643049
4268477255
4268409408
3428925840
4268319076
4268420748
4268428050
4268498539
3926933394
3032737865
4268336631
4268457531
4268621013
3399390746
4268345568
4268318082
4268316598
4268504935
4268478593
7214130710
4268460126
4268448295
4268407090
4268406980
4268449473
4268428241
4268333849
3358685716
4268336695
4268504918
4268338109
4268064192
4268591522
2494580106
3399375999
5536513430
4268411168
4268640554
4268457207
2830564991
7214219113
4268321717
4268494776
4268339248
4268477796
3399327159
4268624488
4268522765
4268022712
4268317264
2830579971
3032737537
4268424176
4268427408
4268632950
4268040725
4268316397
6733807366
4290628351
4268592650
4268331629
4268318978
4268592194
4515988014
4268340512
4268425358
4268330865
4268409110
4268524738
4268406742
3033689510
4268528152
2394994813
4268459125
2830080882
4516263907
4268519077
4268331016
4268526030
4268467239
4268524188
4268623339
6733739695
4268595956
4268065578
4268508003
4268620215
3358883325
4268523257
6733526155
4268066069
4268427441
4268409829
4268459714
4268526173
4268317437
4268065765
6733536299
6733593198
4268619993
4268530036
4268479128
6733731255
4268315910
3032927765
4268335515
4268478507
4268425058
4268484044
4268496790
4268622132
3034212044
4268336379
4268703452
4268506884
4268522176
3032242568
4268528164
4268634158
4268422045
4268341134
4268421032
4268423863
4268466395
4268422745
4268629987
4268322620
4268596554
2522212867
4268484217
4268347058
4268503303
4268346295
4268283624
4268338803
4268321681
4268627733
3927392876
4268624559
3033374673
4268425738
4268593936
2830584668
6733641237
4268507734
4268344279
4268457177
3428947309
4268411095
3033689412
3399367549
6797572891
4268458779
4268530284
4268333114
4268066547
6797639763
4290767121
3362034312
4268427355
4268466909
3034211848
2494571797
4268627569
2839228902
3033375227
4268316091
4268527557
4268434760
4268428199
4268485349
4268643620
4268449142
4268041299
4268340406
4268066081
4268331694
4268320086
4268423088
4268406515
4268591811
4268286226
2494268442
4268041976
4268594064
4268625457
4268484357
4516282689
4268485808
3033689026
4268321823
4268593966
3032242564
2494268434
4268591384
4268478226
4268283455
4268456190
4268323528
4268041113
4268504142
4268525977
4268345131
3428921451
4268522434
6798229257
4268406031
4268286717
6798355582
4268530877
4268503811
4268467059
4268041180
4268519479
4268430694
4268066650
6733583758
4268621022
4268338489
4268410998
4268329925
4268529404
4268519710
4268316262
6746198394
4268318821
4290696968
4268627683
4268346680
4268450192
4268459365
4268479194
4268677883
4268425611
4268411387
4268334213
4268339800
3033689113
4268460097
4268478103
6531313548
4268335260
4268407645
4268620781
4268495791
4268477687
4268592271
4268335554
3033671514
4268628342
4268315579
4268633464
4268624888
4268458232
4268627542
4268430269
4268064929
4268477275
4268496904
4268620256
4268344899
2520881903
4268520972
3034211590
4268505947
4268346116
4268448642
4268596780
4268485782
4268284041
4268450629
4268319427
4268632780
4290638781
4268407912
4268430113
4268023999
4268329433
4268450093
4268285398
4268625408
4268065203
4268485959
4268342375
3033706507
6733564680
4268595205
4268456900
4268427514
4268430331
4268409275
4268427188
4268519754
6733789026
4268624743
4268478495
4268336389
4268316120
4268336007
4268627693
4268065115
4268457577
4268065407
4268330307
4268425041
4268467218
6586551968
6762314759
4268505848
4268346718
4268423997
4268426080
4268331813
4268345588
4268337796
2494588917
5438197069
4268448761
4268591392
2494603704
4268497144
4268431712
4268523754
4268408237
4268346983
4268319990
4268596283
4268321113
4268628787
4268523402
4268285412
4268331122
4268409688
4268450701
4268421139
4268338527
4268428137
4268479544
4268464945
4268529198
4268333053
6733713503
4268485677
2494602643
4268506508
4268323071
4268527275
4268495659
3358701749
4268641210
4268041942
4268284239
4268496604
4268459378
4268505458
4268624995
4268486735
4268522380
4268432295
3399379087
4268592033
4268424939
2830584718
4268344068
4268041672
4268628067
3033689099
4268504117
4268334256
3034211626
4268409614
4268523045
4268595095
4268340876
4268643152
4268316854
4268333345
3309481129
2522245124
4268284123
4268525009
4268480217
2522245122
4268065388
6733621661
4405670217
4268628616
4268494691
4268424202
4268427696
4268432436
4268627536
4268335914
4268424525
4268620139
4268479600
4268505198
4268527719
4268448612
4268649437
4268323521
4268284988
4268478073
4268406328
4268449666
4268506324
4268485834
4268407522
4268628664
4268429868
4268528377
4268466744
4268426915
4268342100
4268495413
4268523765
4268340670
6798189183
4268625658
4268498008
4268066320
4268333112
4268336309
4268428779
4268041564
4268320011
3428947299
4268486392
4268407454
4268405993
4268527584
4290486358
4268505734
4268494305
4268064132
4268506159
4268066321
4268285377
4268421588
4268323203
4268458063
4268345525
2829627560
4268478154
4268323935
4268663129
4268625858
4268459353
4268022681
4268495206
4268324627
4268524352
4268485648
4268529836
6733830986
4268637818
4268023541
4268457603
4268066599
4268596341
3358537205
4268409748
2830603508
4268504310
2830555699
4268428399
4268322611
4268458331
4268504925
4268522450
4268507585
4268480260
3358539544
4268594480
4268505358
4268596471
3399376010
4268592968
2522231118
3399389205
4268425754
4268322683
4268432291
4268317172
4268430587
4268635172
4268337246
4268335444
4268341345
4268478811
4268431666
6797624395
6733696534
4268632999
4268022692
4268624756
4268448306
4268420783
4268324680
4268527375
4268041956
4268626597
4268621253
4268432476
3034277876
4268334143
3033700240
4268465217
4268340292
4268432475
6797571742
4268627637
4268449115
4268465647
4268494752
4268494720
4268478933
4268633088
4268503569
4268467044
4268286157
4268285396
3032737462
4268342581
4268507246
4268530741
4268495711
4268335134
4268484144
3428918542
3399327163
4268345702
4395156421
3428930018
4268478051
4268520241
4268341246
4268593077
4268496338
4268425654
4268333488
4268323906
3399356870
4268634362
4268407148
4268318658
4268340275
4516278898
4268525119
4516264498
4268406044
4268423103
4268432079
4268318227
4268638129
4268497155
4268322343
4268333715
4268504196
4268421547
3033689109
3358385042
4290711703
6798163615
4268529161
4268065415
5287546455
4268526357
4268066927
4268507461
3033671383
6798356346
4268525981
4268466322
4268486638
4268485600
4268283753
4268596575
4268498251
4268524992
4268335894
4268335160
4268065169
4267984722
4268329388
4268526019
4268335140
3399311820
4268330964
4268408874
4268477530
4268024068
6798197811
4268464772
4268423845
4268466371
4268337921
4268477987
4268624330
3362043983
4268421883
3428950938
4268321510
4268337530
4268429940
4268622140
4268527390
4268284156
4268594346
4268523997
4268315767
4268286116
4268466498
4268477469
4268522831
4268335550
4268449738
4268315636
4268042043
4268486109
4268498789
4268466274
2830577433
4268420674
4268456255
4268496290
4268409905
4268486016
4268040654
4268023893
4268450259
4268594306
4268595739
3399367569
4268320660
6733679146
3358313154
4268410909
2326212137
3399311859
4268457785
3399347059
4268322971
4268341989
4268520657
4268345015
4268344928
4268522207
4515988019
4268408877
3399389217
4268329653
4268503110
4268633633
4268504270
3927462207
6733823511
4268503288
2494269271
4268523217
4268023839
4268408564
4268339186
4268409593
4268341281
3033374862
4268346082
4268458283
2829627527
4268340559
3428950927
2830580060
4268640161
3399346993
4268340999
3927407950
4268331851
4268479685
4268496077
4268526124
4268449021
4268422114
4268408899
4268649054
3428939133
4268317410
4268448358
4268627437
4268485616
4268477471
4268343038
4268408932
4268421664
4268507381
2830577131
4268318138
4268496422
3033689492
4268065538
3032737551
3399311865
4268496384
4268466193
4268430070
4268421273
4268519205
4268066107
3032737616
4268315359
4268627635
3428950580
4268626619
4268317428
4268426248
4268345509
4268340056
4268421947
4268497067
4268330650
4268457149
4268626876
4268422506
4268485867
6733593656
4268341002
4268343737
4268411106
4268450172
4268526033
3034211488
4268467378
4268499179
4268041962
4268449771
4268628093
3309478728
4268526546
4268407784
4268457977
4268464977
4268497911
4268527179
4268591934
4268495602
4268494363
4268637379
4268485783
4268643070
4268322333
4268023372
4268485076
4268323614
4268430466
4268466807
4268625644
4268319389
4268620090
4268497804
4268449815
4268425373
4268632945
3033706869
4268330036
4268285272
4268041177
4268503197
4268410856
4268024027
3927492166
4268504243
4268521281
4268284905
4268505228
4268346105
4268466980
4268529048
4268624835
4268336445
4268023901
2055059613
4268340757
4268635022
2829935955
4268041983
4268406879
4268457513
4268335404
4268485598
4268484374
4268624751
4268421051
4268341431
3033689448
4268341727
7885551118
7790885005
7617561942
5693756567
4268410629
6733544843
4268632834
4268319762
4268528394
4268335390
4268459870
3428918393
4268320364
4268345407
4268508032
4268321433
4268528149
4268521756
4268041910
3428942694
4268494596
4268478118
4268331762
4268338658
4268591544
4268458011
4268284450
4268285060
4268484059
4268408419
4268426865
4268427795
4268457963
4268641266
4268637660
4268522227
4268620911
4268503685
4268022725
4268619982
4268041925
4268430881
4268332517
4268407876
4268594335
4268457879
4268504498
4268466691
4268422651
4268484645
4268498464
2494563325
4268456580
4268318617
4268332999
4268041112
4268426971
4268519379
4268285804
4268041822
4268333525
4268505001
4268484443
4268594262
3428935027
4268494717
4268663147
4268330657
4268486094
3033374753
4268040920
4268485283
4290710326
4268283740
4268284741
4268323807
3033375034
4268321667
4268407198
4268593273
4268065148
4268459502
3033706865
4268347184
4268629984
4268450289
4268340203
4268639435
4268484679
4268332708
4268066644
4268335534
4268498806
4268423018
4268064385
4268624997
3399763018
4268458248
6531330125
4268465457
4268284638
4268592949
4268318641
4268495752
4268466566
4268407992
4268638179
4268022793
4268317261
4268522901
4268411219
4268495905
4268596356
2829627566
4268040686
4268485095
6021007187
1952316926
4268622039
4268466672
4268591637
4268621553
4268317062
4268495953
4268477278
2494603636
4268596405
4268627539
4268460035
4268410360
2829949983
2494588116
4268424032
4290711428
4268407724
3033689285
3032982356
4268592955
3033689514
4268425133
4268485329
4268423258
4268343731
4268319954
2829935940
4268023212
4268497686
3428935145
4268321793
3358882514
4268524771
4268478042
3362042546
4268066633
4268341055
4268519273
4268315724
6772524316
4516263170
6881541274
4268466070
4268526159
4268465431
4268285309
4268338344
3399367738
4268529579
4268449067
4268337514
4268337552
4268459591
4268424751
4268592857
4268411185
4268480289
4268643095
4268343956
4268317669
4268596428
4268430616
4268317645
4268591893
4268332515
4268409726
4268478992
3033689451
4268466387
4268407098
4268344761
4268639875
4268621125
4268335918
4268345836
6798330276
4405703359
3033689242
4268335925
4515935308
4268465408
4268530105
4268477950
4268320791
4268456179
2312646543
6711320174
4268496880
4268423562
4268506796
4268338595
4268424307
4268486499
4290442823
4268040577
4268408644
4268319176
4268339068
3032927731
4268285306
4268345428
4268407693
4268503996
4268527581
4268428425
4268450472
4268503564
3034277879
4268637375
2522249082
6733661008
4516372946
4268335964
4268465151
4268505887
4268064813
4268333363
4268410962
4268632933
4268638543
4268503580
4268341436
4268633631
4268594317
4268495679
4268456745
4268343663
4268408759
4268465009
4268066061
2627456437
4268424054
4268519831
3033689507
4268317259
4268023498
4268506701
4268460543
6958585732
4268520091
4268633185
4268346548
6958475138
3428962202
3429796034
3399367577
4515953950
4268317191
4268425391
4268316906
4268596059
6798296721
4268466779
4268342901
4268407418
2829935821
2522253883
4290510779
4268331577
4268335216
4290596217
4268321824
4268338017
4268478224
4268317273
4268484736
4268317177
4290628881
4268338636
4268457299
4268465688
3033671728
4268324961
4268596101
4268319523
4268593276
4268411006
4268285805
4268620108
4268336436
4268040887
4268594224
4268450761
4268318047
4268505691
4268628603
3032982225
4268456453
4268341492
3399347015
4405437070
4268506877
4268499525
4268456477
4268336494
3362047350
4268448312
3033671616
4268628052
4268065813
4268330001
4268430975
4268484103
4268337562
4268450577
4268628284
3926929164
4268485041
4268323840
4268494554
4268466602
6798323459
4268339643
3032927300
4268465991
6733750061
4268023196
4268457765
4268506989
4268527233
4268344293
4290501136
4268632793
4268621621
4268526743
4268496051
4268530620
4268337791
4268628344
4268333643
4268504311
4268522474
4268422810
4268530041
4268324330
4268477820
4268627208
4268479490
3033374801
4268520242
4268628622
4268478670
4268499062
4268628066
4268339584
4268448208
4268343922
4268407332
4268479088
4268486022
4268285526
4268286063
4268486388
4268625410
4268592996
4268466655
4268484705
3399311867
4268332158
4268528391
4268345219
4268023092
4268460958
3032927436
4268625521
4268023987
4268625577
6733807255
3005439994
4268495218
4268504377
3053430692
4268335056
4268286000
4268458421
4268329790
4268526675
4268432429
4268465451
4268662795
4268066897
4268428206
4268409555
4268628112
4268420400
4268321591
4268485521
4268505356
3032982073
4268319995
4268448520
4268456850
4268329371
4268639737
4268322328
4268485188
4268284440
4268337927
4268332800
4268425786
4268527251
4268411586
4268410630
4268477682
4268316829
4268315809
4268638164
4268427286
4268624647
4268498271
4268431425
4268634174
4268621208
4268284804
4268343043
4268529875
4268478179
4268344035
4268494662
4268449484
4268459679
4268333733
4268526009
4268456405
4268316516
3428947311
4268424741
4268431850
4268480201
4268345113
4268425782
4268621622
4268459539
4268286150
4268626574
4268478207
4268320009
3358323432
4268425756
4268315622
4268519148
4268625488
4268458738
4268427087
4268338603
4268431860
3358313148
3032981939
4268317056
4268410121
4268407187
4290629527
4268592804
4268479992
4268408580
4268334671
4268457107
4268341911
4268639280
4268318548
4268591789
4268324011
4268449605
4268428030
3362032724
4268429891
4268333414
4268505365
4268498279
4268411170
4268409764
4268495079
4268407291
4268345190
4268339931
4268424616
4268506734
4268521907
4268420759
4268432151
4268330213
4268329337
4268479158
4268331680
4268023943
6733689519
4268424347
4268336261
4268345968
4268637380
4268040917
4268457263
3358513725
4268422284
4268596566
2044630752
4268506842
4268524568
4268448310
4268591410
4268466410
4268428338
4268329465
4268485300
4268406780
3428922011
4268338933
4268465087
3399367623
4268596791
4268407450
4268494779
4268495403
4268317444
4268409505
4268065832
4268330825
4268345123
4268526940
4268066960
4268066651
4268467259
4268320935
4268478964
4268429402
4268606212
4268421229
4268423662
4268461359
4268624883
4268467179
4268480191
4268407397
4268593072
4268422362
4268458585
3033688954
4268325093
4268627540
4268496958
4268638452
6798172171
4268065248
4268457381
4268504646
4268410869
4268459517
4268286424
4268066549
4268526376
4268486959
4268040717
4268324117
4268341372
4268526157
4268627489
6733713063
4268460383
4268499336
4268498797
4268457973
4268409558
3034211621
4268431786
4268633524
4268431639
4268486000
4268430649
4268339842
4268521555
4268316655
4268486043
4268503227
3032927414
4268339841
4268343184
4268341657
4268519331
4268321325
4268486369
4268495246
3399347194
4268343706
4268458146
4268479384
4268465437
4268343045
4268409629
3033706354
4268408026
4268465136
4268319235
4268041585
4268338548
4268339302
4268316216
4268405947
4268495351
4268457859
4268640198
4268507013
6797615146
4268522345
3358684811
4268638055
4268023994
4268530059
4267146349
4268594098
6733677864
3032927831
4268620840
4268041913
4268422983
4268337426
4268485458
4268496594
4268425079
4268315754
4268336447
4268526484
4268484035
4268448748
4516038039
4268338924
4268523434
4268459325
4268320280
4268484735
4268457027
4268334627
2494602690
4268427278
4268465472
4268525602
6733815841
3005421611
4268332404
4268450767
3362034281
4268410956
4268486337
4268320072
4268041212
4516297499
4268409610
4268332569
4268322914
4268627010
4268321493
4268504334
4268323032
4268627244
4268522071
4268504977
4268450309
4268041978
4268429337
4268338669
4268408472
4268505843
4268530716
4268485229
4268321180
4268505041
3034211735
4268330745
4268464736
4268620951
4268522228
3033375205
4268620826
4268041229
4268041442
4268425870
4268528367
4405667014
6733555073
4268421607
4268430349
4268485334
4268425706
4268448302
4268321150
4268320382
4268336193
4268320213
4268345833
4268285960
4290767010
4268335223
4268335887
4268480164
4268598698
4268335376
4268340464
4268456948
4268283887
3926962170
4268458647
4268594477
4290476078
4268335434
4268285592
4516281949
4516274100
3034211971
4268316446
6733537035
3033671744
4268499056
2395006924
4268319048
4268427789
4268525721
4268498433
4268504022
4268407686
4268496713
4268065977
4268407452
4268592884
3358323480
2830555782
4268466564
4268323605
4268641009
4268424906
4515954986
4516287976
3033689092
4268066062
4268346271
2494603721
4268423573
4268321239
4268625322
4268647328
4268424444
4268064399
4268330911
4268325080
3033671519
4268406011
4268338926
4268478277
5737665613
4290510699
3032737694
4268411089
4268284150
4268332563
4268318011
4268479947
4268431863
6797624361
4268592051
6746224002
4268457534
4268621515
4268486309
4268319979
4268625114
4268319266
3033689235
4268498620
6733695558
4268486202
4268594777
3032982461
4268339607
4268345301
4268284483
4268642432
3032927473
4268467047
4268503787
4268663097
4268458254
3428929523
4268478693
4268504115
4268341795
4268432390
4517378446
4268479409
4268504385
6733773206
4268428207
4268345412
4268625633
4268460122
4268478529
4268498681
6798155343
4268335284
4268484209
4268499289
4268337577
4268497948
4268529260
4268343194
4268523850
4268643092
6733661036
4268457681
4268484215
4268458250
6733535905
4268529390
4268633574
4268423056
4268477377
4268322277
4268325098
4268066910
4268466358
4268341174
4268430212
2627454475
3033689054
4268521910
4268066293
4268529112
4268285482
4268479960
3005421936
4268633533
4268337341
4268521948
4268495412
4268507026
4268333539
4268343332
4268411332
4290460571
6733573255
4268427432
4268335476
3032927714
4268411725
4268425098
4268526842
6733789845
4268523748
4268592869
4268478522
4290500987
2494603583
3033374675
4268634063
4268317133
4268041505
4268428231
4268621785
4268428035
4268506107
4268620926
4268484885
4268407558
4268503289
4268485523
4268065423
4268628056
3358539498
3399327007
2627448503
4268333626
3033706343
3033671562
4268467023
4268317155
2494267771
2394971789
4268595105
4268064957
4268429291
4268316836
4268448610
4268425457
6733832319
4268499224
4268426853
4268424407
4268484972
4268430359
4268022783
4268484573
4268625262
4268633081
6733696085
3399326960
4268318186
3034211555
4268427731
4268346443
4268621981
4268338565
4268637242
4268333843
3926819641
4268337966
4405475075
3034211836
3033375243
4268530556
4268595478
4268406749
4268526693
4268411359
4268633070
4268530675
4268317895
4268522639
4268485342
4268431643
4268325110
4268627795
4268408413
4268495221
4268340912
4268458675
4268344130
4268622083
4268637689
3032737847
4268518876
4405725032
7121942582
7120232301
3034211598
4268322474
4268505021
4268520199
4268299172
4268315388
7121540738
4268499300
4268503444
4268503716
4268457795
7130180276
4268641525
4268467012
4268344517
4268477197
4268519467
4268319369
4268484412
4268330668
4268495427
4268064381
4268424661
2829935971
4268409644
4268524320
4268341039
2830565074
4268625579
4268591232
4268023881
4268408603
4268431837
3358701394
4268408811
4268335426
4268344602
6733790894
4268319174
4268494400
4268318625
4268465239
4268504290
4268527854
4268330597
4268507504
6733661594
4268525906
4268504140
4268340032
4268459845
4268320465
4268345555
4268333326
4268428772
4268526307
4268460680
4268323268
4268627440
4268344704
4268497889
4268315549
4268498914
4268620228
4268339115
4268503997
4268420525
4268485640
4268526587
4268525262
4268484054
4268315972
4268324610
4268449013
4268504596
4515989508
4268337339
4268621552
4268321709
4268422335
4268319724
4268627531
4268622699
4268594031
4268496689
3399258875
4268320553
4268335464
4268285333
4268643091
4268464723
4268495114
4268342722
4268316862
4268340570
4268459033
4268421412
4268316670
4268024050
4268591946
3358323391
4268430351
4268284355
4268424576
4268495250
4268315823
4268637275
4268285874
4268596284
4268324915
4268335441
4268286075
6733517615
4517373410
4268458726
4268594309
6798289043
4405661891
4268430519
4268319431
4268485505
4268425991
4268526046
4268521961
4268316528
4268285930
4268065774
4268284717
4268625266
4268634626
4268315580
4268637891
4268503224
7718967466
4268522114
4268286161
6733723023
4268621092
4268345405
4268422500
4268329406
4268594054
4268479467
4268428666
4268610044
3032737625
2494603624
4268023747
4268432364
7626531349
4268596155
6733555033
4268521173
4268067012
4268424698
4268337511
4268331831
4268627585
1917957363
4268529408
4268449272
6798289426
3032927410
3358404460
4268524456
4268411494
4268318072
4268317630
4268316478
4268286427
4268494722
4268322520
4268525097
4268620467
4268431770
4268420854
4268284750
4268640745
4268318540
4268337560
4268494587
4268410717
4268431686
6746198849
4268330649
4268323276
4268330997
4268324959
6798189216
3034211674
4268504339
4268316128
4268457849
4268456195
4268596275
4268431073
3358882482
4268456596
4268479271
4268626573
4268421847
4268484266
4268635605
4268430165
6733621664
4268423176
4268423308
4268426166
4268594632
4268595727
4268427626
4268594298
4290575967
4268323196
4268422943
3358702616
4268429996
4268496543
2830070556
6733670705
4268424667
4268495535
3032982258
4268519082
4268633143
4268336923
4268066953
4268040799
4268319678
4268426179
4268627380
4268506143
4268504998
4268466094
4268410314
4268330691
4268503522
4268341295
4268331561
3358687043
4268424056
4268524749
4268344954
4268620000
4268065152
4268486307
4268409022
4268316938
4268449907
4268596823
3428946947
4268023003
4268339499
4267984629
4268478236
4268627315
4268285002
4268426761
4268428495
4268449242
4268495295
4268064991
4268318329
2494252957
4268496093
4268420470
4268529362
2494269362
4268638167
4268343826
3399347148
4268494524
4268478151
3399326962
4268426252
4268525059
4268486608
4268066931
4268426790
4268341514
4268457272
4268344180
4268596416
4268461480
4268344133
4268633615
4268323144
4268486803
4268495991
4268432526
4268519169
4268421106
4268594486
4268484983
4268626124
4268507898
4268624874
4268449412
4290454821
4268432064
4516283361
4268479738
4268330478
4268633001
4268330462
4268619935
6733780339
4516286798
3033700246
4268526503
4268406910
3033706663
4268285779
3033706513
4268623049
4268479672
6733832246
4268520280
3399367548
4290629128
4268345620
4268449380
4268340184
3033706849
4268449262
6798256454
4268320713
4268066995
4268459541
4268317122
4268496139
4268497129
4268456563
4268286023
4268521661
4268592788
3399307827
4268595903
4268320848
4268596021
4268337418
4268484286
4268430491
4268504048
4268485708
4268457864
7587565730
4268466988
4268526109
4268315789
4268521662
4268505394
4268336486
4268430825
4268332507
4268285798
4268507956
4268497914
4268640732
6733650506
4268621691
4268457838
4268321708
4268506199
4268499108
4268430145
4268621041
4290767295
4268408014
4268593400
4268506797
4268479183
4268643187
4268316484
4268601724
4268465342
4268344956
4268329532
4268485093
4268593824
4268458803
4268319370
4268340882
5792807564
4268337338
4268635462
4268345404
4516287957
4268497674
4268449239
2829627555
4268640542
4268065395
4268638560
4268522225
4268620365
4268424785
4268340548
4268406979
4268337627
4268343285
4268505016
4268497438
4290486152
6797623903
4268485947
4268495526
4268460212
4268286084
4268316899
4268506190
4268426759
4268023298
4268496071
4268633086
6797605794
4268066184
4268432264
4268339061
4268345127
4268494521
4268477209
4268596152
4517345464
4268064982
4268428766
4268426846
4268315503
4268432518
4268478301
4268423496
4268529371
4268495163
4268525665
4268505206
4268428672
5443680140
4268409839
4268340434
4268340385
5877407814
3362032706
4290660116
4268523560
4268486967
3034211854
4268319776
4266897820
4268339562
4268507812
4268623699
4268285263
3428934994
4268334528
4268335821
4268338232
4290648296
6733651020
3358882497
2830565100
2830555740
4268324996
4268478084
4268338183
6733631819
4268503393
4268343899
4268320489
4268316574
4268638415
3428934970
6745888652
4268458271
4268423143
4268424142
3399311940
4268526026
4268330893
4268425981
4268336224
4268592673
4268485633
4268329424
4268329734
4268495699
4268448885
6733537105
7393064096
3358883255
3034211726
4268318193
4268340174
4268594782
4268594743
4268637571
4290515539
4268041235
4268410448
4268528988
4268340193
4268423836
4268425357
4268628575
4268407525
4268457742
6798424379
4268449748
2830577379
4268592679
4268424446
4268504043
4268427515
4268464932
4268467061
4268458517
4268484839
4268423278
4268318025
4268336340
4268422594
4268342716
4268426854
3358518842
4268411669
4268596176
4268500589
4268456283
4268640685
4268464696
3358323438
4268330494
4268431703
4268409339
4268330949
4268420540
4268637245
4268592837
4268341090
4268041501
4268408230
4268426374
4268520508
4268431578
4268023272
4268496006
3032927331
4268494676
4268066401
4268478228
4268320739
3428942756
4268503730
4268485574
4268337607
4268593356
4268457195
4268407038
4268465364
4268427057
4268503076
4268341540
2830565143
4516278007
4268342124
4268421567
4268620298
6733697852
4267984686
4268339422
4268285681
4268346236
2626641988
3428950915
4268466911
4268456767
3033689330
6733721360
4268638406
4268407560
4268449679
4268329380
4268339736
4268641180
4268523407
4268477518
4268022680
4268640316
4268284644
4268503106
4268344282
6733781277
4516276742
3399347073
4268423994
4268625462
4268494912
4268449187
4405646904
4268322354
4268683533
4268286718
4268430194
3399327151
4268318080
4515949113
2172776581
3358687035
4517324745
4517343607
4268333817
4268523494
4268478787
4268065295
4268637844
4268465359
3428942746
4268338081
2494268467
4268285399
4268340597
4268526700
4268345147
4268484597
4268450189
4268335879
2494253040
4268450012
4268422018
3399367618
4268529265
4268425855
2829627524
4268466573
4268040817
4268285403
4268409312
2494269365
4268485985
4268420951
4268427739
2830580066
4268485389
4268331693
4268341650
3033706574
3033688992
4268628984
4290711324
4268628547
4268530135
4268528589
4268329327
4268285017
4268284147
4268620908
4268285059
4268430534
4268346395
4268594418
4268425421
4268628202
4268321019
4268520279
2830080870
4268407751
4268596407
4268458879
4268407339
4268663972
4268040579
4268464822
4268527816
3032927437
4268528536
4268524589
4268484088
4268467300
4268595982
4268522691
3033688988
4268459064
4516262852
4268428641
4268524774
4268319423
6282474044
4268521037
4268321678
4268410337
3400341458
4516273437
4268411093
4268448445
4268347100
4268496618
4268324945
4268521828
4268591550
4268591502
4268496900
4268461444
3032982417
4268638057
4268485403
4268479501
4268335326
4268522452
2829627506
4268643069
4268478735
4268642591
4268625780
4268524826
4268346839
4268629316
4268496500
4268479066
4268466722
2494579975
4268330188
2830080840
4268411186
4268341765
3405986966
4268457492
4268478245
4268494735
4268410425
4268330181
4268321672
4268507522
4268448613
4268319243
4268625097
4268335320
4268333870
3034211895
4268479123
4268637772
4268527371
4268331655
2829627608
2494252965
4268505880
4268066049
4268643220
4268624622
4268503519
4268486111
4268638582
4268621229
4268346654
4268429826
4268285027
4268022640
4268429283
4268518875
4268676810
4268480293
4290696857
4268317954
3033689576
4268626276
4268409439
4268495902
4268321645
2494269352
4268450699
4268411086
4268637371
4268324847
4268524478
4268023530
4268522986
4268627395
4268331300
4268324998
4268486454
4268526013
4268504197
3399759367
4268341733
4268457202
2830080844
4268410971
4268634135
4268592285
2829627561
3400341451
5685245993
4268409706
4268425403
4268340060
4268344917
4268345843
4268427409
2520906091
4268524871
4268425561
4268407219
3399327156
4268420408
4268330223
4268527706
4268524136
4268519841
4268320116
4268448596
4268485703
4268339163
4268317272
4268406376
4268317150
4268526839
4268525660
4268337344
4268466270
4268503328
4268337634
4268329395
4268596351
4268498880
4268066636
4268663116
4268429819
4268527829
4268424731
4268024032
4268637493
4268426269
4268484347
4268450562
4268424077
4268430052
4268406833
4268346079
4268478329
4268329876
4268592880
4268066986
3428935437
4268420679
4268644515
4268458330
4268335556
2841045915
4268346866
3358883210
3033689022
4268343983
4268323612
4268498846
4268496373
4268411008
4268344032
4268345286
3033706537
4268484858
4268458837
2107974724
4268632874
6531343435
4268461378
3428950414
4268341503
4268508511
3032242583
4268424405
4268341398
4268041227
4268663176
4268285267
4268423112
4268343955
4268449490
4268495578
4268320293
4268341639
4268628201
4268286126
4268323412
2829627333
4268318556
4268423970
4268407550
4268408604
4268519701
4268340869
4268283509
4268593942
4268330908
3428922012
4268530628
4268344682
4268346650
3358382357
4268628777
4268064778
4268066713
4268338107
4268345846
4268331894
4268467284
4268478917
4268336652
4268495428
4268041835
4268429980
4268486514
4268041767
4268477811
4268450238
3399327086
4268337308
4290638438
3034211851
4268620945
4268422795
4268066672
4268041406
4268457570
4268331546
4268494957
4268484708
2494269291
3362047353
4268333668
4268458783
4268520358
6798389266
4268625991
4268459423
4268426842
4268421864
4268465449
4268284395
4268411381
4268023537
4268596222
4268065831
4268410588
4268347059
4268424847
4268041780
7846520651
4268286111
4268345477
4268624548
4268457371
6733830922
4268591921
4268284452
3399356830
4268337244
4268343896
4268457961
4268315801
4268426087
4268633469
4268425869
4268633513
4268449381
4268520693
4268596783
4268319847
4515954223
4268622110
4268522727
4268528980
4268503821
4268592142
4268429965
4268638398
4268622148
4268527397
4268421141
4268317718
4268458473
4268422318
4268421279
6733814612
3428935413
4268330622
4268319064
4268424089
4268344192
4268529054
4268041806
4268504338
4290637724
4517308015
6711349427
4268627523
4268449009
4268526293
4268497432
4268342083
4268334736
4268346279
4268423826
4268503860
4268595015
4268530882
4268341559
4268023810
4268637502
4268494555
4268522828
4268448309
4268409613
4268337645
4268040554
4268407085
3428921562
4268448828
4268643850
4268323707
4268316105
4268522147
6733739534
4268421259
4268425015
3033706841
3399347034
3428925807
4268638539
4268504335
4268323600
4268519250
4268065509
4268620237
4268323478
6733729942
7214695505
4268423980
4268495374
4268040457
4268504359
4268331140
4268449026
4268023905
3033700258
4268638128
3358513751
4268450198
3033689053
4268347033
4268423874
4267984735
4268495186
4268505447
4268342336
4268448941
4268319711
4268410266
4268023008
4268460721
4268449022
4268064652
4268022655
4268321337
4268495092
4516278002
4268324142
4268406231
4268424443
6733748894
4268066348
4268494617
4290476364
4268466982
4268319676
4268625124
4268633480
4268341273
4268519050
4268423510
4268344599
4268334538
4268503381
4268344334
4268507032
4268591350
4268591915
4268284724
4268519691
4268459336
4268431694
4268339111
4268066643
4268406841
4268341312
4290638319
4268620815
3358537016
4268529374
4290638054
4268486108
4268406709
4268449850
4268315372
4268526811
4268628329
4268605103
4268408036
4268479411
4268596588
3032737534
4268521027
4268619969
4290497953
4268523738
4268334557
4268485311
4268465079
4268456651
4290476435
4268525744
4268023713
4268497655
4405493714
4268458676
4268422437
4268317141
3428950495
3358385094
4268336585
4268461243
2830584704
4268424861
4268450747
4268479475
4268432053
4268465669
4268321102
4268427086
4268318925
4268495469
4268458157
4268343726
4268335057
4268339752
4268330506
4268485682
4268504183
4268507545
2494269296
6733747747
4268410924
4268426881
4268523432
4268339944
4268466906
4268595024
4268431149
4268425660
3032737897
4268421843
4268498629
4268321164
4268521417
4268519087
4268496339
4268677828
4268023391
4290476037
3033375444
4268519708
4268329403
4268330004
4268064875
4268317728
4268497346
3032737894
4268332919
4268625621
3032982064
4268465406
4268285700
4268284827
4268332022
4268662896
4268628326
6733526104
4268619975
4268336330
4268640515
4268458356
4516283658
4268494558
4268504365
4268494502
3399194272
3399347033
4268320554
4268595612
3033375247
4268458611
4268411189
4268449804
4268428549
4268315806
4268507912
4268484902
4268408277
4268411195
4268484826
4268324906
4268408912
4268424019
4268529883
4268316885
4268285807
4268407235
4268525937
4268338944
4268422449
4268503948
4268448248
4268505079
4268040612
4268637238
4268339389
4268333763
3033671560
4268457761
4268321436
4268507485
4268041300
4268340229
4268339515
4268625514
4268286142
3926972176
4268346158
6531366512
4268495889
4516262654
4268422544
4268336024
4268506742
4268497825
4268428683
4268317233
3033960616
4268640674
4290476039
4268023712
4268340216
4268620132
3032737589
4268346281
4268525711
3033706940
4268344518
4268338796
4268426069
4268605757
4268320847
4268420512
4268332996
4268498786
4268333060
4268527759
4268336375
6733583398
6733661703
4268431744
4268460424
4268430703
2494571840
4268065869
4268064925
4268323919
4268065996
4268408898
4268425238
4268486372
4268485557
4268318440
4268500883
4268421591
4405658692
4268484780
6733814807
4268621442
4268529008
4268406483
4268526861
4268339901
4268321711
4268320245
3428926231
4517373413
4268336001
4268423064
4268023870
6733798288
3033706511
6733807401
4268528474
4268477274
6798314321
4268525334
4268324226
4268340713
4268521894
4268478089
4268426201
4268499005
4268320247
4268449451
4268477300
2494579999
4268519718
4268320234
2494267780
3358684790
4268642120
4268286453
4268519074
4268485516
4268411163
4268422066
4268318914
4268591293
4516264708
4268477228
4268447992
4268507736
4268329963
4268456211
4268406052
4268485859
4268506939
4268323287
4268458102
4268591288
4268484773
6733555037
4268478117
4268329473
4268335455
6733713502
4268343258
4268620434
4268325107
4268346510
4268432263
4268041918
4268494616
4268432088
4268625423
4268520244
4268345721
4268526880
4268427150
4268342392
4268527879
4268342525
4268409458
4268317407
4268466486
4268506505
4268520230
4268334747
3362045368
4268464545
4268627533
4268621564
4268347049
4268331197
4268507417
4268485705
4268343771
4268530280
4268319345
4268333506
4268496155
4268065968
4268424663
4268595001
6733535915
2830564827
4268634049
4268339367
4268526679
4268432444
4268528218
4268495994
4268318948
4268518990
4268411437
4268620266
4268317282
4268525968
4268484877
2494269269
4268345431
4268456425
4268284603
4268335074
4268427864
4268329890
4268322342
4268625306
3034212086
4268523812
4268409913
4268690643
4290596261
4268643150
4268066353
4268456451
4268457378
4268479029
2830565127
4268345819
4268340602
4516292880
4268448029
4268466424
4268465199
2627450695
4268528199
4268332078
4268477529
4268331184
4268486882
4268527589
4268495491
4268343419
4268425140
4268340407
4268284766
4268494882
4268458359
4268507743
4268331137
4268323418
4268520218
4268530814
4268317241
4268637959
4268041715
3033706854
4268407651
4268332637
4268425042
4268283412
4268337776
4290711139
4290711307
4290660567
4268336776
4268519447
4268595690
3358684768
4268409276
4268339740
3399347001
4268338474
4268317298
4268503707
3032927381
4517348783
4268456701
4268457749
4268620059
4268505987
4268338901
4268503799
4268427816
4268486231
4517348852
4268621807
4268527579
2829945358
4268316466
3399356831
3033374921
4268333155
3033375005
4268525126
6797639559
6798331051
4268591338
6797572525
4268595102
6798373928
4268457468
4268342418
4268325076
4268422080
4268449883
4268408483
4268449494
4268422199
4268341565
4268334815
4268621649
4268323279
4268421851
4268285208
2830580101
2494571839
4268329313
4268321008
4268336398
4268529353
3358518019
7015559285
4268596702
4268591516
4268427705
4268450030
4268528640
4268641134
4268426848
4268408572
4290497758
4268522357
4516288028
4268641226
2301559855
3033375009
4268324662
4268530096
4268596488
4290501182
4268406010
4268283832
3034211960
4268344738
2042290724
4268422761
4268429926
4268283596
4268425599
4268411423
3428950577
4268344937
2494267763
3034212078
4268345319
4268628607
4268529241
4268345103
4268485314
4268525907
4268426013
4268322950
4268283642
3033374677
4268336063
4268465096
4268527606
4268505292
4268465424
4268324250
4268520883
4268341057
3358538194
4268318814
4268628091
4268324289
4268466545
4268347024
4268459644
3034363274
4268316222
4268424554
4268530419
4268407089
4268449740
4268422904
4268520219
4268595327
3033375036
4268479166
4268527321
4268339778
4268651690
4268345905
3358323389
6798315053
4268623185
4268339484
4268596334
4268406016
4268336032
4268334122
4268466488
4268336298
4268478509
4268331270
4268024022
4268334222
4268409405
4268285414
4268495127
4268323862
3308133918
4268409448
4268429913
4268344717
4268420570
4268064330
6733622817
4268641257
4268409127
4268641084
4268460136
4268477887
4268595314
4268318076
4268329450
4268342996
4268340191
4268410436
4268504379
4268316981
3033700260
3033374998
4268495188
4268285388
4268519996
4268479168
4268496920
4268506729
4268332512
4268479492
4268332570
4268464667
4268620778
4268333842
4268041428
3358879955
2494588077
3926818071
4268527835
4268478812
4268592189
4268498516
3033671412
4268337528
4268450260
4268595198
4268594544
4268346706
4268424173
4268319227
4268023920
4268321009
4290460265
4290595704
4290460204
4268496769
4268346432
3032927295
4268335189
4268335870
4268421440
4268498536
4268458991
3032737446
4268624854
4268321155
4268066347
2494571775
4268430273
4268315526
4290638157
4268659169
4268410311
4268459516
4268460054
4268339105
4268422333
4268283651
4268460197
4516274414
4268286266
4268486322
4268503630
4268596325
4268410075
4268520531
4268284685
2520882753
4268330651
4268486287
3428947291
4268337429
4268593633
3033374992
4268596174
4268643138
4268449801
3005304425
4268065728
4268023340
4268456115
3399376030
4268495608
4268426628
4268423771
4268342176
4268497347
4268411152
4268065500
4268315821
4268503415
6733748111
4268479161
4268402555
4268321161
4268345709
4268408760
4268494872
4268040803
3399367657
4268283769
4268457798
4268427591
4268448209
4268480212
6733517435
2494603588
4268429898
3005439949
4268448378
3428934983
4268041997
4268411275
4268321035
4268331502
3428929598
3399326997
4268040640
3399347107
4268503510
4268317044
4268627091
3399378979
4268519446
3428943190
4268407519
4268321779
4268420468
4268478695
4268425582
4268338486
4268345496
6733396373
3032982352
3428950525
4268457751
4268520431
4268331192
4268424835
4268343757
3399378983
4268450449
4268023359
4268450365
6733704252
4268498199
4268528635
4268341680
4268477299
4268504182
2830580055
4268041502
4268525363
4268430249
6733650846
4268457074
4268461200
4268343519
4268520203
4268525657
4268641259
4268324948
4268495053
4268456739
3428921548
6733807275
4268635187
4268334149
4268525848
2522245111
4268466575
4268332899
4268596202
4290575911
4268595543
4268496616
4268432386
4268408457
4268424642
4268449279
4268496181
4268064744
4268286079
4268503099
4268041186
4268643636
6798373728
4268520184
4268594470
4268340420
3033375043
4268505713
4268495315
4268338516
2494603705
2522259799
4268342712
4268596278
4268485357
4268343525
4268430356
4268521191
4268285182
4268465154
4268411027
4268460196
3358518438
4268406817
4268424107
4268465156
3352320105
4268428542
4268424276
4268424632
4268022910
4268596949
3034211705
4268465110
2839081379
4268495514
4268625088
4268318171
4268324724
4268066632
4268593003
4268467028
4268422962
4268637851
4268494849
4268430041
4268497258
4268432018
4268346788
4268592624
4268320177
4268484952
4268518768
4268527567
4268333822
4268430894
4268317106
4268323438
4268456252
4268405932
4268411613
4268321253
4268495269
4268485860
6797657959
4268640740
4268343620
4268529993
4268523048
4268624716
4268478345
4268318030
4268422272
3358882539
4268431598
4268347194
3399390650
4268319631
4268409124
4268333860
4268065972
6993351000
4268345932
4268485917
4268495564
4268592282
3428929522
4268485507
4268593146
4268409717
4268040988
4268496138
6733309327
6733517613
2830580152
3400347479
4268528971
4268592011
4268064336
4268527801
6798382171
4268494733
4268337801
4268410313
3032737617
4268424388
4268424799
4268342743
4268023909
4268450641
4268317011
4268467118
3428947007
4268344837
4268337526
4268506998
4268324937
4268427631
4517318304
4268592407
4268427103
4268065824
4268496888
4268507838
3033706529
4268529016
2522253681
4268323289
4268626655
4268633272
4268505305
6531366524
2830580188
2522213307
3033689588
4268410838
4268504639
4268424739
4268041431
4268485431
4268528215
4268507256
4268330201
4268479033
4268466563
4268430111
4268425055
4268410963
4268343810
4268624798
7658999704
4268518841
4268424323
4268339090
4268346559
4268458100
4268319752
4268322753
4268450193
4268411531
6797579865
4268319742
4268486334
4268627517
4268457730
4268591400
4268506740
6733631861
4268319700
7108009623
4268591554
4268340173
4268324897
4516263893
3033374867
4268343796
4268340013
2830584755
4268593414
4290497631
2494580081
4268624793
4268428282
4268428806
4268621536
4268430003
4268640196
3317682352
4268342614
4268339509
4268522793
4268521994
4268592704
4268524734
4268466707
6580254393
4515929409
4268458885
4268284040
4268066997
4268448750
4268064839
4268459260
6797572453
4268450667
4268344067
4268498717
4268344788
4268024075
5870442324
4268498432
4268324614
4268528448
4268335802
4268450330
4268457472
4268335406
4268341120
4268333184
4268641246
4268594965
4268620336
4268627653
4268593965
4268449780
4268431515
4268627068
4268637946
4268484032
4268427929
4268458615
4268495109
4268332753
3034211799
4268457792
4268449721
4268643594
4268341131
4268449658
4268339824
4268458874
4268424952
4268339541
4268627275
4268345630
4268408227
4268485695
4268530772
4268461221
4268477732
4268424880
2830577440
4268284549
4290455257
4290515663
4268329703
4268524663
4268624836
4268486632
4268065368
2829627462
6120290131
4268593269
3032927353
6746270877
4268330559
3399307853
4268457758
4268331599
4268342510
4268425764
4268340723
4268320941
4268457976
4268408106
4268638399
4268427302
4268325117
6798331317
6711343450
4268407521
4268409715
4268335067
4268321735
4268066638
4268479549
4268336936
4268426026
4268407694
4268597003
4268316855
4268448037
3033671713
3032982008
4268503895
4268627159
4268496989
4268065759
4268285893
4268408239
4268466745
4268485112
4268525175
4268642948
4268321590
4268319744
4268450071
4268320803
4268485072
4268345074
4268426267
4268429675
4268424638
4268497293
4268285236
4268285829
4268504987
4268323892
4268335457
4268341530
4268428058
4268335418
4268283700
4268406484
4268283515
4268411435
4268284148
3032982028
4268529159
4268520364
4268596160
3032737929
3033374866
4268507833
4268333858
4268450557
4268641178
4268637670
4268411019
4268524318
4268519768
4268524782
4268506953
3428942833
4268331024
4268284657
3308131429
4268485519
2830555690
3428938713
4268593534
4268425897
3032242571
4268426841
4268639316
4268427520
4268503315
4268479559
4268324990
4268641184
4268625855
4268407104
6798389023
4268409730
4268423423
4268041306
4268450085
4268323238
3033907982
4268591774
4268284753
4268638538
3428925810
4268319078
4268499306
4268322468
4268430296
4268321133
4268477884
3358513998
6733660837
4268465319
4268520877
4268637222
4268466638
4268627886
4268596838
4268624632
4268519854
4268457408
4268464878
7701797180
4268346805
4268330626
4268479226
4268345174
4268504175
3034211862
4268339241
4268465454
4268340472
4268319688
4268408194
4268449687
4268507244
4268478832
4268485969
4268407075
4268420926
4268285816
4268522425
4268496078
4268459437
3428942806
2520882972
3362042539
4290628791
4268411454
4268324602
4268625737
4268634223
2627454467
4268338020
7717152106
4268336985
4268341371
4268319230
4268408212
3428938576
3034211714
4268464949
4268521762
4268596572
4268023004
4268465970
4268432205
4268505422
4268506161
4268333107
4268466480
4268503216
4268410982
4268495110
4268337836
4268459892
4268040703
4268527745
4268335435
4268343338
4268283520
4268324116
4268333138
4290497958
4268480025
4268620701
4290659968
4268410611
4268466838
4268594060
4268477225
4268338567
4268527128
4268432296
4268339582
4268507445
4268422843
4268621487
4268421182
4268459328
4268331143
6733593690
4268334124
6733308281
4268285506
4268286325
2494571851
4268595113
4268423281
4268323177
4268486672
4268477651
4268522746
4268478360
4268336003
6733781790
4268466944
4268595409
7846222967
4268640181
4268431698
3927407900
7105645995
4268484835
4517378442
4268456303
4268426772
4268321494
6733814922
4268624811
4517312108
3428926246
4268450351
4268596456
4268626008
4268480218
4268457797
4268663127
4268527441
4268065962
4268430606
6733729946
4268315354
4268409332
4268458855
4268065370
4268425999
4268405975
4268642659
4268504324
4268343422
3399327196
4268284017
3032737884
4268633715
4268621632
4268524439
4268342892
4268335106
4268430127
2829935897
4268023563
2494268423
4268335165
4268638463
4268409883
4268504574
4268346974
4268346586
4268431928
4268342394
4268321401
4268335895
2522213215
4268459819
4268643533
4268504315
4268411383
4268341580
4268458095
4268520155
4268526199
4268642431
4268593623
4290489530
4268342435
4268497269
4268467280
3399367608
4268316477
4268329310
4268424593
4268340896
3428942684
4268285311
4268496040
4268527220
3053939351
4268337646
4268505544
4268333381
3032737574
4268319846
4268465245
4268507964
4268477531
4268486096
4268337666
6610270601
2830070296
4268324674
2627458161
4268420459
4268478550
4268411555
4268638426
4267984635
5392345982
4268341187
4268529005
4268344441
3399389246
4268338589
3399367717
4268632791
4515948727
4268503270
4268041917
4268432036
4268332963
4268450310
4268408573
4268040631
6733780776
4268421394
3033706874
4268504848
4268466485
4268319689
4268625576
4268040953
4268504245
4268317131
4268430598
4268428419
4268497797
4268459469
2627453264
4268283537
4268528362
4268064277
3309481155
4516264705
4268494753
4268503738
4268458751
4268329999
4268497944
4268331055
4268448570
4268409135
4268498100
4515987957
4268634133
6733781061
4268526706
4268624897
4268331583
4268486871
4268318334
4268633104
4268503697
4268422888
4268023203
3034212090
4268520747
4268633128
4268410799
4268342588
4268456847
4268460947
4268420545
4268521117
4268323942
4268023730
4268507137
4268464868
4268424042
4268319406
2494602631
4268319819
4268340305
4268525577
4268595966
4268421415
4268408251
4268424458
4268634155
3034211832
4290659896
3004836253
4268526078
4268315820
4268461512
4268494635
4268459008
4268448528
4268503927
1923612727
4268321132
2494588866
2494588859
4268332494
4268320720
6733749058
4290696410
3032737877
4268285239
4268520520
4268478384
4268450332
4268498842
4268527708
3033706654
4268461164
4268465594
4395130150
4268700283
4268426977
4268497666
4268460166
4268430013
4268345348
4268456218
4268335117
4268406000
4268520956
4268479572
4268066154
4268456424
4268342592
4268320107
4268333635
4268345079
3428935116
4268479855
4268318183
4268317845
4268285940
4268479267
6733621919
4268485545
4268464575
4268431651
4268324027
4268411002
4268620163
4268285006
2836806234
4268338187
5739184660
4268333637
4268595978
4268484931
4268521957
4268285774
7114416712
4268497440
4268424614
4268593283
4268334201
4268324679
4268339731
4268421421
4268464869
4268495904
4268485589
4268479172
3033688986
4268528568
4268319609
2494547264
4268520104
4268324711
2830565129
4268521822
4268337821
4268408723
4268524542
4268637476
3358538564
4268506839
4268485138
4268484957
3428929561
3153922673
4515953590
4268628730
4268497123
4268409008
6733602989
4268594945
4268406093
4268064640
4268522304
4268324046
4268023536
4268428021
4268466236
4268337353
4268595114
4268041751
4268593551
4268340349
4268619986
6733772111
4268331926
2522213226
4268407654
4268457917
4268410499
4268410199
4268520906
6733739691
3032981873
4268345895
4268507588
4268485924
3032737542
4268066831
4268319091
4268449020
4268622050
4268465115
2494580025
4268406123
4268343030
4268460658
4268334198
4268335524
3362045304
4268477324
4268338871
4290526723
3032982247
6733517831
4268458268
3399769378
4268334661
4268339404
4268315492
4268592856
4268325115
4268430936
4268064267
4268596048
4268317258
4268448288
4268411331
4268459454
4268317032
4268465468
4268494775
2829949949
4268628783
4268633277
3033689124
4268341441
4268341195
4268479068
4268526136
4268426178
6733789017
4268592192
4268023501
4268342389
4268459798
4290638793
4268334218
4268461213
4268637165
4268498881
4268409711
4268421856
4268498670
4268024090
4268426639
4268457735
4268484195
4268486412
4268332222
4268664058
4268637586
4268477910
4268663202
4268634169
4268323369
2494602730
4268504312
4268320233
4268458616
4268465306
4268521819
4268040837
4268331107
7393218688
4268596589
4268494893
4268422044
4268629382
4268506754
3034211865
3005427214
4268338835
4268316532
4268343568
4290443176
4290766807
4268485680
3033689089
4268485562
6798330446
4268526244
3033689272
4268285932
4268426091
4268345985
2522248365
4268341328
4268520345
4268422316
4268431405
4268522178
4268596167
4268596111
4268518947
4268065807
4268485075
6733749078
4268507996
3033688943
4268643058
4268530358
4268283623
4268410676
4268432410
4268409625
4516283578
4268449782
4268505811
4268422736
4268408079
4268591629
4268335250
4268526739
2400525510
4268459857
4268346102
4268346881
4268503163
4268643141
4268526626
4268529534
4268423042
4268320773
4268620310
4268479372
4268466243
4268334176
6733721646
4268677804
4268458713
4268331606
4268335369
4268505226
4268065522
4268465318
4268503549
4268322966
4268335049
4268342047
4268457628
4268410757
4268339625
4268342250
4268411316
4268525115
4268422597
4268410719
4268334532
4268494888
4268522768
4290648014
4268485192
4268459834
2830584758
4268041782
3428946941
3399347119
4268466267
4268448517
3034211849
4268479164
4268595910
4268407341
4268494843
3428929549
4268409761
4268041985
4268427208
6798339149
4268527162
4268428128
4268410128
4268495089
4268460148
4268449268
4268321658
4290647652
4268485159
4268322419
4268347126
4268320538
4268449316
4268286096
4268338882
4268594297
4268424214
4268626180
4268345408
4268317214
3032982038
4268425168
4268424420
4268024035
4268465023
4268319233
4268495779
4268506909
4268457929
4268321512
3033706496
3362045386
4268335212
4268486305
4268332138
4268426202
4268333176
4268041167
4268335921
4268341037
4268411131
3358882515
4268457636
4268504113
3033706514
4268450653
4268023976
3033375085
4268507923
4268323582
4268461424
4268424178
4268338529
4268338549
4268484831
4268485956
4268339880
4268521399
4268477423
4268284617
4268322945
2494563245
4268421738
3428950476
4268345426
4268479630
4268496277
4268431622
4268335432
4268525060
4268408298
4268526409
4268285042
4268624336
4268431997
4268637494
4268479110
4268596461
2830565095
4268457155
4290697080
4268285489
6733300346
4268520367
4268283639
4268642433
4290455261
4268430510
4268627522
4268064507
4268465920
4268332284
4290766790
4268495512
4268344740
4268479477
4268593427
4268409210
4268457217
4268505425
4268465144
4516287069
4268424016
4268428751
4268625096
4268457724
4268338238
6745872504
4268506329
4268320539
4268064497
4268497390
4268324950
4268316160
4268427531
4268521781
4268335906
4268340444
3033375138
4268066038
4268410964
4268525743
4268407915
4268498261
4268426168
4268486019
4268495499
4268341413
4268337147
4268409012
4268506596
4268644266
4268620837
4268336314
4268524326
4268320291
4268338800
4268620629
4268427584
4268478554
4268484745
4268344455
4268431265
4268411510
3033386961
4268448655
4268458104
2494603586
4268625595
4268319023
4268467181
4268065841
4268521218
4268484034
4268041116
2830577439
4395120281
4268317763
4268285178
4268338601
4268620284
4268064411
4268450275
4268449879
4268530103
4268409047
4268324869
4268507097
4268408085
4268426627
3032927459
4290455225
4268335167
4268319292
4268609359
4268426272
4268459118
4268341623
4268431572
4268285402
4517378434
4268485315
4268494391
4268316300
4268319449
4268594744
4268342068
4268528144
4268529620
4268478332
4268421967
4268423209
4268621177
6797572892
4268448790
3033688999
4268519813
4268429363
4268530252
4268503682
2522253505
4268448886
4268408017
4516276740
4268507476
4268457999
4268285162
4268406490
4268429961
4268504830
2494563331
4268334272
4268423746
4268625550
4268458532
4268458719
4268321417
4268624687
4268494322
3399367552
4268340333
4268066004
4268064495
4268591206
4268486396
4268347207
2829945374
4268494760
4268620610
4268503727
4268484346
4268421038
2494588942
4268663387
4268626238
4268527635
3428925913
4517318466
4268284793
3032927369
3032981966
4268065530
4268624596
4268285391
4268620684
6798261880
4268320877
4268411710
4268423897
4268484576
4268478161
4268485981
4268421644
4268337813
4268641202
4268338209
4268321328
3033374875
4267984737
4268520955
4268066999
4268466843
4268329715
4268637420
4268466812
4268627280
4268638170
4268410893
4268426208
4268430709
4268065588
4268040834
4268466522
4268336011
4268335443
4268625699
4268341284
4268457939
4268640205
4268336008
4268331177
4268324738
2494602660
4268285454
4268485813
4268344378
4268460450
3033671313
4268329952
4268503676
4268428234
4268023849
4268633087
4268495496
4268596987
4268340901
4268424198
3358311028
4268637257
2394971787
7892818504
4268066085
4268503672
4268458355
4268477165
4268346806
6883504550
4268422896
4268041578
4268344408
4268466222
4268529403
6798347957
4268284151
4268421670
4268637884
4268485880
4268339863
3399312007
4268450745
4268322417
7016839015
4268638413
4268486645
4268522152
4268337683
4268504518
4268507415
3428939131
4268407417
4268520204
4268319549
4268466471
4268428139
4268461302
4268624580
4268286321
4268628760
4268023765
4268324314
4268637440
4268595692
2520906572
3033386968
4268408116
4268503391
6733747788
4268528131
4268481060
4268486949
4268625694
4268407049
4268343569
4268478756
6733780326
4268335872
4268334602
4268464931
4268065526
4268448364
4268339949
4268641152
2400544266
4268429863
4517331745
4268526921
4268449274
2500725211
4268427410
4268022774
4268592061
2494576833
6746242942
4268458410
4268425789
4268284125
4268591402
4268299197
4268022717
4268023511
6746121298
4268421368
4268504076
4268339832
4268528461
4268495502
6733771866
4268407405
4268317631
4268430267
4268498897
4268521348
4268066256
4268480000
4268526993
7582115115
4268478937
4268336326
4268465228
4268318071
4268527831
4268342320
4268486488
6733564526
4268522296
6733661558
4268503292
4268040868
4268524191
4268495840
4268458108
4268066087
4268338807
4268466008
4268346255
4268530541
6733535891
4268596535
4268341239
4268321671
4268322982
4268456285
4268593673
4268499411
4268334786
4268627374
3964287849
3032927461
4268521876
4268459246
4268485958
4268420966
4268023808
4268448947
4268420572
4268485921
4268447890
4268628176
5240104822
4268422503
4268065564
4268404188
4268507915
3399759384
4268316094
4268640669
4268318238
4268424804
4268595623
4268041472
2830577392
4268332954
6110539032
4268503178
4268285264
4268484367
4268426850
4268285770
4268457229
4268318337
4268526114
4268342686
4268478465
4268320260
4268283433
4268628317
4268504274
4268335959
4268632985
4268421005
4268409201
4268456140
3032927741
4268520795
4268316341
4290476360
4268526857
4268505240
4268495392
3033706540
3399327162
4268449596
4268341306
4268424238
4290489685
4268316834
4268411120
4268498494
4268456877
4268625373
4268424322
6733757002
4268428539
4268339616
4268340591
4268065378
4405654763
4268506670
4268640553
4268458864
4268644697
4268041778
3033689050
4268411176
4268320718
4268065505
3428950592
4268323577
4268410582
4268596579
4268286754
4268343524
4268317333
4268331179
4268335947
4268430673
4268622020
4268638525
4268637691
4268495821
4268677771
6797639255
4268629002
4268594292
4290460369
4268066294
4268411425
4268336256
4268421107
4268338052
3927418299
4268320387
4268408007
4268335807
4268503305
4268345539
4268457664
4268339508
4268465713
4268332566
6733696863
4268323264
4268663731
4268429978
4268495253
4268486483
4268316116
3033671660
4268625046
4268495677
4268628151
4268323093
4268494764
4268376344
6798389043
4268526230
4268485245
3032981992
4268523747
4268485913
4268422251
4268422063
4268480111
4268450694
4268495774
4268432023
4290648360
4268318895
4268466007
4268426602
4268345961
4268324136
4268338841
4268465039
3034211703
4268498738
4268317794
3428938548
4268299158
4268329477
4268427825
4268338104
4268284052
4268628218
4268526859
4268339588
2494603590
4268522432
4268626143
6798119740
4268410517
4268625366
4290526657
4268320121
4268422079
4268329755
4268320523
4268321814
4268638684
4268409601
3428925882
4268317118
3033671581
4268497132
2829949991
4290659777
4268466036
4268335201
4268495048
4268065517
4268625682
4268641085
4268346441
4290486189
4268621179
4268495417
4268505204
4290575953
4268596076
4268343614
4268525645
4268484399
4268621628
4268344884
4268466976
4268595648
4268337404
4268496797
4268484229
4268410995
4268316599
4268341384
6798127444
4268323072
4268465984
3032981889
2395006926
4268330773
3358684813
4268530645
4268529263
4268318324
4268066731
4268064993
4268519648
4268495187
4268321431
6938231573
4268479043
4268592056
4268496244
4268428498
4268458388
3399389316
4268448751
4268457271
4268498709
4268323199
4268041592
4268428671
4268524851
4268421727
4268627234
4268625261
4268337934
4268322705
3399379038
4268421712
4268466310
4268506977
4268284060
4268593614
4268499217
4268495038
4268503736
4268523839
4268317982
3428950535
4268344365
6733780851
4268333417
4268408132
4268521422
4268479476
4268477280
4268409136
4268643598
4268066289
4268337198
4268527498
4268285935
3428930022
4268495258
4268628269
4268449034
4268526495
4268023513
4268066210
3399356847
4268628270
4268430956
4268461394
4268595317
2755301269
4268339298
2494576774
4268467277
4268520458
4268459273
4268334372
4268422244
4268346514
4268323976
3033671431
4268345890
4268337787
3358883301
4268023548
4268331886
4268625183
4268494994
4268285031
4268498550
4268528227
6733806673
4268523840
4268485099
4268622131
4268423544
4268627942
4268421416
6797623604
4268335141
4268424767
4268427912
4268486354
4268409617
4268317108
4268634126
4268431800
4268330535
4268484224
3399379049
4268593533
4268331302
4268332000
4268432251
4268595202
4268619968
4268626235
4268410449
6733622284
4268406854
4268466879
4268526581
4268456199
4268421647
4268316420
4268424188
4268022728
4268521171
3428934975
4268286002
4268527026
4268315965
4268064344
4268528202
3428938531
4268334595
4268410751
4268024015
4268406049
4268496179
4268486973
4268638023
4268425976
4268465930
4268285898
4268496027
4268330341
4268529429
4268315894
4268450553
4268496130
4268345211
4268627193
4268627663
6733544506
4268484840
3399367627
4268505278
4268496993
4268495885
4268621484
4268041980
4268525629
5870430752
4268422952
4268525404
4268023992
3399378990
4268409794
4268448959
4268523089
4268461301
3399327184
4268628610
4268332547
4268331944
4268285174
4268408623
6746271352
4268457100
4268339563
4268283946
2830070505
4268520410
4268477149
4268335829
4268623229
4268407801
4268411084
3033717836
3362032709
4268408744
4268284327
4268340900
4268422452
4268457279
4268494307
4268320992
4268677743
3399390728
4268320376
4268342098
4268325099
7129440335
3399327093
4268498498
4268466940
4268466499
4268285386
4268340133
3399347023
4268316647
4268503592
4268620941
4268285889
4268066659
6733651609
4268425370
2494603715
4268332929
4268042004
4268316811
4268284651
4268324278
4268330614
4268318818
4268337944
4268505118
4268323096
4268484134
4268430129
4268315810
4268336590
4268494656
4268459319
3032981960
4268346851
4268317157
4268522913
4268594422
4268424808
3428938652
2829950051
4268341201
2494580088
4268320593
4268410653
4268497414
4268337825
4268426263
4268527583
4268524042
4268503209
4268335422
4268504116
4268524821
4268332519
4268430255
4268425377
4268628217
4268528807
4268428240
4268524284
4268507460
2648150744
4268343661
2494588065
4268285838
4268503189
4268343269
4268486299
4268346779
4268343738
3032982041
2494588941
4268527171
4268486948
4268407785
2494603703
4268339834
4268323970
4268316472
3362034272
4268494344
4290660393
4290510617
4268495391
4268530100
4268527260
4268465277
4268336428
4268503205
4268409554
4268332454
4268424549
4268429994
4268428324
4268284774
4268341286
4268467025
4268420634
4268428037
4268430799
4268503709
4268324790
3428938580
4268345714
4268318220
4268426913
4268430209
4268321158
4268427004
3428929674
4268485272
4268331787
4268507071
4268478801
4268485918
4268596620
4268465155
4268479608
4268478482
4268065479
4268484237
4268478697
4268330660
4268341164
4268497654
4268450146
4268523741
4268485014
4268528482
4268428802
4268411308
4268411451
4405437065
4268477833
4268640842
4268466890
4268503531
3428930020
4268066250
4268639532
4268285262
4268338182
4268408793
4268343877
4268283576
4268432317
4268527368
4268528268
4268594574
4268344211
4268596569
2830089493
4268478637
4268426990
6733622903
4268595363
4268338440
3033706822
4268521538
4268320003
6733772966
4268506855
4268604316
4268484342
4290628722
4268507224
4290629294
4290695683
4268343312
4268486688
4268286046
4268486236
4268519610
4268620439
4268456995
4268285154
4268342390
4268331572
4268529201
4268592027
4268621640
4268317149
4268448073
4268527568
4268528242
4268628749
4405464278
4268315953
4268593336
4268505976
4268427528
4290711348
4268341115
4268337958
4268408582
4268503906
2494588120
4268325000
3399327186
4268479918
4268406077
4268316874
4268485426
4268430133
4405724550
4268321249
4268450000
3428929528
4268428418
4268065632
4268503844
4268339619
4268524357
4268428049
4268461539
4268530248
3033689052
4268319918
4268478450
4268624918
4268336000
4268316649
3428918544
4268627639
4268497634
4268628754
4268421211
4268331875
6939566397
3033689198
4268410689
4268465722
4268064965
4268410175
4268321097
4268495897
4268593698
3399307833
4268496885
4268523145
4268341300
4268339218
2494563298
4268430161
4268324696
4268522384
4268346238
3428939140
4268420569
4268478684
3033706736
4268484647
4268478699
4268321222
4516281353
4268425953
4268318331
4268342082
4268316866
4268484671
4268423683
6733833484
4290637426
4268528857
4268284745
4268457995
4268316961
6798146210
4268457089
4268421747
4268315788
4268499208
4268479013
4268478717
4268426301
4268520341
4268040501
4268427176
4268336958
6798347617
4268420993
4268064743
4268425183
4268339262
4268529216
4268426347
4268333011
4268627746
4268343764
4268495350
4268022641
4268335890
4268643039
4268633698
4268505205
4290442825
4268595617
4268285493
6733622316
3428950400
2494580031
4268450857
4268425614
4290489293
4268321617
4268450789
4268640053
4268409018
4268334137
4268342094
4268496610
4268485688
4268406001
4290443171
4268637499
4268337432
4290460479
4268284751
4268425621
4268337970
4268479679
4268333094
4268430407
4268319772
4268643497
4268497094
4268477640
4268331790
3927407960
4268507997
4268458495
3399769371
4268458690
4268022787
4268458214
4268637857
4268329754
4268478392
4268485936
4268411378
4268422081
4268595912
4268525555
4268324222
4268065851
4268342428
4268330128
4268527451
4268495414
4290575959
4268626841
4268337251
4268528305
3034211650
4268521947
4268041696
4268459015
4268284023
4268638222
4268284061
3428918546
4268524491
4268410450
4268523882
4268347177
4268497992
4268319095
4268479874
4268344285
4268521885
4268410045
4268424977
4268318055
4290638207
4268457099
6733388827
4268067000
4268521921
4268065904
2494253032
2494269266
4268429942
4268495516
4268496328
4268410901
4268407634
4268409193
4268485542
4268478379
4268323941
4268457174
4268285437
4268421564
3033706470
4268494523
4268623187
4268498461
4268529770
4268345791
4268336964
4268425472
4268317358
4268640802
4268478957
4268525477
6733755989
4268339883
4268519306
4268525656
4268526915
4268337262
4268285098
4268523200
4268503457
4268498587
4268620280
4268506368
7667328938
4268459441
4268333062
4268329594
4268593539
4405554808
6745773586
4268321219
4268495252
2522245649
4517378447
4268316635
4268640528
4268420776
4268529339
4268285752
4268506556
3399356898
4268478337
4268518780
4268285280
4268317786
4268426763
4268346268
3399327032
3033374839
4268427820
4268484197
4268457230
2763174200
4268284318
4268477392
4268406766
4268620451
4268528530
3399389281
4268316976
4268340686
4268285081
4268457704
4268529772
4268456661
4268526468
4268331598
4268524345
4268334168
4268465343
4268321013
3399367726
4268596302
4268329769
4268498192
4268346837
4268407350
4268410878
3399347143
4268320570
2830089537
4268495776
4268484820
4268485141
4268450341
4268345419
4268456326
4268591210
4268342560
4268431692
4268634013
4268065518
4268283969
2494588921
4268458479
2520882755
4268321437
4268448888
4268040548
4268495093
4268423704
4268450128
4268494860
4268315863
6733790251
4268407798
4268503922
4268625418
6733730091
4268331012
4268525806
4268520882
2494252952
4268408915
4268333487
4268411272
4268426031
4268457395
4268420473
4268458587
3399327085
4268496638
2829935874
4268340601
4268477440
4268495567
4268521856
4268519767
4268340480
4268425072
4290454851
4268466406
4268410568
4268486873
4268485717
4290596697
4268637960
3033671348
4268320645
4268322915
4268333444
4268318922
4268411110
4268318061
4268320542
4268465021
4268506477
4268485862
4268337286
4268316656
4268630272
4268523343
4268338824
4268332075
4268625898
4268316333
4268495858
4268320922
4268635529
4268317042
4268477951
6531366522
4268467273
4268023221
4268330060
4268495918
4268486858
4268346283
4268041118
4268409733
4268525174
4268336641
4268424531
4268478936
4268322512
4268664258
4268479316
4268330801
3399378975
4268427387
4290476295
4268596415
4268520659
3033375208
4268625620
4268484031
4268507478
4268409407
4268627301
3428935443
4268430913
4268520942
4268318316
3033375211
4268064754
4268519417
4268456413
4268431019
4268486789
4268663198
4268633261
4268427129
4268479516
2400583029
3399311887
7881422975
4268507649
4268477880
4268323869
4268525521
4268507520
6733791145
4268407077
4268334612
4268459271
4268317735
4268319094
4268428124
2522245665
4268333540
4268595934
1951963634
4268457923
4268406111
4268621960
3034211530
4268066762
4268449792
6797580300
3033374914
4268465987
7797577813
4268340111
6797623590
4268423398
4268525109
4268318430
4267146966
4268284623
4268339317
4268424171
4268521405
4268335105
4268425607
4268594462
4268066186
4268323241
4405584100
4268627799
2830577380
4268422608
6733651102
4268486292
4268064501
4268337539
4268341664
4268465019
4268422954
4268625430
4268340217
4268041912
4268622045
4268330804
4268641756
4268495863
4268448598
4268423029
4268644537
2829950049
6798305162
4268431120
4268478152
4268504239
4268332152
4268624651
4268635188
4268497078
4268343535
4516282777
4268457484
6746267290
4268423052
4268525914
4268479489
4268528241
4268457154
4268499088
4268341415
4268643171
3358537199
4268319743
4268591947
4268478191
4268484461
4268521507
4268408137
4268315874
4515977995
4268065103
6733823376
4268506810
4268640497
4268450807
4268477373
4268461591
4268345696
4268432515
4268422200
4268626052
4268335494
4268341116
4268335360
4268430493
4268324003
4268066992
4268406076
4268642145
4268591219
4268421030
4268409442
4290647939
4268406472
6733301662
3399390722
4268425540
3358701639
4268041596
4268526827
4268485073
4268321840
4268423048
2829935856
4268458785
2494253065
4268519161
4268332765
4268494680
3317682348
4268329918
4268593821
4268524195
4268592146
4268066661
4268478721
4268338558
4268478598
4268320197
4268627201
4268625015
4268406878
6798197786
4268066770
4268317702
4268638617
4268663087
4268430040
2830555729
3428950911
4268022842
6733573667
3428943194
4268480215
4268331616
4268494987
4268340937
4268423603
4268523917
4268335587
4268341231
4268319624
2830555530
4268591910
4268527051
4268494341
4268458223
4395095306
4268485080
4268604892
4268422065
4268596597
4268478310
7410812966
4268023860
4268330534
3399347004
4268498514
4268494862
4268285143
4268448304
4268496030
4268338923
6797623965
4268459301
4405475062
4268519038
4268526758
4268320250
6733388581
4268629333
4268450844
3428942803
4268346871
4268406763
4268495137
4268625570
4268528212
4268484783
4268627699
4268406864
4268322329
4268315538
4268640653
4268424685
4268284390
4268420519
4268507299
6797606680
6798356269
4268495388
4268425402
6733789842
4268340265
4268343972
4268331518
4268351236
4268464872
4268633462
4268495664
4268339664
4268317271
4268041535
4268478218
4268449610
4268430576
4268519994
4268527222
4268329986
4268632798
4268637839
4268421800
4268528263
4268425190
4268592892
2829627460
5206722689
4268449029
4268496013
2829945301
4268316659
4268594370
4268635530
4268449191
4268522708
4268477522
4268066553
4268594807
4268336983
4268324573
4268622046
3033688975
4268521579
4268338892
4268624511
4268334276
4268634001
4268324087
4268633054
4268322422
4268430841
4268495425
3399194270
4268521163
4268337703
4290481079
4290476040
4268457122
4268465473
6852455007
4268407156
4268457470
4268427306
4268321734
4268338774
4268465868
4268424505
4268485274
4268318016
4268478609
4268485005
4268426855
4268592527
4268329366
4268485203
4268448927
4268457959
4268629239
4268430482
4268594576
4268503170
2494602739
4268497277
4268338792
4268596494
4268427983
4268460840
4268426153
3032927344
4268409698
3399763034
4268432099
4268317379
4268529364
4268286262
4268286164
4268425828
4268423713
4268334096
4268407602
4268643161
6786107757
4268317774
4268485387
4268640195
4268592012
4268285849
4268498422
4268506597
4268333025
4268320858
4268066105
3033374863
4268494996
4268423403
4268427112
2829935705
4268324166
3032981876
4268459795
4268641093
4268526283
4268319391
4268336415
4268341375
4268337272
4268323631
3400351861
4268522569
4268346418
4268064920
4268466436
4268521680
4268410976
2829627615
4268338889
2830579953
4516282798
4268494588
4268591351
4268484074
4268422875
4268485620
4268323210
4268506235
4268339945
4268495554
4268408664
4268591703
4268640235
4268625652
4268405924
4268621135
4268320136
3400341485
4268338127
4268321849
4268496281
3033375219
4268424036
4268316597
4268486974
6531343433
3399763060
4268320290
4268408633
4268503088
4268284393
4268528390
4268346324
4268465582
4268066060
4268341742
4268522172
4268527654
4268407406
4268494474
4268323303
4268427098
4268428610
4268633753
4268409311
4268627513
4268522212
4268329731
4268333441
4268317953
4268346009
4268621747
4268344711
4268066894
4268522935
4268478681
4268342066
4268519170
3034211958
3032981859
4268285790
4268449149
4268496029
4268428486
4268429279
4268450607
2829935937
4268521271
4268343256
4268524359
4268458621
4268503840
4268284340
4268322687
4268625787
2829935890
4268478806
4268422097
4268524570
4268022875
4268596003
4268521956
4268315888
4268477620
4268410096
4268343042
3399379016
4268497103
4268521682
4268332202
4268496701
4268341289
4268333847
4268633599
4268341100
4268465641
4268465592
4268022644
4268411417
4268334666
4268430722
4268497308
4516292879
4515987882
4268319774
4268338663
4268321569
3428939126
4268428441
4268592274
4290711189
4268627464
4268425144
4290510795
4268341622
6733554999
4268499454
4515990325
4268407974
4268430446
4268466661
4516262571
4268592270
4268347204
4268624783
4268664604
4268324332
4516264781
4268507048
4268407985
4268506397
4268066086
6797606580
4268465146
4268420898
4268334186
4268066103
4268425360
4268064939
6798090538
4268423215
4268285797
4268299179
4268504008
3428930013
4268022676
4268595640
4290647993
4268526906
4290660396
3032927415
4268425992
4268523212
4268420595
4268522853
4268465363
4268420907
2494269343
4268321537
4268065998
4268066160
4268592163
4268503440
4268640058
4268624878
4268621579
4268505606
4268431633
4268609472
2829945305
4268623228
4268449415
3428925862
4268530408
3033907962
4268625005
4268521941
4268520208
4268620076
6733756999
4268504479
4268596558
4268479801
4268457767
4268331175
4290637354
4268420479
4268450162
4268317841
4268315976
4268664672
3428946956
4268624933
4268406090
4268621709
6746267289
4268320909
4268478383
4268664767
4268425573
4268315756
4268343690
4268527818
4268641359
4268450010
4268425071
4268331850
4268321847
4268627119
4268336615
6733517432
4268340479
4268633604
3399376016
6733713067
4268497809
3358536653
4268331015
4515987964
4268529368
3358702583
4268342486
4268427509
4268347079
4268334177
3358883146
4268503452
4268330448
4268478761
4516292710
4268284093
4268410652
4268643195
4268346791
4268450850
4268634012
4515989427
4268345830
4268467157
4268340729
2494603726
4268635300
4268461056
4268633466
4268425281
4268318104
4268494963
4268338785
4290486332
4268496802
4268430811
4268448803
4268341180
4268329726
4268465341
4268064340
4268336399
4268495884
4268407977
4268299161
4268284613
4268408213
4268529851
4268333602
4268317188
4268477528
4268406035
4268619897
4268343260
4268065214
4268319303
4268495069
4268330916
4268339589
4268519846
4268457433
4268641757
4268448909
4268430639
4268341706
4290486128
6733641991
4268331230
4268503700
4268485425
4268284635
4268064210
4268422859
4268427343
4268449615
4268461276
4268628194
4290472213
4290454903
4290497629
4290486421
6733771909
4290486065
3399761683
3032927476
3033375083
4290648011
4268339655
4290510781
4517378591
4290475965
4290548955
4268497849
4290497675
4204237272
4268503607
4290442941
4268624870
6795858360
4268467227
4290659443
4268430233
4268427616
4268424788
4268628249
4268347005
6733832312
4268427507
4268319607
4268317126
3033689121
4268465992
4268496004
4268345563
4517331673
7712285844
4268406704
4268527290
4268494834
4268477437
4268484242
4268343952
4268336972
4268634093
4268633306
4268283540
4268426896
4268640801
4268497386
4268340424
2829627501
4268424136
4268346095
3399347044
6798381658
3033688983
4268484829
4268318017
4268334820
4268318280
4268449210
2830584760
4268529860
4268448298
4268284702
4268410087
3005396696
4268424197
4268503257
3033375368
4268458722
4268449704
4268643036
4268484906
4268498526
4268425554
4268641140
4268456662
4268464978
4268529240
4268479518
4268318816
4268409731
4268595839
4517345466
4290497987
6733697586
4268040459
4268484914
4268634213
4268337698
2494571757
4268484944
2494580032
4268336481
4268529842
4268319349
4268331759
4268524492
4268347028
4268336394
3399258835
4268524843
4268421802
4268316547
4268478659
4268525257
4268479129
4268064661
4268410148
4268522769
4268410479
7099088253
4268320921
4268410791
4268339535
4268593224
4268527599
7214438209
3362049585
2830580092
4268425203
4268408753
4268486821
4405724575
2829935864
3399249383
4268332210
4268323607
3428922029
4268518846
4268448204
4268315890
4268424244
4268506781
4268495464
4268466948
4268518973
4268342434
4268065929
4268330027
4268064615
4268422605
4268340053
4268409692
4268409086
4268495007
4268526913
4268449064
4268316570
2494588112
4268519076
4268343011
4268411076
4268409654
4268523628
4268459587
4268024074
4268332485
4268459242
4268596564
4268409338
4268478579
4268522904
4268448274
4268485290
4290476047
3033706820
4268627737
4268450848
3399762983
4268529435
4268423950
4268477543
4268341745
4268596288
4268497227
4268333631
4268432527
4268317808
4268041905
4268638038
4268064503
4405670096
4268642967
3034211722
4268317762
4268485501
4515929414
4268626231
3428921571
4268323067
4268341633
4268464746
2494603617
4268284817
4268410870
4268023402
4268495867
4268345177
4268591290
4268479932
4517331754
4268066562
4268625412
3399327178
4268065439
3032982295
4268495775
3927363551
4268459451
6733722923
4268643784
2627450610
4268023378
4268342053
6798339974
4268478897
4268505978
4268458151
3428942693
4268410488
4268592218
4268335820
4268504421
4268332798
4268316923
4268283519
4268333682
4268495133
3032981930
4268430978
3399762996
4268286070
4268520752
4268343990
4268620159
4268284594
6746198395
4268420589
4268066055
4268596841
4268485405
4268335413
4268466953
4268485803
2829935913
4268459842
4268485412
4268066121
4268633481
4268332639
4268625108
4290460468
4268505008
3034277858
6531330124
4268315896
4268410625
4268457658
4267984639
4268064883
4268317789
4268427670
4268411727
3358538155
4268340301
4268336364
4268465695
4268637481
4268332221
4268420593
4268317160
2494588008
4268649113
4268496745
4268643535
4268286170
4268635352
6797580589
4268449401
4268430375
4268496546
4268620672
4268333632
4268318336
4268346066
4268465187
4268338475
4268624489
4268498646
3033374895
4268064545
4268341272
4268333649
4268507060
4268406394
4268340375
4268664383
4268343629
4268495841
4268477479
4290476178
4268330836
5664323371
4268318892
4268529251
4268522247
3032927703
4268065329
4268485715
4268495478
4268431849
3034211645
4268505074
4268346671
3399378960
3033706400
4268428401
4268507426
4268466028
4290660065
4268503690
4268449998
4268324206
4268331954
4268626587
4268633305
4268342052
4268642935
4268523802
4268065593
4268627371
4268431118
2830580123
4268450184
4268023289
4268519216
4268593237
4268335197
4268064175
4268040773
4268405996
4268339918
4268494370
4268022821
4268498198
4268643203
4268527789
4268284625
4268425258
4268480210
4268596092
4268423139
4268523222
4268064209
4268505881
7013113140
2627450701
4268628011
4268344515
4268345711
4268406869
2494563309
4268485069
5608192345
4268331637
4268422721
4268521846
4268321153
4268459420
4268283419
4268457878
4268458358
4268335876
4268459844
2829935847
4268041991
4268520475
4268466924
4268485427
4268519383
4268428123
4268520804
4395120289
4268477351
4268466211
4268478688
4268335246
4268485509
4268421161
4268448019
4268497540
2830070552
4268397162
4268363276
4268427111
4268621702
4268461297
4268332736
4268504127
4268458901
4268342558
4268459330
4268431136
4268341624
4268596117
4268332381
4268284338
4268456836
4268461585
4268523934
4268594398
4268457347
4268333412
4268329393
4268527711
4268283619
4268632936
4268321123
4268506968
4268495968
4268457818
4268460175
3033688890
4268507572
4268477829
4268624794
4268643600
4268494584
4268406846
3033689583
4268480211
4268315352
4517316791
4268467049
4268459710
3399367730
6798314393
4268422069
4268524231
4268333792
4268428357
4268621443
4268338068
4268343783
4268407190
4268283612
4268284025
4268625381
4268456929
3400347492
4268346160
4268594300
4268521067
4268524540
4268337361
2494269361
4268323677
4268317642
4268322748
4268459907
4268459846
4268426188
4268335900
4268428005
3399346983
4268632949
4268344572
4268637396
4268485418
4268626620
2829627445
4268530134
4268626148
4268422686
4268465179
3358687038
7214168845
4268337856
4268591758
4268338239
4268624720
4268315598
4268519317
4268528423
4268333024
4268448311
3399379037
4268337896
4268344497
4268064611
4268499489
4268324331
4268525922
4268424974
4268504185
4268337516
4268430769
3428950519
4268485410
4268344833
2494588000
3032927685
3033689470
4268627684
4268336228
3033689251
6798189383
4268467053
4268479659
2830565079
4290648126
2494588931
4268449754
4268485776
2494267797
6745769995
4268410696
4268336937
4268448620
4268466811
4268450078
4268497242
4268432514
4268506783
4268641087
4268621320
4268519892
4268285289
4268316483
4290548959
4268497774
4268595902
4268506280
6733651723
4268627284
4268023859
4268525730
4268530749
4268530692
2494603690
4268334150
4268625965
4268520006
4268323662
4268465772
4268486047
4268343481
4268496113
4268425943
4268640591
4290537996
4290454991
6733815821
4268643046
4268024026
4268528225
4268449587
4268494628
4268316549
4268429505
4290766945
4268637478
4268040885
4268497523
4268345760
4268429990
4268430548
4268338703
4268338795
4268430657
4268338094
4268634317
4268448568
4268426094
4268428416
4268343859
4268420387
4268456677
4267984631
4268317419
4268430468
4268591610
4268459851
4268620955
3399307825
4268466249
4268408034
4268315923
4268334468
4290515441
4268333367
3428925873
4268341602
4268407342
4268430494
3032982414
4268427808
2494576847
4268344090
4268423681
4268334794
4268339182
2494267798
4268330063
3033375204
4268285387
4268465453
4268324039
4268594578
4268333827
4268450169
4268503943
4268064125
4268522854
4268503534
3926970305
3032927732
4268332876
3399367767
4268528617
4268624890
4268592558
4268335302
4268345951
4268330166
4290481098
4268317629
4268336257
4268022886
4268528504
3033688911
4268640068
3053430695
4290489332
4268526489
4517331757
4268425409
4268343413
4268450549
4268345072
4268494414
4290489538
4290476103
4268530042
4268330519
4268323615
4268485465
4268347156
4268420802
4268423274
3428942792
4268299124
4268406752
4268530704
4268592582
4268324259
6733697650
4268595863
4268519845
4268345051
4268479712
4268525258
3033374876
3032982194
4268593834
3399390661
4268485741
4268449681
4268422074
3032927464
4268519036
4268600198
4516262582
4268503077
2830577377
4268486953
4268405983
4268425475
4268625250
4268634044
4268595411
4268457616
4268458152
4268503579
4268337153
4268529137
4268323636
4268458914
3032927343
4268594392
3399311984
4268324654
4268495890
4268457955
3358382321
4268339618
4268423578
4268361130
4268450359
2044636954
4268023700
4268337660
4268040614
3033671414
4268331648
4268621557
2494580110
4290460557
4268459767
4268428635
4268594094
4268457235
4517316766
3034211866
4268478774
3358385088
7830520336
3032927772
4268325108
4268408985
4268333751
4268478909
4268448755
4268410527
4268478633
4290454994
3399356884
4268460380
3399346992
4268343233
4268485820
3033706661
4268498537
4268332276
4268643530
4268410632
4268409712
2287060999
4268406798
4268504833
3034211649
4268621174
3358702593
4268284639
4515978019
4268407515
4268496055
4268333564
4268285275
4268458579
4268338450
4268323059
4268523742
4268486863
4268335421
4268409285
4268344034
4268520890
4268022652
4268410793
4268456298
4268330162
4268465903
4268591281
4268528322
4268040667
4268339511
4268485243
4268284064
4268430214
4268464777
4268329312
4268319101
4290575874
4268503225
2494588118
4268591180
4268523248
4268040545
4268495617
4268431810
4268322744
4268428348
4268458683
4268595778
4268411695
4268284316
4268427065
4268450158
4268341537
4268423630
4268457969
4268518872
4268485416
4268335932
4268626221
2494571798
3428946875
4268335296
4268041878
4268409295
4268450164
4268285256
6797572656
6798314395
4268460307
4268023814
4268425062
4268495359
3399311844
4268593220
4268426856
4268330851
3032927399
3358385043
4268528905
4268065782
3033706675
4268338537
6745773971
3362043917
3399327043
4268339096
4268333664
4268593552
4268527700
4268324007
4268519843
4268596553
4268456984
3399378999
4268316228
4268621559
4268461137
4268494803
4268519142
4268638503
4268621251
4268346358
5737575556
4268523189
4268420413
2494563209
3033375396
4268407064
4268633003
4268526507
3032981985
3927363483
4268324123
4268320827
3428939155
4268465219
4268461178
4268424588
4268339164
4268334257
3033689486
4268503214
4268409562
4268410491
4268423246
4268503585
4268450028
4268504582
4268627647
4268407874
4268528471
4268505683
4268344586
4268530275
4268640398
6733661550
4268333389
4268479017
4268625983
4268344264
4268431038
4268341361
4268424430
4268421912
4268316663
4268410990
4268424537
4268620216
4268505538
4268621497
4268344601
4268478947
4268315539
4268596326
4268411462
4268336006
4268603933
3033671719
4268464678
3358404468
4268522598
4268529069
4268425467
4268411192
4268495125
4268426599
3032737716
4268496633
4268523898
4268317350
4268430000
2494588002
4268526040
4268522075
3358883204
4268624690
3358537156
4268622298
4268520182
4268432504
4268427232
4268519896
3032737442
4268323176
4268340230
4268637536
4268448022
4268319082
4268411388
4268426638
4268335453
3032927462
4268329916
4268431266
4268485949
4268485856
4268411610
4268340188
3927405055
4268407012
4268450746
2350517631
6733831283
4268322505
4268519862
4268345293
3428950451
4268424725
4268341759
4268324109
4268340414
4268332108
3033689039
4268066814
3032927441
4268477350
4268520921
6733705361
4268503087
4268338244
4268467220
4268330870
6798365805
4268321142
4268319975
4268519629
2830580149
4268640814
4268457984
4268478758
4268331970
4268526957
4268520026
7514825510
4268505059
4268448196
4268409817
3399389211
4268495292
4268334187
2494588094
4268041506
4268458481
4268410898
4268424266
4268040735
4268343808
4268637987
4268432198
3033689488
2829935894
2829627458
4268430660
2830070295
4268633526
4515987462
4268343046
4268503649
4268347015
4268345947
4268318139
4268507070
4268466561
4268335575
4268335080
4268637877
4268458909
4268479729
2829935969
4268333567
4268632805
3399390660
3927501225
4268410887
4268525761
4268427429
4268450024
4268408301
4268432499
4268593119
3033671700
2226201642
4268344397
4268331686
4268342947
4268448290
4268319989
4268285255
4268337873
4268448397
4268342555
4268426190
2494571837
4268503451
4268424041
4268504942
4268499077
4268496912
4268504144
4268640524
4268477587
4268319422
4268530727
4268530399
4268449698
4268504806
4268485336
4268505573
4268448526
4268317726
4268528385
4268409931
4268335462
4268338073
4268283357
2627450813
4268421822
4268466884
4290696918
4268066996
4268330538
4268422059
4268421213
4268530707
4268319837
4268478918
4268424270
4268505360
4268330500
4268496084
4268459310
4268459977
4268284645
4268423175
4268663133
4268621254
4268317989
4290476464
4268459314
4268459828
4268329732
4268065677
4268344830
4268523963
4268625215
2494563247
4268642408
4268448882
4268411602
4268520285
4268593136
4268484040
4268431565
6798135569
4268331815
4268420581
4268505406
4268521688
4268529569
6733688655
4268424345
4268458392
4268424693
4268285334
4268498438
3032927282
4268592879
4290443272
4268408681
2318558256
4268335398
4268505096
4268041812
2494576770
4268421171
2494571832
4268341108
4268456181
4268637503
4268338342
4268421127
4268066560
4268620860
4268336439
4268064172
4268341761
4290515420
4268478556
4268421206
2494588950
6746253738
4268528516
4268322961
4268503711
4268478778
4268529630
4268603640
4268286064
4268411438
4268322702
4268410894
4268336505
3032737554
4268507884
4290538324
4268420800
4290460227
4517331826
4268321011
4405467096
4268285478
4268318006
4268323983
4268408978
4268425980
4268477352
4268464561
4268335786
4268621403
4268457759
4268022918
4268629894
4268627794
4268596183
4268337903
4268411265
6797571999
4268320010
4268284752
4268527028
4268485330
2830577378
4268323611
4268494944
4268504211
4268640651
4268450774
4268428617
4268499291
4268521439
4268465442
4268486951
4268429395
2522254117
4268620972
4268530694
4268457854
4290476466
4268316921
4268506327
4268334463
4268338340
6619614066
4268420927
3399347057
4268624983
4268410561
4517345632
4268410048
4268323692
4268345023
3033706951
3399390640
4268520027
4268347144
4268285426
3926703880
4516286755
4268677866
4515978029
4268495210
4268528968
4268448986
4268318991
4268283563
4268421969
4268424551
4268066314
4268479880
4268625988
4268321542
4268479379
3004764457
4268337845
4268522201
4268624644
4268431342
4268421126
4268506383
4268503629
4268322609
4268520388
4268041017
6733679105
4268603287
4268407926
4268338158
4268494755
4268283762
4268478229
4268407353
6733661038
4268323902
2494253083
4268336414
4268466188
4268457172
4268342433
4268332690
4268620929
4268346599
4268624799
4268421222
4268041867
4268427120
4268423016
4268283441
4268332870
4268596956
4268422256
4268408119
4268620925
4268285768
4268503849
4268406128
4268459022
4515929420
4268643064
4268407924
6746169153
4268315632
4268448816
4268317151
4268429900
4268611191
4268498365
4268607438
4268610870
4516281368
4268286227
4268640841
4268497387
4268331403
4268344401
4268458539
4268466918
4268411277
4268478560
4268504013
4268467185
4516264783
4268458339
4268409240
4268459817
4268343973
4268484249
4268628602
4268521708
4268503408
4268429922
4268634183
4268527418
4268410867
4268332200
4268320478
4268494855
4268496806
4268466542
4268408763
3034211884
4516292948
4268488213
4268621987
4268324207
3428929593
4268627916
4268625755
4268065922
4268426352
4268421744
4268467006
4268321179
4268643054
3399769333
4268498123
4268621745
3033671411
5799475526
4268431409
4268407934
6733526301
4268525003
4268316831
4268677300
4268621178
4268411347
4268319745
4268507913
4268506854
4268479742
4268465978
4268524178
4268478342
4268450117
4268503095
4268649502
4268507735
4268064126
4268478076
2394971788
4268284049
4268286324
4268022745
7432647581
4268503846
3428965729
3399327195
4268065535
4268504633
2494269331
4268499296
4268498997
3358313117
4268323646
3428947302
4268023077
4268023842
4268065848
4268456096
4268316443
4268330550
4268022708
3358404416
4268324997
4268322630
4268619972
4268286093
4268320572
4268465590
3034367023
4268066326
4268424072
4268643616
4268340607
4268620831
3399327027
4268064491
4268523806
4268632835
4268496827
4268423311
2779838242
4268526871
4268340418
4268424846
4268457833
4268632986
4268337586
4268466568
4267984770
4268505167
4268503354
3358404475
3033671360
3926880482
4268526130
4268339077
3399259251
4268406870
4268336522
4268526887
2494269360
4268466717
4268466077
4268339027
4268486092
2830564842
3033374878
6733696410
4268429667
4268429993
6806570510
4268337774
4268420762
2829627514
4268346792
4268593349
4268343874
4268319161
4268496733
4268341607
4268284732
4268432447
4268332036
4268460157
4268640768
4268331085
4268341298
4268410912
4268503517
3927473837
4268066582
4268485054
4268423198
4268479250
4268459913
4268621675
6619932583
4268529379
4268336178
4290501036
4515919836
4268529878
4268457680
4268425790
4268430819
4268284812
4268330051
4268345795
4268323454
4268336250
4268426183
4268022748
4268330681
4290500919
4268335502
4268625245
4268431575
4268458141
4268426062
4268596297
4268407517
4268342526
4268479069
4268591286
4268319705
4268332774
4268330619
4268522181
2830080863
4268340306
4268497104
4268407413
4268407144
6733697128
4290553806
4268506625
4268477387
2829627455
2494269255
4268449480
4268330348
4268324933
4268495813
4268522652
4268427390
4268524721
4268041425
4290489414
4268479543
4268521857
3358313152
4268335207
3033375094
4290553944
4268347012
4268345831
4268479195
4268640691
4268324115
4268505094
4268332658
6733545027
4268467159
4268336976
4268284035
4268066234
4268065910
2494576821
4268407505
4268345046
4268485212
3033374817
4268526890
4268596604
4268341647
2494267815
4268337998
3428934948
4268499258
4268420716
4268448895
4516287654
4268427344
4268337752
4268422338
4268422070
4516264787
4268467266
4268431555
3399311903
4268406045
4290596012
4268320468
3399311825
4268323070
4268640204
4268507741
4268284276
4268528288
4290710895
4268520108
4268478107
4290711569
4268494847
4268411234
4268023042
4268410133
4268477537
4268595920
4268336965
4268344745
4268450805
4268494634
4268424296
4268317809
3033375178
4268528533
4268410515
3033374674
4268420611
3034212043
4268420568
4268526163
4268499011
4268504388
4268338013
4268640077
4268431360
2494267832
4268518769
4268317801
4268504395
4268448020
4268498867
4290638651
4268345666
4268499054
4268528197
4268527238
4268621017
4268340187
4268450812
4268504912
4268339838
4290637748
4290501214
4268519235
4268449330
4268411606
4268409520
3927363466
3927439827
4268495122
4268524018
4268591211
4268065531
6798330482
4268324798
4268633447
4268596559
4268320176
4268643068
4268040445
4268495370
4268023263
4268406764
4268334590
4268457920
4268330508
4268323932
4268624497
4268330611
4290442881
4268637149
4268423313
3399367708
4268428687
4268591485
4268423402
4268065379
4268461209
4268494827
4268067007
4290697011
4268641235
4290486057
3034211979
4268592845
4268457846
4268496005
4268621426
4268283622
4268484254
4268425011
4290515538
3032737697
4268479255
4268406219
4268336596
4268448779
4268024065
4268626610
4268424285
4268448220
2494269302
4268528756
4268449388
4268477166
4290596708
4290696795
4268504648
4268333750
4268494481
4268346251
4268333888
4268427444
4268324878
3032982001
4268324014
4268343220
4268335796
4268464974
4268466090
4268528310
4268423509
4290768492
4268479312
4268406971
4268499202
4268320535
4268640519
4268529057
4268332688
4268343539
4268459662
4268507546
4268528512
4268330331
4268319274
4268495348
4268427689
4268423722
4268430698
4268477802
4268285119
4515989923
4268523696
4268503822
4268317784
4268523253
2830580109
4268525013
4268329557
4268503340
4268427512
4516283354
4516282420
4268627073
4268406012
6733780328
4268450639
4268040443
4268065366
4268641123
4268521250
4268620817
2494252949
4268486986
4268478578
4268486891
4290766800
4268466115
4268425656
4268066258
4268457093
4268507375
4268523126
4268591525
4268406029
4268425720
4268530246
4268593955
4268477878
3034211940
4268520004
4268625535
4268023601
4268506169
4268425188
4268633639
4268593721
4268410114
4268422356
4268408998
2494571864
4268525979
3033374769
4268450137
4268283883
4268429931
3399356868
3428950530
4268478555
4268620915
4268521197
4268526273
4268640809
4268421492
4268494941
4268424893
4268498073
3034277871
4268340273
4268344100
4268496906
4268628178
4268406461
4268448875
4268319414
4268484789
4268330583
4268346180
4268423179
3399194251
4268420923
4268331613
4268619989
4268421218
4268524008
4268624349
4268323887
4268524775
4268426779
4268320316
4268466809
4268498803
4268459880
4268497317
4268286456
4268464946
3399389257
4268505069
4268448710
4268457449
4268494629
4268477739
4268422789
4268411218
4268594077
4268633532
4268620181
4268336245
6733738768
4268505071
4268467070
4268619980
4268596316
4268423969
4268345192
4268286255
6798197544
4268409346
4268343592
4268478072
4268406756
4268448035
4268338097
4268338789
4268421545
4268407921
3033671650
4268450660
4268040957
3400341478
3033375431
4268503831
4268343687
4268041815
6733544535
4268526788
4268409784
4268329674
4268318980
4268478150
4268525652
4268333768
2920715028
4268409020
4268406027
4268424376
4268506207
4268448352
4268457840
4268332180
4268040743
4268479653
4268065907
4268464536
4268591914
4268065460
4268285089
4268520368
4268461490
4268494956
4268066601
4268595838
4268421945
4268408293
4268640523
2830580181
4268425930
4268457739
4268494902
3926924074
4268323497
2522259853
4268484949
4268456609
4268333385
4268496057
4268346973
4268339086
4516273347
4268486885
3399379134
4268591340
4268504186
4268407685
4268411597
4268425113
2829627464
4268448206
6798365861
6711355027
2330952444
4268286421
4268283712
4268319781
4268421635
4268420518
4268504336
3428942670
4268339733
4268519172
4268519132
4268040831
4268323525
4268346106
4268343039
3033689306
4268315897
4268465086
4268331623
3399327136
4268319804
4268347130
4268595414
4268484613
4268316837
4268407048
4268497874
4268628199
4268345694
4268485906
4268457201
4268427951
4268425628
4268428774
6745784408
4268485712
3399326985
3032927671
4268330858
4268449477
4268341528
4268484823
4268450794
4268457743
4268466770
3032737768
6746182950
4268625655
4268522604
4268318902
2830565124
4515934933
4290486106
4290510488
4268507394
4268344715
4268285052
4268494342
4268497659
3399311891
4268641181
4268637678
4268423764
4268346197
4268324678
3034211671
4268339512
4268432076
4268456489
4268530503
7214695506
4268591773
4268591505
4268409891
4268464699
4268331685
4268643694
4268503168
4268023435
4268495624
4268591768
4268496881
4268477391
4268479726
4290710887
4268458153
3399379058
4268343774
4268495807
4268464817
4268497708
4268431025
4268340246
4268621432
4268504599
4268340894
4268449397
4268041273
4268425555
4268507152
4268506007
6746242665
4268639605
4268408422
2494602674
4268285009
4268343004
4268421548
4268525500
4268593398
4268478827
4268318642
4268066292
4268341513
4268332789
4268041964
4268410548
4268344473
4268507030
4268345939
4268477193
4268022598
4268339947
4268602387
4268429390
4268498437
4268503181
4268286199
4268622622
4268430449
4268430505
4268504246
4268663305
4268448203
4268023856
4268449901
4268426191
4268520987
4268596498
4268341526
4268594426
4268320277
4268620598
4268323384
3005263281
4290710849
4268620392
4268477213
4268479906
4268449969
4268334487
4268065894
4268460654
4268449462
4268318898
3034211885
6531330116
2089131912
2829945356
4268429824
4268505407
4268066286
4268478381
4268496615
4268321152
4268496943
4268425255
4268595990
4405703208
4268627805
4268425151
4268486569
4268409000
4268448341
4268409006
3399230061
4268448746
4268521396
4268503894
6733789985
4268338157
4268495229
5194806458
4268480178
3358882541
4268465411
3032927680
4268620168
4268285185
4268324786
4268345039
4268426131
4268459436
4268460544
4268324113
4268409429
3032982348
4268648305
4268632973
4268422428
4268496263
4268066231
4268345590
4268283840
4268426337
3428935012
4268528211
4268637957
4268432382
4268594032
4268507973
4268410551
4268421652
4268623442
4268478411
4268324651
4268347140
4268333043
4268496035
4268499339
2520906693
4268519735
4268428460
4268342718
4268459114
4268478493
4268285926
4268522667
4268460902
4268064598
4268319553
4268322507
4268285397
4517331888
4268456547
4268458734
4268449706
4268323597
4268495777
4268494758
6733824316
4268640143
4268341986
4268663086
4268334315
3428926228
4268525764
4268410955
4268411191
4268406486
4268466589
4268498223
4268484522
4268342713
4268479173
4268320113
4268335922
4268495078
4268478711
6531366520
4268484518
4268066282
3318367362
4268339510
4268409916
4268331176
4268343428
4268593253
4268620410
4268639912
4268484239
4268428330
4268346519
4268640552
4268341608
4268339960
4268408636
4268448369
4268626568
4268422537
4268459639
4268506738
6733554836
4268479821
3358513754
4405663335
4268408005
4268500457
4268430192
4268322566
4268023215
4268284979
2494269339
4268428585
2829950044
4268344153
4268529115
4268526110
4268479383
4268336984
4268464967
4268506860
4268494796
4268459865
4268041936
4268406009
4268324911
4268591375
4268628279
4268408955
4268333470
4268592923
4268409552
4268333391
4268460844
4268525130
4268426093
4268324158
4268283467
4268022608
4268479363
4268022719
4268449248
4268319315
4268430828
4268524590
4268342065
4268594890
4268344402
4268064586
4268503638
4268409445
4268341517
4268625524
4268422274
4290711522
4268286169
4268343862
3033375355
4268506802
4268391158
3033671319
4268421860
4268486670
4290510495
4268334262
4268630437
5801919627
4268332663
4405437110
4268527025
4268431983
4268345736
4268318010
4268593507
4268430156
6733814804
4268332715
4268457040
4268332197
4268421632
4268341626
4268448429
4515989870
4268431182
4268424539
4268529442
4268645022
4268633239
4268634052
3034211727
4268319262
4268408317
4268496375
6745833779
4268528372
4268319696
4268642219
4268317389
2494253007
3399367673
4268409818
3399367772
4268422866
4268626232
4268324713
3399311843
3032927712
4268523951
4268422547
4268526112
4268494433
4268494439
4268494901
4268478546
4268322958
4268421407
6797658195
6798197686
6798373501
4268342568
3005421630
4268529765
4268449718
4268460086
4268591372
4268341595
3399389259
4268430223
4268423587
4268628723
4268284443
4268637435
4268339043
4268335874
4290501100
4268521434
3399367742
4268316646
4268321400
3033671286
4268319531
4268497090
4268529194
6733651586
4268593525
4268449799
4268449453
4268458896
4268330656
6733721503
4268066218
4268336443
3033689577
4268346241
4268495222
4268527648
4268324688
4268331600
2830089446
4268486684
4268285180
4268408889
3399311974
4268319748
4268347032
4268457041
4268459552
4268337648
4268334134
2829627440
4268286151
4268332500
4268591796
4268346114
4268642938
6733791012
6797580453
6733772907
3362032663
4268410567
4268423930
4268466534
4268592014
4268456766
4268595906
4290476310
4268456411
4268345001
4268507125
3032982096
4268320143
4268485979
4268408673
7214743208
4290710904
4268624542
4268633999
4268410733
2400532388
4268519865
4268528816
4268627103
4268495352
4268496144
4268424370
4268497995
4268421562
4268346773
4268336292
4268402221
6155211797
2829935886
4268640202
3399311931
4268333625
3428921436
4268041813
4268456772
6733689358
4268478040
4268528162
4268344119
3428925695
4268324744
4268066524
4268496177
4268411577
4268503724
4268315743
4268337805
4515935305
4268318068
4268284039
4516272301
4268477368
4268521652
4268625901
4268625762
4268478952
4268467158
4268495431
4268337943
4268407476
4268591691
4268334481
4268406032
4268330891
4268285852
4268411535
3362032671
4268066195
4268424997
4268409101
4405470061
4268507552
4268321240
4268595474
4268285483
4268425165
4268448767
3428921518
4268065495
4268465263
4268338860
4268627363
4268339161
4268499382
6798270885
6733545346
4268458727
4268457958
4268432422
4268344038
4268485140
4268484915
4268528874
4268629676
6619596977
4268467264
4268324025
4268478069
4268593541
4268409328
4268023350
2830080872
4268041880
4268496603
4268426340
4268465260
4268596235
4516272097
4268506922
4268341538
4268638779
6733545018
4268485297
4268422041
4268336334
4268467172
4268347163
4268319533
3032737548
3033706525
4268342210
4268424806
4268624490
4268340482
4268283349
4268640529
4268041315
4268498626
4268335949
4268430470
4268324061
4268322919
4268494924
4268530691
4268460798
4268409438
4268595531
6733756489
4290510653
4268422944
4268431857
4268316452
4268333533
4268466171
4268466421
4268458053
4266897193
4268317242
4268330158
4268409619
4268503702
4268410917
4268427553
4268320380
4268338325
4268466947
4268525800
4268285842
4268494947
4268506822
4268064323
4268529985
4516278004
4268340400
4268316481
4268423839
4268478232
3926836730
4268336227
4268641212
4268065523
4268529396
4268498559
4268343523
4268425492
6733641830
4268632944
4268428799
4268484446
4268505012
4268317268
4517348786
4268524130
4268520352
4268341551
4268525113
4268525517
4268409532
4268495877
4268507979
4268339848
4268339095
4268330901
4268524074
4268638054
3428950482
4268408641
4268525104
4516274483
4268465285
4268450692
4268342146
4268626125
4268526910
4268484715
2830070557
4268505100
6733714035
2830577396
4268286230
4268425596
4268336542
4268627697
4268346285
4516442983
4268324339
4268479374
4268448442
4268431018
4268640671
4268459009
4268409888
4268626559
4268477768
4268458221
4268486470
2830579945
4268506865
4268320852
4268529083
4268637567
4268595276
4268430167
4268591179
4268339091
4516273138
3428947297
4268485966
3032927758
4268624572
4268343385
4268299194
4268432236
4268448883
3428946944
4268449165
4268427502
6798271032
2451236972
4268450160
4268466703
6733771927
4268449774
4268330906
4268408196
4268495192
4268364094
4268286334
4268341532
4268632960
4516288027
4268593939
4268431327
4268331005
3399258856
4268430030
4268343259
4268325096
6798322860
4268449267
4268338002
4268530853
6733739402
4268526330
4268484719
4268466658
4268319496
4268528996
4268420901
4268625463
4268594891
4268505868
4268477735
4268621550
4268620195
4516283603
6110538345
4268041651
4268461080
4515979045
4268317601
4268066962
4268460359
4268324036
4268342381
4268319973
4268338310
4268464858
4268344301
4268315554
3400347434
4268411578
6733748107
4268592177
4268591370
4268345459
4268319049
4268591377
4268521012
4268321345
4268040969
4268625526
2830070559
3428950940
4268337941
4268286119
4268467079
4268527135
4268317158
4268426250
4268503312
4268336476
4268520078
4516262195
3034211552
4268339217
4268323464
4268329646
4268064352
4268484200
4268643223
4268449697
4268638682
4268527055
4268410438
4268408665
4268284266
4268486451
4268627415
3399367570
2840908265
4268023625
4268336005
4268523183
3032938100
4268329370
3032982341
4268318943
4268330209
4268507420
4268621540
3399347172
4268505400
4268456952
4268466245
6798424394
4268497279
3032737609
4268338544
4268479151
4268530700
4268065211
4268521299
4268621402
4268319511
4268324350
4268335086
4268406477
4268459248
4268622154
4268527410
3033375000
4268424651
4268284746
4268285400
4268408024
4268642195
3032927450
3399327005
3033374865
4268519244
4268340730
4268423597
4268423043
4268429903
4268643527
4268596277
4268479472
4268477370
4268428586
2095782082
4268478815
4268340296
2494580057
4268496552
4290660578
6733764695
6797615115
4268479389
4268520035
4268519236
4268519253
4268495027
4268625374
3033717815
4268596810
4268408121
4268344117
4268409795
4268421425
4268319924
4268596574
4268432340
4268064938
6797624137
4268526291
3399375998
6798135611
4268408447
4268409531
4268484029
4268459026
3033671603
4515948936
4268321114
4268285427
4268425733
4268457198
4268336982
6733527048
4268335958
4268429269
4268330667
6733631869
4268484896
4268424848
4268485664
4268339050
4268637775
4268341689
4268064977
4268408615
4268426302
4268324267
4268460095
4268427596
4268345540
3399347066
4268338000
4268286244
3033374869
4268495658
4268637423
4268528804
4268526998
4268427147
4268481877
4268315595
4268503617
3399346998
4268427307
4268340799
4268625701
3033375248
3033671626
3033375256
4268464739
4268464896
4268526905
4268593561
4268530065
4268503832
4268479044
4268421643
3033671727
4268430996
4268284425
4268424818
4268411194
4268529258
4268408075
4268448823
4268341688
4268410198
4268329309
4268450866
6798356339
4268321724
4268458056
4268343515
4268519422
4268486097
4268624504
4268330503
4268339538
4268504019
4515988030
4268429664
4290637711
4268621299
4268503434
4268519749
4268407358
4268497243
4268466748
4268625894
4268284155
4268523122
6733388970
3399389233
4268041294
4268497081
4268338987
4268320884
4268426219
4268594479
4268484202
3399327064
4268448308
4268322378
4268284302
4268422507
4268477220
4268495055
4268458568
4268519478
4268343186
4268340290
4268450806
4268316044
4268324607
3399367615
4268506495
4268341253
4268495489
3033689038
4268285739
4268317290
4268335060
4268523479
4268319946
6733525764
6733301897
4268637204
4268317136
4268485663
4268333828
4516278104
4268428043
4268596633
4268621713
4268503590
4268405922
4268333703
4268338322
4268423803
4268627330
4268407509
4290772446
4268466967
4268456435
4268503663
4268486029
4268619963
4268625099
4268344634
4268450803
3926904098
4268595285
4268479137
4268458198
4268485515
4268344766
4268519228
4268593613
4268456324
4268408108
3358687026
4268319257
4268331237
4268333544
4268343825
2830555705
4268640250
4268411124
4268459281
4268285316
5929777316
4268324172
4268424973
4268497706
4268425024
5300060109
4268497923
4268286149
4268422263
6733670710
4268427610
4268503623
2829949861
4268592795
4268431264
4268503074
4268342666
4268406006
4268642558
4268424010
4268322655
3399327041
4268410533
4268431453
4268525734
4268466805
4268333873
4268527562
4268336730
4268407218
4268593056
4268340343
2494588900
4268450048
4268478091
4268406106
3358883163
4268343941
4268519685
4268505839
4268458698
4268421003
4268065756
4268486090
4268466150
4268478867
4268284072
4268285068
4268427623
4268329868
4290471783
3362043921
4268485762
4268622153
4268527404
4268450061
4268345081
4268503939
4268339847
4268431927
4268478306
4268627597
4268341237
4268625670
4268477473
4268640247
4268630323
4268324665
4268335076
4268065596
4268024012
4268497154
4268522473
4268320602
6733593109
4268285835
4268663102
4268041673
4268596654
4268343702
2829949924
4268495998
4268592858
4268338346
4268318115
4268336255
4268624411
4268331911
4268343828
4268340215
4268503072
4268600973
4268459343
4268322567
4268520916
4268528599
4268504271
4268344521
4515954032
4268627367
4268449614
4268321836
4268339662
4268408662
4268332732
4268594079
4268336057
3927418435
4268341177
4268342447
4268318239
4268486658
4268530833
4268485105
4268527355
4268504755
4268425912
4290629201
3428925766
4268494646
4268407523
4290640020
4268352529
2522257823
4268407131
4268494770
4268594046
4268519412
4267984755
4268518955
4268519308
4268457158
4516273354
4268450902
4268485061
2337445786
4268503290
4268410715
4268065200
3428946890
4268343280
4268640098
4290696882
4268345741
4268422357
4268335461
4268346553
4268504352
4268333892
4268321148
4268456773
4268346439
4268595756
4268333927
4268425600
4268623346
2494252959
2494588844
4268023633
4516351488
4268346472
4268521797
4268527828
3032927307
4268339435
4268457571
4268324792
4268505072
4268338769
4268426973
4268526770
4268526703
4268344637
4268330239
4268316884
4268518870
4268345885
4268466369
4268065931
4268479048
4268456605
4268496280
4268522807
4268460588
4268425937
4268504225
4268486852
4268064388
3362032731
4268592812
4268595851
4268479983
4268485323
4268457290
4268344028
4268315491
4268324579
4515978398
4268284238
4268458687
4268499385
4268478559
4268420827
4268529603
4268524022
4268633687
4268498683
3033375156
2494563323
6733712924
4268448064
4268421043
4268620702
4268624817
4268424749
4268466593
4268425106
4268342603
3399326981
4268496625
4268320910
4268319548
4268494766
4268527256
4268643061
4268477174
4268324033
4268477680
4268424989
4268334756
4290628603
3399327112
4268338673
3399347109
4268477525
4268347121
4268478476
4268457305
4268285899
4268524889
3005304497
4268523925
4268338103
4268346036
4268331155
4268594066
4268637859
4268448538
4405464226
4268628014
4268459133
4268507058
4268344804
4268486892
4268450840
4268411193
6798356310
4268467289
4268324256
4268624868
4268406901
4268317328
4268525659
3428950450
4268505530
4268432166
4268457699
2830080868
6733583370
4268457915
2829627578
4268495353
4268424894
4268529668
4268334184
4268505912
4268410124
4268420452
4268494767
4268324082
4268479253
3032737471
4268456771
4268285884
4268633085
4268407625
4268465666
4268507507
4515987878
4268627577
4268330176
4268479502
3399769349
4268023727
6733798432
4268333944
4268484021
4268450521
4268449551
4268430364
4268448525
4268409690
3358517988
4268422818
4268507557
4268321584
4268344011
4268643056
4268343806
4268286715
4268424190
4268340142
4268425120
4268494750
4268324028
4268505886
4268504824
4268477263
6733309561
6733661102
2830070523
4268625788
4268524128
4268409776
4268633743
3428925829
4268284978
2627448571
4268421546
4268406902
3399356922
4268041316
4268064356
4290648230
3428950914
4290481092
4395117286
2494580013
4268465618
3399326951
4268406517
4268283421
4268066658
4268457729
4268637158
4268621083
4268428236
4268428301
4268064830
2494571863
4268449181
4268526229
3033706821
4268496590
4268478882
4268343890
4268427822
4268407775
4268507529
4268486705
4268486195
2494580095
2380029184
4290471932
4268428359
3033375358
4268466254
4268503914
4268486491
3033374993
2494269349
4268456206
4268519284
4268338010
4268529076
4268334516
3399389299
4268321800
4268345315
4268591216
4268427703
4268425097
4268456439
4268628722
4268464656
4268456842
4268339586
4268420870
4268595068
3309478715
4268626816
4268520638
4268316164
4268324232
4268456704
4268064207
4290638565
4268527057
3033671501
4268496856
4268521618
4268520191
4268331045
4268344384
3927418352
4268022660
4268596268
4268528417
4268285781
4268448989
4268524744
4268334205
4268449055
4268319093
2040937828
4268334158
4268508507
4268343975
3032927377
4268484069
4268503547
4268320276
3428929658
4268320138
4268064208
4268456559
4268338535
2829950019
4268449304
4268484819
4268477276
4268637898
4268624873
4517345399
4268625702
4268284124
4268285446
4268464577
4268432359
4268465197
4268330863
4268457469
4268520232
4268633142
4268507634
4268425350
4268318022
4268324931
4268664566
4268337905
4268677518
4268507556
4268450296
4268629052
4268633231
4268421972
4268450811
4268478074
4268497595
3399347076
4268330150
4268627546
4268334382
4268525978
3032242574
4268593325
3033689394
4268464774
4268521341
4268432290
2494603709
4268620807
4268627629
4268624847
4268425040
4268591332
3033706912
4268458216
4268342084
4268507762
4268477731
4268640174
4268345036
4268519470
3032981866
4268484109
4290596439
4268405976
4268286251
4268335077
4268519441
4268332190
3033671667
4268526563
3033907977
4268323184
4268506221
4268458475
4268336248
3399327099
4268410997
4268333132
4268499342
4268625428
4268504492
3033688976
4268592048
3428922023
4268421237
4268323575
4268316490
5531261827
4268429904
4268430384
4268524339
3399356900
2830070551
3399356956
4268341359
4268410769
4268431974
3033375241
4268337957
4268319838
3428938716
4268319190
4268495925
2830080895
4268425043
4268466737
6798331287
4268431139
4268625424
4268641222
4268424038
4268423299
4268504015
4268283867
2494252955
4268066180
2337192213
4268334629
4268334506
7870529914
4268284912
4268338664
4268332989
4268430126
4268428421
3362047365
2494580047
4268479854
4268333536
4268065938
4268506794
3033706692
4268319950
4290497632
4268317252
4268506098
4287473879
4268065988
2494268520
4268331982
4268334268
4268316641
3399327137
4268479652
4268427913
4290489606
4268624350
4268323266
4268331912
3033671197
4268592518
4268459055
4268527805
4268486093
4268486217
4268065839
4268503311
4268521001
4268465159
4268450851
4268431468
4268423686
4268335241
4268067009
4268654651
4268346739
4268633424
4268432276
4268594440
4268528289
3033717819
4268317981
4268464832
4268495152
4268643211
6733388303
4268456957
4268449974
4268504202
4268479507
4268628302
4268477761
2830579951
3399763003
4268321530
4268528318
4268449893
4268628307
3033700259
4268423409
4268316815
4268066336
4268526107
4268284070
4268334417
4268409187
6733713552
4268523918
4268346958
4268410742
4268421803
4268319854
4268428171
4268479373
3032927318
4268430904
4268041394
4268336626
4268450333
4268626815
4268627435
4268527704
3032927335
3032748200
4268428063
4268591202
3033706703
4268467026
4268464693
4268485228
4268320841
4268340221
3033689362
4268504875
4290526389
4268426172
4268064339
2627450702
4489874505
4268335407
4268449492
3428943189
3399311870
4268338587
3032737521
4268522433
4268318219
4268344276
4268464573
3033374796
4268457160
4268460319
4268448955
4268503336
4268425194
4268505088
4268643516
4268524784
4290501171
3428921434
4268492364
4268337283
4268668730
4268424033
4268283530
4268333482
4268318976
4268504361
4268494654
4268460098
4268637265
4268497101
4268495598
4268641086
4268411660
4268467060
4268486298
3927481393
4268503900
4268023996
6733722796
4268065812
4268426084
4268505602
4268325068
4268430600
4268592864
4268624772
4268461273
4268340222
4268522810
4268494327
4268041225
4268284621
4268608751
4268283756
4268457604
4268640104
4268340328
4268623531
4268320204
4268448275
4268299189
4268431161
4268620124
4268637570
4268337175
4290538313
4268411461
4268066344
4268421129
4268503419
4268504929
4268477218
4268426767
4268504572
4268643168
4268339730
4268520442
2494268524
2494602666
4268478679
4268457693
4268345650
4268637391
2494563207
4268347142
3032927396
4268528120
4268503642
4268040747
4268316892
4268065371
4268407366
4268420855
4268461306
3428925831
4268605656
4268503430
4268638758
4268430664
4268399083
4268344380
4268519712
4268457477
4290471880
4268503744
4268640079
4268621575
4268503595
4268466743
4268457467
4268331676
4268332089
4268458370
4268286092
4268700218
4268620257
4268519044
4268423188
4268322671
4268341634
4268332828
4268633500
2830565117
4268592827
4268456119
4268465466
4268331228
4268346762
3034277864
4268422361
4268332540
4268316969
3399254881
4268503679
4268345389
4268339201
6798381423
4268332646
4268504894
4268342088
3033671424
4268450025
4268494365
4268323675
4268324609
4268407331
4268497219
4268529394
4268422217
4268332642
4268523214
4268423998
4268497644
4268428601
4268448877
4268465081
4268498617
4268457753
4268506428
2829627570
2830580087
4268596623
4268526490
4268285043
4268336237
4268459465
4268427803
4268408568
4268497537
4268422352
4268506518
4268595924
4268332756
4268323900
4268023702
4268323686
4268343543
3033689027
4268321016
4290659458
6798171906
4268432215
6733307993
4268339308
4268456561
4268317249
4268408743
4268333156
4268320331
4268325089
4268427174
3358539619
4268337150
6733621657
4290596213
4290710237
4290472143
4290576353
4290548969
4290442876
4290660591
4290696854
6733771628
4268486468
6797639019
3033671556
4268325017
4268283620
4268040815
4268448406
6619625235
4268424610
4268428657
4268460625
4268450471
4268478386
4268420754
6733641812
4268449564
4268333736
4268504272
4268458787
4268458857
4268638470
4268522397
4268283755
4268522191
4268465006
4405646930
4268337605
4268625365
4268323504
4268319758
4268643849
4268507433
3428939144
6797624422
4268628286
4268640717
4268485216
4268498556
4268495284
4268593404
4268408616
4268485701
4268522277
3358701439
4268424114
4268465036
4268323510
2494603672
4405658831
4268325075
4268321355
4268022932
4268629623
4268428131
3927481327
4268432173
4268466189
4268643611
4268457805
4268318468
3033706731
4268406496
2522231110
4268527247
4268342717
4268628100
4268506667
4268484968
4268341393
4268421050
4268065465
3399356878
4268526264
6733517949
4290647900
4268450288
4268528201
3428942829
4268041771
4268341694
4268427327
4268630456
3399389201
4268319547
2494253063
4268478574
4268495308
4268407236
4268423170
4268425821
4517331669
4268424682
4268496260
4268407383
4268335490
4268457996
4268341718
4268324219
4268317124
4268332809
4268321432
4268324788
4268041226
4268344510
3033706399
4268593029
4268625989
4268642311
4268507240
2400565729
4268461113
4268406928
4268465444
4268427061
4268023407
4268428249
4268345420
4268424738
4268345369
4268505457
4268624666
4268334203
4268285487
4268521046
4268407731
4268408460
2494253073
6733789977
4268505706
4268431375
4268596151
4268331082
4268459647
3428962189
4268497441
4268065818
4268333657
4268323066
4515989019
4268408629
4268431557
4268411225
4268497913
4268066587
4268324002
4268639482
3428929652
4268421507
4268464637
4268411285
3033689365
4268485025
4268337888
4268344183
4268626681
4268041298
4268520516
4268422321
4268467198
4268632806
4268449773
4268331050
2522212716
3034211810
4268528233
4268528876
4268330496
4268633384
4268323346
4268425286
4268430348
4268022636
3428935446
4268637216
4268319115
4268331224
4268459040
4268427756
4268628332
3033671304
4268593554
4268407399
4268504259
4268425012
4268495309
3032242586
4268494443
4268624869
3033374905
3309484240
3309481127
4268341660
4268478505
4268333016
3034212006
4268409934
4268426600
4268345766
4268494746
4268429287
4268317431
4268477194
4268426838
4268430890
6733704250
4268457215
4268520045
4268431017
4268427105
4268408916
4268450545
4268430884
2626642228
4290766703
4268507253
4268408031
6798339338
3428922035
4268323916
4290442896
4268332016
4268484890
4268065206
4268421186
4268066100
4268526769
4268431045
3399346990
4268460320
4268505850
3399390668
4268431989
4268525858
4268331200
4268526025
4268341081
4268479634
4268041538
4268507518
2830580083
4268529774
6798314631
5444009093
4268504275
3927481630
4268633129
4268286315
7339660570
3032737864
3033374744
4268283863
2522257336
4268499019
2494253067
4268620322
4268064197
3032737593
4268626158
4268457951
4268332924
3033689316
4268319066
4268411534
4268346521
4516292965
4268628609
4268428041
7024533939
4268319500
6798210591
4268408467
4268425000
4268630290
6733696637
4268643557
4268022654
4268527603
3428947288
4268411190
4268503824
4268527212
6733525654
4268643245
4268422216
4268432065
4268456333
4268420939
4268343554
4268628940
3033688921
4268324044
4268408622
4268407258
3428934987
4268317787
4268640200
4268477203
4268342040
4268528899
4268642218
4268420705
4268432399
4268625319
4268429918
4268428631
4268341136
4268431338
4268338858
4268318009
3399326970
4268530642
4268347031
4268409005
4268592517
6798180693
4268065959
3362049573
4268321465
4268421968
4268431956
4268338045
4268432211
2830584520
4268457308
4268633624
4268466208
4268477200
4268593021
4268457745
4268507542
4268506963
4268428707
4290489460
4268486234
4268339242
4268479864
4268336307
4268334635
4268316588
4268320855
4268024237
2102312497
4268411428
4268486038
4268341004
4268431701
4268519626
4268521670
4268341627
4516278842
4268506684
4268638572
4268640328
4268065751
4268022657
4268336411
4268339649
4268023199
4268321806
4268528329
4268626721
4268407113
4268495067
6798340107
4268497037
4268335928
4268505275
4268324262
4268640142
4268499528
4268495249
4268335179
4268523210
4268505873
4268320024
4268424896
4268339850
6733712801
4268431267
4268457323
4268529392
4268528625
4268335409
4268322709
3033689008
4268448973
4268485784
4268524845
4268315423
4268342573
4268407346
4268486276
3428946929
4268346595
4268496549
3033375041
4268410557
4268335235
3033375207
2829935909
4268022897
4268497587
4268347004
4268323540
4268066063
4268334196
4268466806
4268519223
4268593886
4268423127
4268424477
4268494597
4268529581
3032927590
4268408804
4268634122
3033689398
4268530792
4268432202
4268341600
4395217137
6226974338
4268284303
4290695814
4268345363
4268345220
4268317985
4268317277
4268325016
4268324992
4268346894
4268066075
4268458915
4268593640
4268485195
4268324939
4268409836
4268316625
4268066312
4268334474
4268427804
2400525522
4268340553
4268621056
4268423035
4268464856
4268627510
4268335156
4268344933
3358882454
4268041907
4268505075
4268340972
4268339976
4268466433
4268504827
4268527566
4268491207
4268321117
4268466713
4268621973
4268411283
4268339238
4268620881
4268333782
4268495386
4268465100
4268411077
4290526652
3053955823
4268406734
2494576795
4268431175
4268596475
4268042062
4268459663
4268405931
4268320259
4268641136
4268484762
4268619974
4516282433
4268520082
4268339428
4268430846
3400347464
4268684035
4268529608
2829935959
6798373773
4268664088
4268628780
4268523378
4268621120
6746210904
4268430023
4268461115
3399254865
4268346902
2829935973
4268494372
4268346336
5549418265
4268343234
4268337780
4268625688
4268064770
4268040454
4268408342
4268427579
4268342380
4268431697
4268494459
2427456188
6746211152
2494580087
4268592920
4268448892
4268331859
4516359591
4268322766
4268426839
2830555703
4268338370
4268505399
4268286033
4268466738
2830070472
4268477207
4268286747
3400351879
4268478210
3399390628
4268427914
4268411373
4268458834
4268527499
4268323304
4268411021
4268466512
4268494865
4268484702
4268591381
3033706360
4268457716
6798171435
4268410326
4290596743
4268456667
4268333598
4268460304
4290526462
4268530313
4268406753
4268593338
3033374868
4268424487
4268524196
4268428014
4268420442
4268329513
3032927567
4268499427
4268340986
4268322332
4268285054
4268643162
3033706521
4268622118
4268467150
4268321108
4268432039
4268338338
4268338028
4290500870
4290442966
4268620160
4268479733
4268628314
4268525082
4268322944
2829935944
4268448521
4268478260
4268478162
4405653337
3358313109
4268319467
4268448993
6733704796
4268425665
4268503701
4268479032
4268040709
4268497100
4268526161
4268339974
4268040550
3358313113
4268430229
4268285880
3358313098
6798356259
3358537190
4268519815
2830580098
2830580137
4268284495
4268594049
4268448921
3358538581
4268339229
3358538562
3358701758
3033671196
3358702554
3358313093
3358538559
3358701587
4268592385
4268335322
2830070504
4268066008
3927410319
6733780363
4268485202
4268324131
3033706751
4268466815
4268334112
4268477512
4268594875
4268422508
4268525014
4268345000
1913490421
4268343008
4268338670
4268316412
4268330613
4515919867
4268632965
4268520970
4268336406
4268466619
4268065836
4268408554
4268342120
4268065993
4268520783
4268519981
4268466555
3032927349
4268449756
4268620157
3428925754
4268339398
4268479934
3428929585
3399761662
4268485256
4268622109
4268522300
4268333780
4268332212
6733738573
4268346385
4268503320
2522212868
3032927564
4268323344
4268421761
4268505000
4268319901
4268040527
4268591212
2494602683
4268337203
4268643495
6733781274
4268477901
4268407789
4268458500
4268423392
4268457389
4515953888
4268407737
4268346953
4268524115
4268522394
4268522375
4268345295
4268486713
4268633072
4268335961
4268341038
4268477173
4268479997
4268495773
4268339225
4268503675
2830580107
4268457028
4268477539
4268519650
4268330653
4268529405
5069128810
4268628282
4268408747
4268467069
4268528260
4268424040
4268422331
4268064637
2830080803
4268324024
4268459085
4268066895
6798434837
4268420456
4268466746
4268410316
4268319311
4268341574
4268519722
4268594806
4268526433
4268625303
6733748255
5217028461
4268520570
4268065381
4268332641
4268423960
4516262652
4268495105
4268620855
4268628323
4268333406
4268420933
4268324132
2627453087
6798080138
4268286144
4268318172
4268331284
4268643173
4268458894
4268324646
4268518961
6733641002
4268042015
4268594375
4268342451
4268450858
6733747828
3926827148
4268065161
4268334147
4268424558
4268427559
4268325066
4268466825
4268632792
4268594833
2830070537
4268621055
4268411014
4268284748
4268507523
6733554450
4268477307
4268479998
4268503465
4268343604
4268466137
4268320568
4268448287
4268496859
3358513719
4268335563
5932150917
4268527089
4268320917
3428943191
4268320486
4268344410
4268449576
4268331614
4268321036
4268628738
4268484107
6733564582
4268529635
4268343566
4268503854
6733780838
4268495444
4268641218
4268427560
2829627538
4268478599
4268410379
4268341991
4268343888
4268466698
4268423382
4268336254
4268343193
4405663247
3032982039
4290596298
4516262853
4268330856
4268448519
2627445147
4268507840
4268338241
4268319225
4268341290
4268406876
4268316154
4268317053
3358702626
4268347097
4268498662
4268530681
4268324074
4268066703
4268504253
4268621992
4268409454
4268429375
4268495532
4268331634
4268421123
4268625042
4268457200
4290443148
4268285251
4268336377
4268041981
2494253068
3033671511
4268522106
4268425010
6733687368
4268595846
4268628671
4268339522
4268495970
4268459317
4268625157
3034212057
4268342594
4268320592
4268458279
4268409632
4268596054
4268426063
4268341830
4268449905
4268319224
4268595311
4268591551
4268342397
4268335553
4268458925
4268041311
4268319636
4268460614
4268330473
4268431132
3033689444
4268643604
4268520102
4268406770
4268628196
4268334490
4268331142
4268479261
4268432307
2494252963
2627446758
4268591441
4268424112
2494580000
4268486501
4268503715
4268456191
4268425493
4268331582
4268420958
4268522943
4268521578
4268524869
4268593566
3399769356
4268428104
4268504934
4268486857
4268448768
4268628171
2522257847
4268411011
4268333685
4268335247
4268066623
4268023479
4515929760
4268527560
4268495108
4268023551
4268066295
2494268521
4268504647
4268522618
4268065194
4268477511
4268322646
4268333759
4268285848
4268624509
4268530397
4268339327
6798365843
4268341714
4517318475
3034212002
3033706732
4268346875
4268496927
4268479180
4268458485
4268339488
4268431521
4268504383
4268497910
2400532360
4268460571
2627445154
2755964001
4268065600
4290553894
4268319864
4268460963
6733814637
4268640514
6655441686
4268337306
4268345981
4268321827
4268466715
4268319617
4268299180
4268628767
4268478805
7295797860
4268345397
4268494812
4268338318
4268334668
4268634100
4268523420
4268423061
4268458737
3032982256
4268409321
4268329525
3399356957
4268408935
4268426151
4268426196
4268420772
4268477974
4268528321
4268425102
4268424720
4268420677
4268503330
3399311901
4268344530
4268319394
4268495344
4268465538
4268431123
4268022643
4268428456
4268485670
4268484318
4268041468
4290629184
4268064872
4268428243
4268427759
4268432370
4268285895
4268504831
4268504530
6733738327
4268522952
4268425170
3032982296
4268065109
4268467200
4268595614
6733830923
4268591321
4516264801
4268329361
4268346017
4268498188
4268336616
4268495547
4268459428
4268023039
4268422938
4268285191
4290460538
4268407380
3032982058
3399347077
4268526754
4268023397
4268449203
4268340297
4268428246
4268283446
3399311874
4268494718
4268450905
4268526245
4268333397
4268466583
4268494953
4268457504
4268522062
4268450373
4268333123
4268286249
3399389267
6531343426
4268431681
4268479828
4268427093
4268596862
4268333083
4268519693
3033706892
4268479446
2281947231
4268319410
4268521793
4268331010
4268426968
4268495507
4268322365
6733749046
4268643488
4268330540
4268319134
4268494422
4268345480
4268425730
4268594756
4268431721
4268467037
4268633127
4515934897
4268528196
4268458215
4268332532
3428930004
4268317176
4268319701
4268519819
4268317729
6746138464
4268640742
4290481266
4268317143
3428929594
4268344921
4268317802
4268430869
4268519649
4268426866
4290489632
4290475951
6798322946
3428921479
4268420804
4268479868
4268639465
4268331683
4268427207
4268458353
4268317200
4516262542
4268406809
4268458818
4268408950
4268066198
4268503583
3428934997
4268456431
4268458642
4268466899
4268484398
4268459211
4268064577
4268409685
4268527016
6733712898
4268592878
2494588860
4268520743
4268459358
4268324794
4268065840
4268466945
4268456287
2830580077
4268341591
2589359792
4268530003
4268333676
4268041924
4268320650
2400583041
4268424014
4268346566
4268431100
4268330837
4268429340
4268664235
4268625795
4268456967
4268522648
4268639187
4268504286
4268632875
4268594118
4268528858
4268465446
4268504994
4268458618
2829950018
6733731337
4268430130
4290501058
4268343936
4268330520
4268064229
4268422755
4268593713
4268430474
4268663169
4268420909
4268344728
4268464551
4268478365
4268529009
3033706827
4290695862
3399389329
4268524805
4268479907
4268503298
4268428627
4268466417
4268664119
4268425453
4268464770
4268486884
4268411541
4268620485
4268627398
4268407390
4268420786
3399327139
4268461307
4268427550
4268458004
4268633055
4268334753
4268316150
4268322978
4268424465
4268338350
4268344398
3428950406
4517331885
4290476175
4268394071
4268448926
4268526325
4268457892
4268023222
4268449913
4268343765
4268343635
6733593107
2830070566
4268330878
4268316326
4268643489
4268527768
3005263437
4268495542
4290647690
4268346302
4268619903
4268335591
6701308427
4268344941
4290638598
4268626637
4515919829
4268427686
4268320173
4268066129
4268408004
4290471809
4268496887
4268428384
4268466147
4268343461
6733747751
4268628209
4268410248
4268496176
4268520402
4268332378
4268041488
4268421052
4268429386
4268460559
4268477558
4268339894
4268334316
4268485763
4268459640
4268485535
4268323596
4268337807
4268595684
4268456483
4268626273
4268479416
4268410215
4268332150
4268528325
4268336138
4268477335
4268495798
4268339773
4268323855
4268319425
4268628333
4268321149
4268330695
4268460990
4268425248
4268426634
4268023270
4268425033
4290638364
6798365086
4268503963
4268318195
4268319052
4268450520
4268425826
4268479239
4268596683
4268466538
2494563313
4268345874
4268319655
4268638541
4268284599
4268340371
4268341176
4268286491
3428921527
4268337310
6798372953
4268410263
4268465853
4268503559
2829935963
4290471977
4268339053
4268346034
4268065545
4268430530
3428950404
4268457624
4268625222
4268448426
4268494993
4268421199
4268335300
4268341669
4268285288
4268286163
4268066077
4268332256
3428930019
4268338494
4268456334
4268426185
3032927749
4268318144
4268023615
4268464569
4268342091
4268628372
4268522355
4268494326
3399347040
4268467041
4268337751
4268323309
4268643227
6733757208
4268484571
4268524048
4268526465
4268428029
4268591214
4268450307
4268450424
4268643226
4268485065
4268522460
4268449017
4268629226
4268341926
4268330867
4268620359
4268023866
4268346588
4516272100
4268518823
4268528378
2829627580
4268663080
4268525785
4268485727
4268333183
4268338165
4268595195
4290576183
4268503066
4268407530
4268639034
4268591507
4268486438
4268410350
3032748218
4268465088
4268466873
4268639514
4268498793
4268423406
4268286333
4268520028
4268411490
4268625037
4290637921
4268315865
4268319179
4268465996
4268427317
4268505614
4268486206
4268497095
4268637541
3033671240
4268457210
4268344400
4268448863
4268316454
4268450620
4268420861
4268341729
4268456603
4268023649
4268319059
4268333551
4268595342
4290489489
4268449802
4268466992
4268623016
4267984588
4268456335
4268529157
4268495631
6798434986
6798347296
4268407067
4268596147
4268065797
2494588865
4268421904
4268345012
4268592203
4268460425
4267984630
6733831818
4268420792
4268507015
4268484803
4268523732
4268432171
4268663079
4268521425
4268632810
4268410756
4516278905
4268484670
4268065950
6733814536
4268345401
4268477538
4268346666
4268337239
4517316585
4268432013
4268320189
4268424258
4268332860
4268285811
4268409495
4268423688
4268431756
4268424622
2830555693
4268522170
3399356931
3033706648
4268458515
4268626522
4268320876
4268337891
2494269313
4268066235
4268285045
4268066641
4268338903
4268347206
4268461423
4268448314
4268596088
4268506858
2494603614
4268428781
4268424790
3927363486
4268523851
6798330890
4268320868
4268344913
4268495789
4268338498
6746270853
4268285056
4268526408
4268484521
4268324914
4268420757
4268315589
3033700219
4268496151
3428935456
4268485391
4268453211
4268316052
4268498811
4268323039
4268427152
4268427743
4268023207
4268523810
4268448353
4268593190
3033386966
4268422086
4268330680
4268507144
3399761680
5757890309
4268597608
4268477540
4268523831
4268428056
4268065695
4268424342
4268336589
4268424373
4268527124
4268457475
4268485738
4268497107
4268411712
4268024043
3032737755
4268065845
4268633377
4268456621
4268339247
4268450860
4268524275
4268485287
3428942681
4268285282
4268410713
4268484790
7214732871
4268522402
6733713065
4268329306
2830580183
4268529153
4268620444
4268344995
4268504990
4268504885
4268449894
4268522261
4268332850
4268594308
4268593961
4268522083
4268024009
3032927323
4268467144
4268335437
1918405175
4268461559
4268456711
4268494846
4268331110
4268640806
6798331196
4268345845
4268424903
4268460590
4268519508
4268449476
4268336506
4268524313
4268040632
4268347243
4268458692
4268495665
4268321706
4268337156
4268344265
4268494858
4268457434
4268595339
4268477983
4268520016
4268505913
4268503861
4268336397
4268041133
4268316907
4268332577
4268064908
4268522188
4268621696
4268408598
3428925841
6798296157
6797605915
3033688934
6711320188
4268466010
4268319032
4268064828
4268497954
2494576812
4268335371
4290638546
4268503132
4268428217
2494253004
4268423219
4268467146
4268479504
4268324255
4268640525
4268456337
4268335306
4268499309
4268430876
3032982084
2494267838
4268324031
4268626500
4268425941
4268410621
4268432168
4268478718
4268505575
4268494715
4268591930
4268459906
4268286302
4268337759
4268496751
4268485851
4267984640
4268448359
4268457817
4268318896
4268427576
4268334190
4268498532
4268332745
4268320851
4268461211
4268477426
4268494954
4268507448
4268317134
3033671513
4268465011
4268458116
7167383608
4268431718
4268341070
4268690086
4268064455
4268425150
3399327038
4268459823
4268530090
4268407032
4268504606
4268478708
4268345091
4268595921
4268495371
3034211612
4268321523
4268066768
4268527034
5703787275
4268621555
4268620247
4268337893
4268632992
3034367024
4268345623
4268449128
7340655885
4268459464
4268324741
3399347097
3927365692
3033688945
4268464682
3358882529
4268318190
4268426957
4268324306
4268495662
4268525352
4268523227
4268332716
4268466621
4268065508
3033671397
4268594205
4290660268
4268466656
4268346470
4268320471
4268637876
4268343027
4268641103
4268334793
4268330065
4290767274
4268319132
4268594120
4268320663
4268519403
4268316572
4268318021
4268430415
4268591346
4268411686
4268331157
4268639978
4268427240
4268624966
4268485411
4268624617
4268427934
4268344466
4268411360
4268335338
4268494430
4268337897
4268643073
4268450531
4267984743
2829935957
4268625923
4268284655
4268596937
2830070289
3033671553
4268334785
4268430017
4268456835
4268465589
4268495765
4268425549
4268323095
4268423373
4268457707
4268411075
4268449079
4268316922
4268479580
4268499344
2830577132
4268529007
4268529029
4268064876
4268337811
4268333126
4268621433
4268324149
2494563311
4268333038
4268336527
4290476431
4268591477
4268332684
4268595955
4268421921
4268406740
4268503741
4268324179
4268634138
4268286454
4268335402
4268317973
4268528532
4268331996
4268329460
4268627251
4268320152
4268527742
4268342541
4268485230
4268284811
6798127385
6798373221
4268457592
2394994812
4268321189
4268529381
4268424166
2077480433
2394994820
4268420890
4268065520
4268633511
4290537986
4268504020
6531322173
4268619908
4268522745
4268592292
4268336448
4268620718
3358537077
3399347173
4268458926
2494579996
4268283550
4268335838
4268449121
6798163616
4268593893
4268596606
4268498665
4268064198
4268527323
4268040472
4268285786
3428922026
4268528867
4268421346
4268427404
4268425689
4268524459
4290486048
4268337407
4268637418
4268319902
4268330257
4268621373
4268479058
4268335880
4268627463
3358323417
4268340964
3399347062
4268284743
4268346825
4268620304
4268503333
4268530064
4268637395
4268520424
4268640093
4268406239
4268593311
3034211592
3358382111
4268023381
4268457286
3033671365
4268317377
4268324041
4268625308
4268496052
4268485341
4268430166
4268066477
3033907976
4268319739
3399379187
4268530658
4268407453
4268409922
4268638121
4268409393
4268424338
4268467194
4268498647
4268316491
4268336127
4517373073
4268595322
4268450367
4268485198
4268432283
4268628190
4268429910
4268323298
4268331021
4268425166
4268457816
3358517964
3033375387
4268409255
4268410490
4268486471
4268344920
4268480272
4268522848
4268632982
4268329992
4268495046
3033706346
4268628717
4516292626
3400351885
4268505628
4268329592
4268316263
4268337946
4268022702
4268340584
4268530590
4268409543
4268624784
4268485565
4268520194
4268524497
4268620503
3309478733
4268458897
4405493735
4268420397
4268521631
4268331278
4268485659
4268321002
4268336305
4268321623
4268519042
4268336251
4268519345
4268461523
6531313549
4268023367
4268411599
4268424383
4268340335
4268486082
4268425868
4268477267
4268638573
4268523363
4268494578
4268330685
4268497951
4268466023
4268457738
4268286078
4268426768
4268426351
4268465344
4268317848
4268458320
3034211567
4268431279
4268318165
4268477552
4268320449
4268645164
4268450875
4268527699
4268284027
4268644960
4268421419
4268407106
4268040636
4268620315
4268527748
2627452991
4268522060
4268405956
4268527894
4268633691
4268592894
4268478458
4268627782
4268448281
4268428579
4268459347
4268321805
2494603578
2626642230
4268485653
4268333418
4268340212
4268319951
4268065525
4268519715
4268421638
4268640728
4268066711
4268478989
4268449948
4268420919
4268283422
4268430546
4268466206
4268465018
4268040879
4268591647
4268522364
4268343831
4268320164
4268421019
4268064450
4268316962
2627448637
4268508007
4268486475
4268467143
4268336210
4268459683
4268529803
4268526034
4268332568
3399390747
4268638002
4290515771
4268421164
4268428559
4268448407
4268457937
4268331610
5517754712
4268625776
4268498420
4268340015
4268342841
4268318908
3032982446
4268334132
4268333368
4268330200
4268485796
4268332104
4268420957
6733302133
4268410958
4268507066
4268336939
4268343770
4268283525
4268478235
3358702625
3358538590
4268411495
4268333704
4268594334
4268503588
4268339821
4268528146
4268406871
4268634124
4268495947
4268409645
3428942801
3033374755
4268450165
4268519350
4268633323
3400347487
4267984656
4268409649
4268499315
4268333599
4268285269
4268633632
4268284713
4268410401
4268634629
4268640286
4268595087
4268286496
4268335815
4268519376
6733536302
4268477189
4268342617
4268464966
4268458326
4268466451
4268065557
4268283597
4268524111
6797614862
4268285766
3033375016
4268522906
4268431380
4268335903
4268530467
4268284699
4516282432
3428926251
4268410601
6733705280
4268428563
6733781931
4268425889
4268425039
4268424656
4268478723
4268420417
4268339313
4268023703
4268335045
4268346968
4268640050
4268479317
4268496378
4268066080
4268332165
4268330360
4268322879
2400565763
4268330831
4268474230
4516297417
4268466470
4268346945
4268336586
4268524670
4268322546
4268596585
4268449012
4268503678
4268496815
3428935015
4268467291
4268593579
6619625236
4268497118
4268633625
4268486421
4268478833
3399347045
4268457218
4268504650
4268319516
3428925899
4268346024
4268340148
4268343677
3033375187
6797606463
4268450232
4268424935
4268285389
4268467193
4268448972
4268644729
4268627778
4268519149
4268596296
4268466712
3428925731
3428950526
4268480197
4268457233
2494603692
4268299183
4268504267
4268486356
4268496049
4268321826
4268640598
4268485755
3033374892
4268450846
4268496343
4268637309
4268334699
2494268523
4268519734
4268331930
4268477155
4268342518
4268461218
4268424288
4268485497
4268329753
2398354953
4268040698
4268286201
4268465784
4268628175
4268342814
4268593954
4268424669
4268458055
4268525038
4268406924
4268428780
4268479190
4268465645
3032737525
4268479264
4268430294
4268408417
4268316603
4268338851
4268624741
4268458007
4268478007
3399769360
4268341197
4268526203
4268485547
4268336638
4268346834
4267984671
4268332942
4268341992
3033706547
4268622120
4268346137
4268428368
4268449806
4268449775
4268040601
4268499025
4268522753
4268625300
4268408951
4268343903
4268495541
4268346939
4268498799
4268409758
4268022720
3428950465
6733670760
4268626128
4268458365
4268411080
4268320528
4268484699
3033907965
2522245597
4268628769
4268041803
4268427481
4268335382
4268329789
4268467154
6797657782
4268449742
4268523981
4268334141
4287379640
4268316268
4268410863
4268495607
4290596118
4268530751
4268024136
4268525580
4405703217
3358687021
4268519857
4268042012
4268346517
4268333095
4268632822
4268528526
4268524124
4268593048
3399390630
4517373727
4268334630
4268424778
4268430369
4268525592
6733525524
4268285173
4268041308
4268466547
4268432066
4268284244
4268423884
2829945364
4268340417
4268520483
4268458686
4268596882
4268425556
2494588898
4268420678
6733712911
4268338341
6531330121
4268286219
4268334231
4268336452
4268625996
4268622112
4268323489
4268495415
4268466411
4268593602
4268420763
4268519915
4268024207
4268620297
3428938689
4268457216
4268494296
4268336200
4268335493
4268340600
4268423138
4268449379
4268344737
4405573991
4268409334
4268319937
4268285186
4268479665
4268637403
4267984643
4268499141
4268425483
4268466558
4268316749
4268320509
4268023894
4268343901
4268346428
4268519085
4268484464
4268528183
4268642927
4268507701
4268624815
4268520439
4268344048
4268486188
4268504000
4268283653
4268342559
4268286225
4268333481
4268341277
4268637824
4268477315
4268342458
4268423869
3032927556
4268627346
4268338855
4268593548
4268284792
4268642430
4268506920
4268519380
4268634047
4268458052
4268340589
4268467271
4268285291
6539748504
4268343432
4268316207
4268408968
4268524292
4268526205
4268331165
4268641252
4268527391
4268066104
4268457622
4268410727
4268341753
4268324203
4268466141
4268528921
4268591713
4268064921
4268477158
4268342212
4268642929
4268654118
4268450696
4268638532
4268410204
4268421482
4268409388
3032927580
4268423761
4268432524
4268623494
4268499365
4268494710
4268677600
4268640249
4268428782
4268520633
4268408238
4268341429
4516283648
4268530060
4268339348
4268332234
4268283825
6733823321
4268324991
4268450765
4268335456
4268638528
4268284240
4268485627
4268331804
4268504193
4268518862
4268333399
4268337369
6797572420
4268407222
4268486302
4268457291
4268406707
4268505282
4268506669
4268504103
6531350319
4268628054
4268626312
4268426788
4268342395
4268450257
4268495762
4516297411
2494563213
4268625413
4268428307
4268431828
4268423405
4268504928
4268529981
4268620766
4268407841
4268593393
4268333585
4268459079
4268525167
4268337496
4268620512
4268431741
4268591328
4268596651
4268425569
4268343935
2830580088
4268457496
4268621561
4268507680
4268495085
3033689344
4268498851
4268422720
4268620238
4268450748
6733831685
4268330834
4268428776
4268318053
4268448218
4268411568
4268428452
2830580126
4268494972
4268345559
4268409932
4268484732
4268498720
4268284258
4268622870
4268335405
4268521488
6798424331
4268336456
4268340939
4268495322
4268320479
4268485669
4267146746
4268407825
4268323960
4268498381
4268411081
4268637937
4268503550
4268529357
4268663405
4268315732
4268506673
4268317681
4268496168
4268596940
4290486188
4517345472
5338720635
4268593268
4268624485
4268325087
4268642455
3034212079
4268683975
4268621053
4268457017
3358883269
4268320438
4268466125
4268627588
4268478036
4268341278
4268620014
4268066325
4268317278
4268498355
4268608628
2522252897
4268421657
4268526158
4515934919
4268324935
4268494967
4268337257
4268624639
4268041814
6733677953
4268285093
4268345010
4268620172
4268632779
4268504291
4268495960
4268596368
4268408911
4268497111
4268457413
4268477257
2627453270
4268497429
4268594927
4268424413
4268529143
4268449511
4268466511
4268643572
4268523405
4268494835
4268347087
4268423240
4268466978
4268409211
2627456458
4268322726
4268486212
4268339167
4268521004
4268519089
4290497792
4268529831
4268520287
4268507041
4268503717
4290767053
4268663131
4268627874
4268332249
4268628604
3033689045
3034211912
4268457586
4268632786
6798390062
4268520048
4268423416
4268621032
4268284228
4268519932
4268410645
4268637229
4268477928
4268333749
4268519882
4268494869
4268346162
4268339652
6733688379
4290554039
4268524333
4268423887
4268425038
4268627271
6733574053
4268318306
4268638501
4268637686
2534966753
4268330058
4268422911
4290501145
4268529882
4268410558
4268408971
3399327075
3033375027
4268596343
4268596336
4268480279
4268333713
4268503720
4290486010
4268324787
4268335571
4268324159
4268315833
4290526746
4268522151
4290475958
4268345029
4268456741
4268529775
4268494927
4268485233
4268428126
4268339300
7167404206
4268641220
3399356834
4268621667
4268480129
4268343301
3399356987
4268466581
4268319537
4268341646
4268634059
3034211595
4268343984
4268332139
3428926250
4268620511
4268066614
4268622044
4268346442
4268425743
4268423517
4268529337
4268023644
4268506829
4268337952
4268339573
4268477196
4268329644
4268496222
4268592020
4268334239
4268338767
3004835166
4268485318
4268338467
4268664637
4268344069
4268628620
4268626171
4268022758
4268331971
2627453191
4268458277
2494603706
4268321330
3428950457
4268522076
4268638418
4268633146
4268284981
4268409122
4290500892
3358538517
4268591322
3399327109
4268323689
4268460283
3032737803
4290659663
4268411537
4268497157
4268408117
4290455205
4268064178
6733799068
3358687031
4268335130
4268626536
4268641267
4268627842
3362045322
4405724531
4268332015
4268320275
4268332740
4268428420
4268497267
4268420446
4515978392
4268626097
4268457651
4268479314
4268066082
4268332431
4268340562
4268323486
4268518825
4268431574
4268339962
4268499150
4268285809
3032981981
6711314349
4268405988
4268625358
4268317754
4268410690
4268525559
4268594577
4268686352
4268040486
4268337462
4268283658
4268409695
4268521060
4268341652
4268065825
4268594038
4268336021
3428942770
4268624512
3428946925
4268407722
4268317061
4268428305
4268624344
4268495769
4268407184
4268340102
4268284281
4268317323
2627456449
4268519268
4268625527
4268595918
4268620886
4268329480
4268457645
4268485250
2830584681
4268457471
4268345834
4268450598
4268526493
4268524269
4268431059
4268425387
3004764278
4268423422
4268023368
4268485208
4268478242
4268432425
4268423757
4268528145
4268321766
4268319565
4268457183
4268344635
3428935450
4268450640
4268320533
4268496131
4268448966
4268594215
4268528851
4268040919
4268427615
3399390751
4268318012
4268465002
4268283404
4268521398
4268591616
4268322875
4268342383
4268427312
4268522008
4268484575
4268320565
4268423804
4268637280
4268411315
4268407242
4268424057
4268315880
4268325065
4405441977
4268461353
4268321029
4268495062
4268411158
4268345053
4268460033
4268316832
4268592045
4268622092
4268503166
4268425954
4268494582
4268486239
4268596437
6531322176
4268347155
6733721714
4290497975
4290526399
4290442942
4290471767
4268497384
4268023935
4268593037
4268320008
3033706936
4268345998
4268317962
4268330879
4268593978
4268345056
4268320351
4268632841
4268286229
4268507027
4268427828
4268593233
4268629652
3926699028
4268484869
4268505209
4268428669
4268338124
4290497646
4290489634
4268460684
4268345490
4268410554
4268621110
4268505893
4268460278
4516264729
4268593347
2830565156
4268425167
4268331638
4268345856
6733687936
4268431541
4268426111
3399367746
4268324905
3428925857
4268422602
2494588937
3428946873
6733678622
4268407576
4268523116
2293999901
4268426054
4268041197
4268041418
4268592139
4268284369
2522245496
4268341614
6938150915
4268338539
4268495975
4268495377
4268456085
3033706856
4268420906
6733574054
4268410150
4268338126
4268467004
4268041986
6733791037
4268640741
4268506204
4268628718
4268318893
4268316943
4268421624
4268338455
4268484490
4268497590
4268448719
4268624613
3033671672
4268478071
4268448280
4268320286
3033717790
4268425617
4268332984
4268428383
4268529564
4268339433
4268596792
2407769940
4268478320
4268620918
4268334389
4268345996
4268317035
4268591182
4268628099
4268330003
4268426199
4268319994
4268503374
4268496923
4290510736
5517821091
4268484485
4268485447
4268409696
4268628205
4268593693
3033671530
4268448738
4268064779
4268321615
4268460927
4268530078
4268336310
4268319522
2830555687
4268423878
4268409206
4268664560
4268422014
4268522830
4268467033
4268426997
4268448239
4515929833
4268324021
4268522100
3362045359
4268409892
4268285799
4268621538
4268486321
4268478199
2494563175
4267984738
4268040556
4268344770
4268595251
2494579994
4268596320
3399379122
7107161099
4268343384
4268319156
4268319404
4268627135
4268522132
4268321248
4268478819
4268519052
3399327097
4268407554
4268458595
4268066756
4268498509
4268425748
4268594040
4268318984
4268335844
3033671341
4268317250
4268022721
4268593754
4268426951
4268625769
4268346966
4268338700
4268641133
4268408487
4268593762
4268343799
4268346956
4268434425
3399376036
4268522967
3034211898
4268486418
4268427807
4268529182
4268344514
4268411098
4268422026
3032927558
4268526669
3428925783
4268495086
3033671346
4268505187
4268594585
4268478696
4268066950
4268341587
4268524587
3034212054
4268677113
4268284332
4268332783
4268065430
4268333180
4268411458
4268317292
4268342537
4268496075
4268022714
4268022697
4268332014
4268596655
3032981977
3032927576
4268528590
2494588901
4268503081
4268640135
4268317698
4268432523
2830584739
3428925694
4268428040
4268041987
4268429264
4268411322
3428921629
4268527383
4268332818
4268494729
4268494519
2494253075
4268591642
4268066556
4268484739
4268409815
4268485847
4268347036
4268597037
4268317156
4268341434
4268040998
4268323057
4268503936
4268347145
4268494574
4268320682
4268430822
4268425894
4268424843
2830070540
3033671687
3926933665
4268284548
4268331181
4268449178
4268460611
4268620491
4268286205
4268521040
2830584717
4268319250
4268521914
4268066605
4268495663
4268409566
4268284313
6733300635
3032927678
4268466686
4268422743
6798347837
4268638471
4268324793
4268527004
4268528403
4268450825
4268496703
4268457140
3362034257
4268485255
3399367632
4268408921
4268465927
4268526560
2830577432
4268505725
3428925735
4268478752
4268284767
4268330180
4515919879
4268484884
4268344288
4268621421
4268460812
4268286153
7214674758
4516264800
4268591677
4268456583
2494571767
4268593289
4268319986
4268478279
4268332017
6797623932
4268066188
4268529383
4268523338
4268409185
4268627634
4268335511
4268523439
3362030670
4268331002
4268620663
4268530544
4268285817
4268426773
4268321614
4268450938
4268450879
2044641255
4268333489
4268625369
4268320491
4268497350
4268519238
4268484025
3428935115
4268624876
4268449205
4268316347
4268593462
4268319277
4268432456
4290628615
4268663193
4268620415
4268407962
4268449616
4268345849
4268456942
4268343559
4268505832
4290637298
4268627396
4268458210
4268335945
4268343729
3034211812
4267984673
4268494607
4268620830
3032927431
4268479177
4268478012
4268424272
4268344916
4268321498
4268529099
4268337695
4268528875
4268628712
4268633313
4268337380
4268494778
4268332661
3428925824
4268484995
4268341601
4268321111
4268408499
4268344512
4268334318
4268627129
4268637214
4268346774
4268478557
4268624773
4268499502
3032737564
4268633700
4268342377
3032737602
4268023361
4268525693
3358537110
2394927981
4268528244
4268465945
4268333666
4268023884
4268485883
4268065443
4268466546
3032242565
4268530004
4268596565
4268420938
4268457191
4268332703
4268325029
4268411587
4268634731
4268316644
4268344519
4268485402
4268407583
4268406747
4268331578
4268285821
4268595364
4268341135
4268342440
4268458094
4268406015
4268324913
4268330607
4268336633
4268503546
4268316125
4268408728
4268480282
4268431929
4268645195
4268526995
4268330208
4268625729
4268342421
4268526178
4268333636
3428926249
4268520270
4268457979
6733830988
2494571772
4268408002
4268041123
4268595237
4268335929
4268485844
4268421893
4268503338
4268023405
4268065411
4268320278
4268023869
4268334581
4268284469
4268467132
4268040571
4268459380
4268425013
4268342055
4268498714
4268498540
4268625619
4268410209
4268024076
2300558677
4268321727
4290526370
4268528359
4268318120
4268621377
4268459190
4268525750
4268494808
4268485514
4268530736
4268067003
4268526359
4268423993
4268520336
4268317236
4268040990
4268336504
4268347029
4268064836
4268346991
4268478006
4268064331
4268478687
4268596366
4268521590
4268593960
4268506535
6251488557
4268479743
4268478209
4268344236
4268528810
2494253062
5637332005
4268406058
4268427066
4268023990
4268594313
4268484658
4268503363
4268317756
4290455262
5191536463
4268064841
4268284280
4268431130
4268479975
4268285772
4268465361
3358517951
4268449245
4268530724
4268485999
4268406085
4268521829
4268628373
4268319050
4268284434
4268466885
4268422751
3358883311
6733527042
4268337336
4268670383
2424256244
4268530648
4268318359
4268431637
4268595865
4268494873
4268319421
4268496541
4268330204
4268333788
4268285187
4268628992
4268485257
4268521602
3399367594
4268494440
4268600505
4268429407
4268530102
3358313111
4268423057
3358385032
4268642995
4268430804
2213172278
4268041098
4268495124
4268521365
4268530496
4268422713
4290576089
4268340606
3033671629
4268347067
4268527659
4268425830
4268321159
4268040948
4268345385
4268316034
4268321243
7692242771
4268323044
4268331696
4268347234
4268041915
4268340253
4268334251
4268424634
4268410648
2494588943
4268064230
4268427117
4268335324
4268342019
4268344610
4268330647
4268595950
2829627616
4268338861
4268429929
4268422133
4268285270
4268626140
1952237336
4268410305
4268477226
4268596170
4268477601
4268340310
4268505955
4268521853
4268432014
4268315876
4290647932
4268346339
4268467293
4268522855
2318718727
4268503318
6733583661
4268596184
4268529190
4268342292
4268285837
4268628778
6733756849
4268283438
4268022933
3033671432
4268466500
2494268534
3358313099
4268428426
4268593380
4268411017
4268284610
4268494861
4268319666
4268621645
6711343443
4268459340
4268449611
4268522128
4268596267
4268337839
4268456222
4268480032
4268335150
4268316276
4268318924
6798365078
4268340181
4268620078
6733713550
4268406017
4268448979
4268461540
4268283663
4268486956
4268592842
4268333090
4268345695
4268595075
4268505858
4268625292
4268425729
4268521991
4268632957
4268409121
4268408940
3033375118
3927481594
4268592334
4268408241
4268507521
4268495123
4268428114
4268478939
4290526769
4268065405
4268638067
4268530395
4268407691
4268333884
4268640763
4268456302
4268024017
4268406673
4268337204
4268339341
4268430902
4268522463
4268450648
4268333885
4268465716
4268595628
4268339421
4268335499
4268420664
2627456252
4268522833
4268640729
4268456228
4268343746
4290711453
4268432017
4290471885
4268499295
6798194598
4268477365
4268527812
4268338102
4268407559
4268341243
4268285764
4268486001
4268526424
4268528137
4268456433
4268459824
4268342035
4268422700
4268336935
4268285742
6733688428
4268324181
4268426867
4268593737
6798229309
6798236837
4268341524
6733731339
4268642947
4268625826
4268330483
4268485766
4268066701
4268333783
4268329724
4268507102
4268596946
4268496490
4268458777
4268064190
4268431271
4268420382
4268640749
4268343829
3033671299
4268624832
2494603575
4268341395
4516359275
4268426591
6733780342
4268409719
4268066649
4268333532
4268411024
4268344467
4268449125
4268341355
6733612869
4268497367
4268337281
4268484055
4268464892
3033706814
4268330153
4268317813
4268425684
4268525476
4268410498
4268331956
4268410979
6531366515
4268592932
4268592712
4268323426
4268499288
4268503493
4268525727
4268322525
4268022837
4268411603
4268457944
4268322983
4268318028
3428922044
4268406976
3358702504
4268485490
4268342530
3033374803
4268423735
4268409775
4268427348
4268644666
4268625789
4268337692
4268637422
4268338236
4268479695
4268525808
4268449888
4268637241
4268643096
4268423851
4268423894
4268593370
4268428596
4268422781
4268459830
4268450744
4268424261
4268485463
4268478548
4268431835
4268329655
4268332824
4268677477
3309481133
2829627564
4268642822
4268626509
4268344490
4268420588
4268519745
4268333519
4268422977
4268424449
2494269294
4268486508
4268410996
4290772412
4268325027
4268324180
4268424134
4268524251
4268593608
3399390707
4268320849
4268627364
4268340732
4268479546
4268408424
4268338014
4268495626
4268449058
4268498636
4268340276
3033688969
4268524650
2494268503
4268065374
4268342419
4268526521
4268527839
4268424105
3032737407
4268638416
4268458732
4268335221
4268626658
4268633282
4268284050
3034371049
4268448316
3034211901
4268479268
4268336648
4268318928
4268626041
4268408218
4268344793
4268624507
4268343331
4268420701
4268315857
4268633693
4268421276
4268374757
4268329357
4268411377
4268519256
2494563266
4268526049
4268664671
4268343622
4268520914
4290454958
4268485060
4268064825
4268423420
4268598934
4268479055
4268459115
4268042002
4268428424
4268420886
4268485308
4268342247
4268683885
4268332718
4268329740
4268467018
4268431554
4268466057
4268480281
4268637496
4268484106
4268480128
4268424156
4268425898
4268340442
4268621537
4268634583
3032737587
4268523897
4268596957
4268640226
4268420823
4268407861
4268592699
4268345007
4516342905
6733308493
4268620440
4268620771
3428938641
4268319128
4290486197
4268430848
3400351824
4268321783
4268023576
3428942775
4268486323
4268464633
4268592777
4268423302
4268427661
4268480294
4268637381
4268620326
4268486098
2494268438
4268334154
2522245691
4268591955
4268408981
3033706715
4268337527
4268486805
2830577443
4268407000
4268330047
4268424744
4268430014
6733603198
4268486173
4268341900
4268484468
4268596658
4268337202
4268335866
4268422722
4268466872
4268467034
4268595197
4268456106
3033671610
4268335589
3032737722
4268505203
4268339796
3362030631
4268332816
4268336392
4268496310
7156604790
4268458107
4268409737
4268330971
4268484678
4268503622
4268318961
4268410903
2522213076
4268494311
4268339620
4268321000
4268341728
4268345945
4268449086
2400583044
4268066904
4268409278
4268409923
4268410374
4268284756
4268450854
3358549830
4268339524
6733688641
4268464759
4268519644
3033706981
4268626646
4268640330
4268428621
4268449387
4268422036
4268458136
4268283604
4268626181
4268346606
4268458691
4268592258
4268409522
4268465819
4268334159
4268494840
4268318325
4268620070
4268448665
4268503553
4268342678
4268285996
4268341405
4268448783
4268346426
4268460586
4268459826
4268407449
3428942851
6733631871
4268342480
4268495721
4268285242
4268347078
4268422197
6733832009
6733526100
4268495320
4268522907
4268333485
4268459555
4268486293
4268420564
6733739405
3034356673
4268498010
4268338690
4268040774
4268407903
4268458900
4268425451
4268431479
4268318043
4268478348
4268423037
4268494958
4268464632
4268346726
4268522294
4268316843
4268466720
2830080853
4268316110
4268523972
4268342993
4268316913
4268409234
4268448067
4268499016
4268484892
4268337427
4268330211
4268450483
3005427161
4268505590
4268626555
4268505680
4268456784
4268336061
4268339418
4268317685
3399763030
4268317433
4268620950
4268448535
4268626506
4268530744
4268344978
4268529070
4268503589
3033688907
4268346141
4268345323
4268316148
4268283864
6733749072
4268456678
4268624409
4268430372
4268593571
4268526349
4268428275
4268338653
3428929559
4268465085
4268495040
4268628750
4268335577
4268485404
4268465059
4268421954
7676307728
4268466101
5870435988
4268507568
4405475113
4268284542
4268336500
4268420723
3428950571
6798347115
4268335152
4268424052
4268408980
4268642921
4268342064
4268424009
4268485453
4268450188
4268637474
3428922017
4268527852
3032938109
4268522465
4268423710
4268527660
4268594980
4268503632
4268338274
4268528910
4268431977
4268408484
4268450849
4268523547
4268594273
4268430909
4268478344
4268317047
4268333076
3428950481
4268426910
3033386972
3033375391
3428921578
4268425613
4268597256
4268465063
4268627701
2400532437
4268425283
4268596281
4268334475
4268465972
4268507980
3428938624
4268624894
4268319869
4268406773
4268041514
4268341163
4268622624
4268336451
4268407600
4268457182
3428934992
4268479182
4268485922
4268337753
4268520037
4268023297
4268425603
4268448033
4268423706
3428921537
4268322436
4268345288
4268458203
4268595772
4268496032
4268410658
4268523758
2494603698
4268450154
4268466408
4268319603
4268594636
4268596989
4268335308
4268431187
4268410451
2830580133
4268529367
4268422606
4516276732
4268336387
4268628033
4268316606
4268431336
4268529437
4268406899
3032927690
4290647140
2830080815
4268638114
2830580117
4268458868
4268335430
4268318146
4268321157
4268421808
4268340504
4268347118
4268466181
4268461116
4268065399
4268640695
4268522350
4268622343
4268410434
4268407121
4268498877
3032982253
4268628687
4290629519
4268518943
4268595295
4268430885
4290710984
7816101202
3399347120
4268460577
4268449921
4268421630
4268423772
4268410372
4268506967
3428921574
4268498809
4268525675
4268483983
4268428066
4268345929
4268522454
4268480284
6733679111
4268040712
4268466892
2821643596
3428921494
4268465119
4268637266
4268331603
4268340678
2494580102
4268331950
4268424234
4268411318
4268529675
4268333833
4268318210
4268409538
4268339235
4268284759
4268041785
4268431446
3428925737
4268461530
4268506487
4268424500
2829949801
4268334652
4268621711
4268410008
3400340020
4268478334
4268333501
4268316851
4268411429
4268426877
4268457509
4268522268
4268633008
4268346567
6733723033
2400552308
6887626119
4268495151
4268338211
6733309214
4268497769
4268344095
4268345865
3399249379
4268320257
4268423411
4268477386
4268503691
4268407091
4268484976
4268323663
4268430188
4268041199
2494268446
4268457081
4268411096
4268643654
4268637667
4268345576
4268285035
4268319675
4268339169
4268519000
4268620277
6798355479
4267984636
4268519983
4268332257
4268346261
4268337702
4268316925
4268640141
4268485897
3033671487
4268592516
4268594428
4268524608
4268430746
4268285071
4268625578
4268427956
4268479892
4268450555
3362047305
4268505889
4290638697
4268520917
4268424232
4268503161
4268420544
4268066246
6798146177
4268422598
4268410552
4268330220
6798189365
4268424662
4268448285
2829935915
4268456340
4268523128
4268339394
4268317248
4268410606
4268626172
4268339861
4268411226
4268431783
4268504389
4268638123
4268432393
4268522575
4268458123
4268065914
3358537104
4268421439
4268315816
4268041679
4268620709
4268432042
4268477726
4268319167
4268624658
4268342369
4268593025
4268450617
4268324867
4268066978
4268644517
4405654583
4268594314
4268040606
4268495513
4268318026
4268449981
4268334502
4267984637
4268485975
4268065104
4268467161
4268466693
4268283830
4268343763
6733536928
4268411083
4268528386
4268284379
4268478158
4268344260
4268495649
4268324068
4268504240
4268504340
4268066341
4268504528
4268333168
4268340965
4268448415
4268338955
3033375228
2627448371
4268461483
4268285116
3399379056
4268523231
4268523184
4268426198
4268457600
2854904824
6733678755
4268528528
4268407266
4268459379
4268593574
4268317408
4268448656
4268410682
6797572468
4268411115
6463893033
4268411739
4268478765
4268522480
4268643088
4268450253
4268629650
4268329436
4268640625
4268427915
4268343886
3032982217
4268637144
4268485540
4268425788
4268329965
4268411016
4268410024
4268596493
4268317294
4268480199
2494253050
4268448361
4268041224
4268421472
7494914104
4267984653
4268023597
4268524137
4268424868
2494267750
4268065438
4268642611
4268592947
6746199125
4268467148
4268479270
4268467308
4268640113
4268339823
4268337520
4268425650
4268627654
4268431134
4268637397
4268335065
6733526108
4268449049
4268503454
4268065954
4268411148
6733781816
4268529563
4268494837
2216299109
4268524255
5747416164
4268330807
4268478875
4268424126
4268421015
4268065257
4268332680
4268335551
4268335576
4268065587
4268425117
4268460832
3033706342
4268428286
4268632772
4268450762
4268065775
4268633741
4268522404
4268409011
4268319330
4268496157
4268485611
4268503928
4268315617
4268477559
4268529566
4268495568
4268495921
4268485142
3032927291
4268410873
4268450723
4268641262
4268625819
4268343003
4268338576
4268495184
4268644484
4268457942
4268498143
4268477544
4268485235
4268596598
4268065932
4268430168
4268330486
4268596295
3399347012
4268345941
4268621034
4268402955
4268340069
4268411304
4268411690
4268640234
4268458005
4268457264
4268041302
4268459243
4268465510
6733789774
4268520949
4268519851
4268329614
4268504539
3033706396
4516287963
4268528881
4268457219
4268529269
6733517982
4268427656
4268527712
4268428430
4268041772
4268420908
4268507761
4268323514
4268478196
4268478038
4268316645
4268480267
4268345078
4268427511
4268640206
4268422276
6733756042
4268321721
4268023293
4268426162
4268458723
4268626004
4268427678
4268594260
4268425605
4268323189
4268422538
4268335088
6531330117
4268496128
2044618826
4268411620
2331331184
4268324245
4268485258
4268486854
4268318181
4268467048
3428950564
4268477450
4268428523
4268344689
4268596332
4268321731
4268041233
4268064548
4268324666
4268323490
4268329475
4268409824
4516287014
4268649422
4268432508
4268427198
4268486950
4268494423
4268285062
4268619958
4268596074
4268449185
4268520669
4268465057
2494576848
4268642557
3358701620
4290476076
4268449715
4268320476
4268522846
4268285931
4268592976
3033706546
4268527592
4268330934
4268411619
4268456404
4268427139
2830555709
3033689391
4268316608
4268523563
4268411680
3428926237
3428946910
4268642916
4268343987
4268410497
7180356188
4268637205
4268676896
4268499341
3399326944
4268620961
4268505091
3302294458
4268448025
4268316804
4268627686
4268341772
4268423410
4268322381
6733823630
4268478488
4268428153
4268506648
4268317400
4268322565
4268041563
4268066571
4268321444
4268345538
4268040900
4268337913
4268422043
4268456908
4268520966
4268409459
4268633739
4268340232
4268284247
4268499215
4268408260
4290538359
4268333562
4290629418
6733300805
4290647972
4268332815
2494267835
4268319395
4515989072
3032737743
4268643453
3318372886
3033375023
4268427833
4268346056
4290553918
4268329404
4268460059
4268485790
6733814567
4268458083
6733678743
4268408454
4268345572
4268423718
4268408606
4268593055
4268406848
4268505757
4268339628
4268525027
4268485698
4268457613
4267984773
4268458535
4268425349
4290443276
4268324641
4268286312
4268336069
3033671678
4268466278
4268480204
6733574312
4268464875
4268638111
4268339410
4268484937
4268486084
2165619736
4268495233
4268484075
4268316078
4268319252
4268334573
4268409757
6798373706
4268406982
4268595805
4268478720
4268411396
4268485181
4290696871
6733697653
4268496817
4268022732
4268429959
4268457270
4268324177
4268421971
4268343576
4268338118
4268422494
4268336052
4268331239
4268321837
4268317697
4268522019
4268625540
4268342500
4268409314
4268484014
4268592213
4268485310
4268478157
4268041526
4268316903
4268498619
6746164613
4268624600
4268457315
4268429829
4268338242
6798373178
2830089461
4268431108
4268339739
4268334105
4290501140
4268620278
4268040937
4268478673
4268526499
4268466595
3033706582
4268449458
4268426075
4268466256
4268506591
4268284738
4268530512
4268592531
4268429930
4268427654
2494253042
4268596442
6733678603
2494269276
4268643532
4290768503
4268336502
4268495357
4268506934
4268066634
4268345080
4268334470
4268406822
4268421879
4268480253
4268334249
4268409727
4268321187
4268485438
4268424030
4268507665
4268593485
2529136238
4268505732
4268340323
4268322963
4405441970
4268528083
4268528644
4268346905
4268334237
4290637964
4268320267
4268411180
4268321197
4268430900
4268494845
4268424920
3399230042
4268459637
4268066278
4268344318
4268620261
4268519641
4268523324
4268461310
4268334232
4268459090
4268410886
4268040539
4268422945
4268411497
4290480933
4268331171
4268626051
4268485983
4268342155
4268284232
4268505462
6797614959
4268421478
4268592493
4268424340
2089175859
2089175457
2089172762
2089167561
2089165636
2089165634
4268346300
4268411329
5652688908
4268466509
4268448781
4268421764
4268408365
4268530870
4268448889
3428922046
4268527209
4268345314
4268466283
4268637213
4268407061
4268624427
3428943185
4268519702
3428938714
4268407635
4268431550
4268323029
4268466124
4268518773
4268337851
3927375328
4268449456
4268505230
4268422067
4268321015
4268594226
4268430142
4268283413
4268637390
2830584720
4268626584
4268633297
4268334625
4268339503
4268334195
4268497106
4268528319
4268409437
4268339632
2830607807
4268507292
4268322392
4268343352
4268594923
4268426789
4268664633
4268318831
4268596331
4268644950
4268627670
3399311938
4268485873
4268486008
4268286462
4268337305
4268458565
4268529514
4268041384
4268345398
6531350315
4268345143
4268595796
4268422050
4268329748
4268346347
4268323148
4268458377
4268041628
4268503586
4268405992
1918287606
4268638178
3033689024
4268284663
4268486630
2830080836
4268457708
4268478791
4268426995
4290660561
4268431617
4268283865
4268320057
7614739856
4268448982
4268479036
4268627535
4268425752
4268628304
2627454470
4268497430
4268422968
3309499031
6733748867
4268669909
4268332795
4268593546
4268627011
4268465461
4268530890
4268407466
3428942861
4268332479
3428938648
3428922043
4268465047
4268345195
4268519320
4268325120
4268431378
4268592339
4268340391
4268408217
4268479851
4268023529
3399769319
4268529127
4268465997
4268460389
4268479301
6746134160
4268486213
4268393130
4268427517
4268340794
4268530409
4268460608
4516292955
4268406168
2830070487
4268521704
4268343959
3428925777
4268456434
4268342050
4268340342
4268408942
4268409380
4268640501
2829627321
4268522923
4268428032
4268339101
4268523912
4268504368
4268336646
4290553677
4268484118
4268284273
3032982196
4268448984
4268495557
4268465982
4268429823
4268422249
4268321100
4268422075
4268345118
4268347189
4268484825
4268478466
4268340793
4268637388
4268496697
2830070516
4268430619
4268428392
4268340104
4268064950
3033671756
4268338132
4268484402
4268333646
4268040954
4268496499
3032981918
4268321538
3399389213
4268521864
3358684784
4268324307
4268342493
4268284720
4268485306
4268449450
4268428341
4268345862
3428939119
4268066723
4268420457
2355076921
4268410500
4268642261
4268449699
6733688374
4268629932
4268040934
4268504870
4268315340
4268484886
3034211834
4268421169
3362042523
4268504299
4268411314
4268066645
3033375175
2331922014
4268329615
6798197114
4268637416
4268479491
4268466773
4268627986
4268506746
4268529654
4290510818
4268320520
4268410522
4268625320
4268499350
4268478387
4268335125
6797572473
3033706499
6733738566
4268640680
4268409750
4268506279
4268460535
4268340223
3032748213
4268484785
3399311907
4266897618
4268320146
4268458119
4516292003
4268484676
2830577436
4268411122
4268466393
4268065386
4268529166
4268284285
4268321790
4268424743
4268485577
4268066288
4268526233
4268505114
3358686985
4268421820
4268407189
4268323511
4268423435
4268421224
4268406091
4268620968
4268457875
4268318378
4268317788
4268335393
4268495544
4268496381
4268285064
4268620835
4268485444
4268643076
4268466993
3362032729
4268333052
4268336388
4268520179
4268066209
4268319778
4268459656
4268425178
4268592255
4268497161
3052992484
4268330603
4268594781
4268528483
4268591662
4268450245
4268316838
4268494371
3428921661
4268428550
4268640251
4268329421
4268637447
4268495700
3428935057
4268422955
4268466592
4268485487
2494268508
4268319587
4268484365
4268461435
6733583908
4268338016
2627453094
4268426074
4268496636
4268596169
4268430586
4268344507
3033689266
4268486629
4290442885
4268322348
4268066046
4268457982
4268593933
4268459288
4268332372
4268345631
4268431518
4268504081
4290486386
4268340295
4268477384
4290497720
4268335364
4268284381
4268344286
3033706885
4268591517
4268503733
4268496907
4268479968
4268596485
4268457164
4268484791
4268337846
4268338561
4268319956
4268449984
4268335869
4268427358
4268333805
4268406164
4268409535
4268456105
4268342513
2395006927
4268525932
4290696204
6797639232
4268041477
4268450250
4268592219
4268593781
4268624486
4268626176
4268457746
4268329737
4268431022
4268530698
4268338786
4268526243
4268466780
7880123137
4268431190
4268041692
4268523836
2400574639
4268324740
4268593650
4268285169
4268526734
4516281351
4268420903
4268494965
2830080851
4268341248
4268041153
3399367665
4268335428
4290660608
3033671208
4268663403
4268485759
4268346025
4268406199
4268316605
4268503833
4268478701
6733527052
4268315327
2830580070
4268484928
4268519261
4268526667
4268330819
2830555750
4268409751
4268626654
4268523382
4268484881
4268343320
4268479375
4268592180
4268346259
4268423378
4268479385
4268485933
4268459466
4268506167
4268505080
4268341501
4268410433
4268425465
4268479059
4268421167
4268284768
4268506198
4268343873
4268430463
4268424908
4268627347
4268316948
4268504927
4268320043
4268337735
4268461366
4290548861
3033689422
4268317051
4290576286
3362030643
3033706836
4268320119
3005421560
4268341170
4268023897
4268480225
4268337248
7214761759
3032981980
4268466524
4268343283
4268411467
4268427757
4268340701
4268494306
4268485967
4268595729
4268503523
4268421884
4268457168
4268330050
4268449794
4268407570
4268486712
4268504922
6798347388
4268321039
4268408236
4268457398
4268320284
4268495644
4268449702
4268285355
2494269260
4268041101
4268317446
4268347141
4268507139
4268478945
4268448723
4268507967
4268641258
4268466030
4268528643
4268503937
2649168885
4268333407
4268330639
3358313105
4268504405
4268593925
4268530373
3033375180
4268286401
4268023947
4268330139
4268334823
4268519003
4268460039
4268346461
4268325024
4268637958
4268426793
4268595744
4268041246
4268627555
4268484394
4268624376
4290460199
4268484225
4268286269
4268425392
4268495692
3032737801
3428938695
4268477794
4268485225
4268318020
4268285307
4268323667
4268434376
4268324274
4268507079
2830577362
4268632787
4268423389
4268484220
4268466430
4268479654
4268426156
4268346005
4268331573
4268622145
3004765652
4268284059
4268406813
4268593255
4268456959
4268421313
4268283833
4268409399
4268317402
3399389214
4268424628
4267984766
4268496898
4268479074
4268411227
4268497108
4268426036
4268479387
4268458249
4268486628
4268521328
4268407009
4268422838
2195426134
4268527280
4290637993
4290497666
4268499284
4268410542
4268449487
4268528682
4268422259
3428950504
6733593661
4268332379
4268316242
4268320728
4268316115
4268458110
4268449990
4395155112
4268325111
4268329358
4517373643
4268457437
4268522141
4268430051
4268495251
4268342188
6733592894
4268283355
4268503842
4268633518
4268422857
4268467038
4268497844
4268628172
4268477822
4268478136
4268421540
4268526641
4268320866
6733823671
4268478590
4268425559
4268495483
4268422942
4268339498
4268641256
4268625809
4268284636
4268448217
4268466216
4268449908
4268522932
4268343178
4268450110
4268638036
4268411365
4268342294
4268338829
4268621024
4268643071
4268633438
4515987958
4268627261
4268594214
4268461219
4268464720
4268041758
4268526445
4268344528
4268323953
4268321568
4268325084
4290486062
4268420466
3032737598
4268285718
4268332033
4268485332
4268505869
4405703368
4268622764
4290637429
4268529574
4268520063
4268596282
4268344259
4268458324
4405467099
6733678744
4268318152
4268323529
4268503917
3927439823
4268334750
4268064776
4268496068
4268431476
3032927835
4268505387
6746299289
4268335480
4268426869
4268523282
3033671194
4515978481
4268457296
4268641852
4268460911
4268318900
4268466692
4268065398
4268486103
4268334216
4268343754
4268526486
6733555059
4268407088
4268494585
4268343619
2830580135
4268495008
4268424687
4268620804
4268593036
4268411055
4268494756
4268528040
4268337463
4268506692
4268627632
4268064453
3033717824
4268592217
4268478491
4268423365
4268466103
4268420858
4268486668
4268638464
4268520576
4268448706
2627445142
4290443283
4268430124
4268423065
4268529550
3032927790
4268406989
4515934944
4268343315
4268526858
4268420699
4268633183
4268343781
7650009395
7649861501
4268333644
2494269312
4268424544
4268622347
4268527373
4268448677
3005262116
2830080877
4268638063
4268626615
4268423626
3032927402
4268407348
4268637469
4268638152
4268334350
4268530553
4268459447
4268448376
4268594427
4268507280
4268408041
4268637989
4268324822
3033700243
4268344395
4268285259
4268628167
4266897619
4268322338
4268340722
4268342509
3428922048
4268329902
4268529380
4268629187
4268344486
4268528593
4268408465
4268041383
2830080875
4268521573
4268432048
4268458285
4268507629
4268595268
3399327066
4268457042
4268448347
4268524283
4268424992
4290628960
4268421172
5255935614
4268477533
4268346551
4268592867
4516262659
4268632807
4268628069
4268494593
4268338115
4268626045
4268318945
4268040741
4268332270
3428950912
4268485022
4268284815
4268284376
3399367667
4268041408
4268450874
4268340199
4268457487
4268465125
4268408320
4268315565
2494580052
4268499513
4268410752
4268486702
3362042499
4268630036
4268459506
4268285780
2829945363
4268284286
4268529962
6797605926
4268619997
2829935926
4268621970
4268422805
4268426845
4268022795
4268346893
4268457696
4268593402
4268627100
4268341103
4268423178
2829935699
2830080884
4268494373
4268484706
4268458255
2830580184
3399347058
4268640776
4268427638
4268285379
2394994817
4268420796
4268498602
4268343669
4268523283
4268625023
4268466407
4268461538
4268466614
4268316075
4268430874
4268285336
4268595355
3399347064
4268335291
4268522362
4268284014
4268523185
4268460652
4268284647
4268426797
3428946877
4268485397
4268425434
4268341618
4268065548
4268594546
4268530806
4268519458
4268466915
4268506846
4268624706
4268495520
4268479959
4268450651
4515988018
4268338304
4268591678
3362042529
4268495260
4268428303
4268520254
4268323658
4268333068
4268330896
4268065802
4268528577
4268527182
4268594076
4268430123
2830080809
4268322873
7214802804
4268505246
4268408901
4268465300
4268626606
4268285775
6733797814
4268449650
4268627083
4268338060
6797605938
2830584768
4268343939
4268422640
3033688925
4268640430
4268408488
4268497126
4268285485
4268323419
4268625420
3926933611
4268430472
4268456146
4268504282
4268425057
4268478238
2829627609
3358684868
4268426262
4515953936
4268324988
4268339024
4268519137
4268421850
4268410156
4268624438
4268331098
4268421134
4268450287
4268334476
4268528630
4268504012
6733572935
6711285633
4268486210
4268320172
4268522376
4268065547
4268426963
4268344945
3399769361
4268459871
4268458902
4268332586
4268484933
4268479909
4268478850
4268285158
4268431147
3033375214
4268346267
4268503915
4268498454
4268450876
4268523213
4268316035
4268524271
4268466800
4268424898
4268503082
4395150354
4268409527
3032981988
4268520097
4268495959
4268423620
4268335314
4268432024
4268286067
4268041008
4268456913
4268592773
4268523142
4268625564
4268527598
3033706991
6798424247
4268459853
4268644142
4268461440
4268522533
3033706695
4268341619
4268507936
4268023603
4268637465
4268595357
4268286339
4268333829
4268464821
4268593016
4268495025
5247928416
4268596087
4268066182
4268506838
3033386975
4268499173
4268478615
4268428233
4268410363
4268503384
4268484610
4268334519
4268065621
4268066328
6798296478
4268336293
4268425124
4268285170
4268639977
2829627613
4268519094
4268521057
4268479378
3358538491
4268066627
4268479480
4268519005
4268421539
3033374672
4268504578
4268495017
4268339554
4268322656
4268317730
4268477826
4268425254
4268320938
4268317189
2494268501
2627446767
2406783877
4268420681
4268479189
4268467104
4268423010
4268317038
4268422040
4268299186
4268640154
4268467177
4268346829
4268497254
4268315353
6733603628
4268424895
4268494556
4268633383
4268408710
4268427213
4268422821
4268456282
4268343041
4268286082
3927437482
4268332231
4268527729
4268335897
4268498913
3399347105
4268498130
4268342508
4268422268
4268529753
4268345075
2494588113
4268424865
4268422501
4268485423
4268317411
4268486865
4268342022
4268634005
4268324617
2829627576
4268633441
4268526312
3032982314
4268664838
4268624355
3399347006
4268458869
3032927757
4268064221
4268334157
4516283657
4268432074
3034211908
4268066215
4268477800
4268422144
4268066606
4268428028
4268486634
4516287955
4268503635
3358684788
4268329656
4268427028
4268284984
4268449819
4268408352
4268428051
4268529004
2522257829
4268335535
4268346628
4268343919
4515988044
6797572465
4268524551
4268486604
3399347138
4268450735
4268525798
4268525501
6798339349
3032927715
4268407115
2829945330
4268410598
4268317128
4268407443
3399327187
4268423708
3358883195
4268410614
4268628276
4268626088
4268503674
4268449204
4268333853
2626642139
4268484051
4268284796
4268506224
4268335909
4268406745
6733688077
4268319154
4268505390
4268321719
4268520895
2494588855
4268423480
4268641102
4268626508
4268323911
4268317163
4268406868
2494580072
4268522523
4268497427
4268524884
4268484960
2494267743
4268504095
4268524090
4268283454
4268066564
4268337295
4268523120
3033689035
4268633069
4268329353
2522244545
4268519911
4268626565
4268041898
4268331552
4268527139
4268334452
4268318809
4268478323
4268450867
4268498718
4268519119
4268527632
3033166478
4268286222
7330553866
7330559906
4268408795
5877041317
3428929590
4268337641
3428946863
4268066603
4268461298
4268495537
4517378349
2830580176
4268620016
4268496087
4268336438
4268425003
4268449569
4268424204
4268484146
4268494483
4268485792
4268064653
4268494986
4268343784
3318366197
4268316844
4268318108
3362049522
4268423261
4268329762
4268342430
4268459326
4268422134
4268495321
4268339387
3399761686
4268429920
4268495257
3358883309
4268449752
4268595002
4268458003
4268485678
4268458984
4268409354
4268420744
4268319507
4268330684
4268640737
4268498633
4268340198
4268663068
4268522138
4268622025
4268321547
4268457584
4268450778
4268663170
4268529356
2183368119
4268450331
4268346678
4268594710
4268409082
4268408490
4268485034
4268320037
4268322353
4268486215
4268427476
4268628275
3362047336
4268457175
5774507607
4268461263
4268410624
4268332848
4268460326
4268594030
4268595062
4268641269
4268640347
4268486201
4268344533
4268430646
4268421551
3399236632
4268427458
4268503410
4268478478
6733573146
4268458990
4268331120
4268633706
4268458529
4268323052
4268495091
4268494508
4268424550
4268526933
4268524324
4268458913
4268317235
4268431379
4268340432
4268465430
4268596782
4268506170
4268320867
4268594276
4268461057
6797572469
4268450348
4268503601
4268485544
4268321340
4268411736
4268594773
4268319527
4268496984
4268505231
4268411171
4268530721
2829945317
4268430829
4268040681
4268343911
4268346272
4268643537
4268346828
4268504003
4268335419
4268333614
4268521525
4268458246
3032927398
4268408468
4268338571
4268593799
4268041582
4268627731
4268319551
4268332941
3428925716
4268465071
4268496743
4268634730
4268341630
4268431965
4268478777
4268499086
4268449778
4268428135
4268522663
4268458276
4268459601
4268023985
4268023348
4268503852
3032927601
4268324193
5257684211
4268427794
4268498414
4268525229
4268432440
4268425871
3399390664
4268664794
3399327100
3033671588
4268335181
4268283589
4268041970
4268496167
4268621045
4268421427
4268520175
4268525414
4268593685
6797614638
4268337233
4268496371
4268507130
4268458488
4268466151
4268347233
4268529180
4268495259
4268504817
4268065345
4268525909
4268494348
4268637249
4290711295
4268338947
4268596880
4268423225
6733721475
6733650970
4268478339
4268663732
4268040581
6797580406
4268465013
4268640070
4268333681
1918667648
4268643496
4268459653
3399347052
4268496969
4268505346
4268478316
4268337234
4268503933
4268625252
4268630235
4268486007
4268477678
4268525389
2494602733
4268594065
4268461503
4268285578
4268484515
3428942685
4268332458
3399327131
3428925746
2830555773
4290711652
4268425747
4268407855
4268526509
4268504343
3034213617
4268431373
4268497381
4268285315
4268465814
4268335401
4268317696
4290596020
4268624900
4268336366
4268503735
4268316083
4268345534
2830080847
4268449818
4268591742
4268480108
4268323627
3399367762
4268344096
4268425687
4268457880
4268478822
6797658410
4268466882
4268333710
2830580063
3428939147
4268519459
4268023902
2494269363
4290711147
4268341228
4268459862
4268640085
4268333171
4268341547
4268425761
4516282415
4268331978
4268422776
4268332959
4268466810
4268504442
4268427667
4268519934
4268594202
4268320266
4268596624
4268430844
4268528342
4268343349
4516283604
4268448778
4268425727
4268625661
4268064840
4268041968
4267984662
4268464849
4268450943
4268330620
7160896860
4268499037
3032938098
4268066298
4268498614
4268338145
4268448753
4268623259
4268285903
4268503297
4268024013
4268406165
4268318909
3428950576
4268521247
4268596584
4268431250
4268286338
4268324162
4268503460
4268450247
4268335926
4268505591
4268519689
4268457333
4268421928
6733780533
4268336075
4268022594
4290526403
4268342171
4268334478
4268640229
4268594584
4268066074
4268423767
4268022894
4268337931
4290476086
4268503503
4290711347
4268484792
4268642823
3032737614
4268322708
3032982283
4268408403
4268480040
4268621718
4268459972
4290647420
4290486054
4290553803
4268335898
4268526476
4268530386
4290460452
4268411111
4290455106
4268315946
4268497820
4268506869
4268638110
4268323924
4268626118
4268620321
4268408999
4290637962
3033671490
4268529533
4268504188
6733773182
2494603731
4268448063
4268485951
4268480176
6733670764
4290498042
4268428777
4268431371
4268333410
4290548597
4268325011
4268466842
4268322929
4268066959
4268321552
4268321380
4268480196
4290472135
4290476099
4268466674
4268449493
4268344047
4268284135
4290628805
4268426128
4268428138
4268485526
4268593027
6733301660
4268409788
4290515723
4268341283
4268425731
4268040546
4268522930
4268521303
4268528269
4268529589
4268321160
4268523962
3926920123
4268620299
4268023322
4268408019
4268319199
4268430549
4268334192
4268337255
4268422963
4268329419
4268527336
4268335951
4268324780
3399307798
4268331799
4268448976
2394993050
4268284816
4268620514
4268315841
6582804739
2830089464
4268499379
4268316890
4268448763
3399327020
6733688173
4268424900
4268593499
4268323985
4268345313
4268428677
2159948951
4268521165
4268430654
4268593871
4516292513
4268527819
4268457700
4268499523
4268426067
4268486509
4268478595
4268466013
4268340206
4268478871
4268620128
4268485546
4268318326
4268322305
4268066568
4268593595
4268525533
4268457695
4268320441
3399347021
2830584678
4268494324
4268400012
4515987877
4268503934
6733790881
4268507006
4268318648
4268066725
4268458480
4268343787
4268525228
4268320182
4268317014
4268485843
4268529021
4268322313
4268495676
4268524181
4268341640
4268507496
4268320726
6733309031
3399236633
4268429859
4268331343
4268023977
4268625399
4268495300
4268411246
4268449430
4268344009
4268431566
4268338641
4268625637
4268428155
4268316442
4268461132
6733301034
4268320329
4268497908
4268424568
4268320710
4268594289
4268336378
4268638466
4268315815
7539346239
7585429657
7693910548
7669795333
7648537989
4268347041
4268593254
3033374819
4268422486
4268329314
4268596715
3032982210
4268477799
4268430289
4268337326
4268464627
4268503325
3033671753
4268449751
4268064983
4268521467
4268521944
6733661077
4268479929
6733747843
4268449592
4268480171
3428934966
4268320139
4268320475
4268523929
4268345604
4268340058
3399327009
4516281359
3033689295
4268450271
4268338806
4268690278
4268595315
4268283521
2494268543
4268409349
4268345933
3428942828
4268316924
4268478906
4268407441
4268341531
4268430605
4268459452
4268464664
4268342732
4268495248
4268337976
4268065177
4268525825
4268333445
3033671406
4268344273
4268426209
4268525911
4268596333
3358883323
4268411020
2522257930
4268432027
4268317571
2830555700
4268428327
4268321217
3033688936
4268527884
4268596433
4268338043
4268485200
4268338225
4268334674
4268407135
1923768766
4268497685
4268503621
4268425699
4268478477
4268411172
4268496795
4268466554
2088270329
4268467055
4268448391
4268422894
4268330136
4268640055
4268479099
4268320354
4268322970
4268621584
6733525819
4268486622
2830584751
4268477569
4268593523
4268428203
4268335327
4268505090
3399367625
4268421838
4268432322
4268504234
4268333004
4268339831
4268634008
4268319314
4268448590
4268427598
4268424419
4268330014
4268421907
4268628050
4268316627
4268494626
4268627115
4268431042
4268323775
4268334751
4268322340
4268408479
4268466523
4268466238
4268410453
4268503705
4268335542
4268520623
3033671228
4268457287
4268527716
4268335231
4268319824
4268431577
4268524235
3796091360
4268633476
4268407674
4268041422
4268040814
3033706711
2494563269
4268479175
4268496495
4268466017
4268341245
4268478153
2830565153
4268591201
4268330608
6798355475
4268634115
4268494624
4268409881
2829627238
4268420963
4268465448
4268422191
4268503314
4268625543
4268503525
4268335137
4268495636
4268317326
4268283809
4268431636
4268345944
4268340367
3032982350
4268459217
4268643053
4268347102
4268593351
2494603639
4268523256
4268329904
4268497675
4268322845
4268337639
4268317414
3428950917
4268409460
4268465765
4268329776
4268341710
4268283794
3308133920
4268338808
3362030612
4268461387
4268448210
4268332010
6733554578
4268420760
4268634167
4268425649
4268523086
4268332228
4268593408
4268596313
4268423935
4268504533
4268594631
4268427291
4268494975
6798197798
4268339018
4268506913
4268431102
4268324672
4268494552
4268504381
4268465445
4268504545
4268320271
4268530630
4268319988
4268528447
4268620207
4268424650
4268640638
4268411268
4268286062
4268340659
4268457035
4268390150
4268478709
4268529795
2839236263
4268458044
4268448283
4268596079
4268330857
4268504861
4268431185
4268339639
4268628213
3358517960
4268625209
4268460076
4268064665
4516354937
4515990308
4268507503
5810798742
6798365602
6798314603
4268459450
4268638119
4268676920
4515953954
4268528119
4268344908
4268334631
4268495196
4268336470
4268485015
4268504029
4268479944
4268448479
4268420546
3032938106
3400341481
4268503206
4268503387
4268479278
4268430216
7504731563
4268424427
4268477659
4268521838
4268496598
4268593369
4268456594
4268498632
4268422891
4268427954
4268319943
4268503776
4268023491
4268066652
3927059315
4268594573
4268640167
4268423699
4268519047
4268620234
4268406511
4268338070
3032737576
4268283472
4268286390
4268330038
4268506485
4268428637
4268480262
4268478816
2494588104
3034211632
4268485484
4268458423
4268409930
4268495637
4268333022
4268330502
4268041266
2829627435
4268421617
4268459415
4268407462
4268332506
4268331731
3927381744
4268477956
4268449471
4268324344
4268341625
4268620520
4268330872
3033671387
4268522057
4268340374
4268335912
4268494998
4290647071
4268411488
4268596084
4268467380
3927372557
4268432086
4268408910
4268485003
3428929613
4268592861
4268410729
4268626012
6733641229
4268478498
2830580192
4268529378
6733660423
2500699242
4268521275
4268528254
4268411010
4268322345
3033700247
4268431720
4268486490
4268319407
4268339525
4268477376
4268465103
4268628727
4268041840
4268338431
4268335180
4268457466
4268318059
4268495087
4268407776
4268530422
4268633626
4268023277
4268406969
4405663212
4268324753
4268507234
4268424838
6798271038
4268425303
4268331277
3428929601
3927379649
7386611200
4268527833
4268591514
4268409903
2494571756
4268065856
4268626514
4268625725
4268592281
4268466894
4268633619
4268524742
4290638090
4268340194
4268299175
4405703283
4268325028
4268518983
4268529355
4268315741
4268591952
4268285266
4268506197
4268633607
4268524996
4268336478
4268480121
4268591504
4268430858
4268496172
4268505555
4268458817
4268421901
4268503624
4268427587
3926965873
4268626437
4268023399
4268448805
4268342350
4268504531
3428946838
4268635213
4268458234
4268345744
2494563304
4268592993
4268336630
3032927479
4268459912
4268465267
4268519127
4268408288
6733564453
4268458264
4268424690
4268477536
4268023254
4268593480
3358882069
6733573200
4268331654
4268524764
4268332805
4268496323
4290596535
4268522614
4268339174
4268330587
3358537163
4268527006
4268520455
4268477359
4268065971
4268427939
4268324909
6798289336
4268319464
4268484408
4268526934
4268459665
5889741360
4268456407
4268341249
4268459532
4268411693
4268503793
4268525503
4268339028
4268422060
4268319299
4268428548
4268461374
4268632825
4268319072
4268448213
6533455227
4268593645
4268593735
4268620130
4268066110
4268467171
4268494575
4268410731
6798373216
4268504822
4268526730
4268494614
2830565086
4268333589
3033671433
4268527570
4268625648
4268506984
4268317216
4268340220
4268329678
4268485685
4268334783
4290576191
4290659336
4290628217
4268458469
4268338798
6733756710
6797623616
4268620264
4268505698
4268521161
4268341040
7658247704
4268323673
6531313557
4268324954
4268596177
4268023048
4290660546
4268478870
4290526471
6798146179
4268477291
4268518963
4268040777
3399379039
4268486727
4268064164
3033374848
4268315913
4268316392
4515954084
4268410758
4268663076
4268450254
3032927716
4268342740
4268429382
4268344233
4268406671
4268343743
4268341511
2522253722
4268466734
3399311904
4268507839
2494588853
4268595484
4268503998
4268499064
6797657703
4268334618
4268628595
4268457637
3033706866
4268337319
6797639797
4268411230
4268457511
4268457092
4268318639
4268346150
4268343268
4515979048
4268316651
4268329441
3033688909
4268345777
4268458813
4268337174
6798382477
4268065585
4268329407
4268495090
6797572651
4268528121
4268336493
4196526087
4268409091
4268504836
4268457372
4268621051
4268408020
7894745646
4268409902
6797606287
6798356302
4268593665
4268486339
4268528219
4268022997
4268624875
4268484929
6733705137
3428950904
4268519687
3399367680
4268420696
4268431096
4268343006
4268498140
4268066181
6733526090
6798390085
4268428018
4268346084
4268345021
4268431516
7279821684
4268334109
4268321101
4268497070
4268334600
2494253082
4268323679
4268338190
4268507104
4268426970
4268676854
4268448207
3034211532
3032737584
3399379200
3428942751
4268284637
4268332916
3428925904
4268485206
4268345837
4290526617
4268317710
4268596573
4268332671
4268333420
4268639343
4268318996
4268426098
4268596545
4268411132
4268457090
4268504136
4268331597
4268343333
4268485413
3032737558
4268339232
4268494601
4268629523
4268503541
4268407477
4268411633
4268345290
4268423982
3032982025
4268340936
4268341244
4268520452
4268426391
3033688893
4268504132
4268460952
4268450927
4268316315
4268346240
4268503552
4268494460
4268527602
4268505247
3399389308
4268333091
4268505227
4268479313
4268640238
4268466223
4268621581
4268458728
2522248344
4268065915
4268459117
4268526480
2520906302
2494268431
4268479604
4268286252
4268065960
3399389307
4268526697
4268334665
3796091359
4268480277
4268286245
4268319630
4268406929
4268656536
4268064935
2494267843
4268520497
3400351826
4268323908
4268495020
4268507286
4268522033
6733631273
4268420464
3428946807
4268529187
4268331306
4268323075
4268522536
4268426110
4268322881
4268339060
4268634036
4268342376
2830584710
4268450026
4268591470
4268022771
4268479566
4268406907
4268596182
4268485337
4268316465
4268625544
4268633463
4268597000
4268323853
4268458597
4268421193
4268505553
4268430847
4268420712
2494603679
4268494853
6746198848
4268518832
4268620042
6798295826
4268496358
4268461447
4268627130
4268478065
4268460120
4268633046
3796091358
4268431621
3032982388
4268486530
4268343694
4268466187
4290638672
4268478356
6798261811
4268428244
4268497936
6746242672
4268316895
4268592691
4268628726
4268337578
6798389626
3032981928
4268319336
4268363642
3406646233
4268425461
4268521379
4268318217
4268406354
4268065101
4268346561
4268633124
6733309516
4268505915
2355076915
4268460436
4268322327
4268623071
4268621122
4268467050
4268334494
4268458159
4268458076
4268465883
4268507603
4268320264
4268406695
4268479219
4268596007
4516282430
4268332169
4268427665
4268521966
4268041638
4268319693
4268283559
4268519987
4268343182
4268498368
4268503378
6798330235
4268496937
3927392870
4290596781
4268457199
4268456628
6733554861
4268319268
4268324092
4268428471
4268495545
4268450779
4268628702
4268640374
4268342071
6798134825
4268621111
4268429405
4268423961
3358702353
4268424382
6733554569
4268428165
4268346274
4268494549
4268522656
4268331287
4268428061
4268624634
4268324907
2627448528
4268495792
4268428587
4268637623
4268431357
1923560358
4268431366
4268421471
4268520981
4268495964
4268338935
4268407309
3033689017
4268529179
4268477693
4268041519
4268324140
6711349412
4268324940
4268464580
4268407410
4268495373
4268456911
3358539579
4268611321
4268040533
4268626540
4268484243
4268319451
4268405997
4268066608
4268495131
4268428232
4268344930
3399347017
4268456930
4268284292
3362032644
4268460306
4268479550
4268422434
4268316479
4268341338
4268521062
4268064353
2494267749
4268596030
4268633593
4268504190
4268466107
4268621036
4268424671
4268460047
4516274066
4268430612
3399367546
4268529097
4268345105
4268285222
4290647434
4268346992
4268619928
4268064880
2394927978
3033706575
4268424854
4268638029
4268066238
4268064326
4268346675
2494536303
4268486324
4268320981
4268465775
4268521978
4268321611
4268486605
4268023251
4268431345
4268407805
4268411350
4290640024
4268333228
2494576750
4268341620
4268423111
4268427970
4268591532
6733661094
4268406166
4268316067
4268410572
4268596270
4515990298
4268315560
3032927675
4268334534
6798331169
4268330886
4268624506
6120308143
4268331905
4268459619
4268411532
4268320000
4268065432
4268318985
4268640756
3927435137
4268457612
6798323321
4290476426
4268421563
4268410603
4268316732
4268526122
4268448387
5191344286
4290526686
4268322409
2829627434
4268496726
4268526380
4268424637
4268065556
4268407572
4268507516
4268507435
4268477336
4268431620
2830584724
4268504393
4268507261
6733757196
4268494688
3034211821
4268065777
6746329427
4268460051
2534965052
4268466002
4268338908
4268520923
4290628413
4268466803
4268316093
4268335298
6733603605
4268485479
4268041251
4268345066
4268504399
4515987956
4268420895
4268524485
4268456259
4268524192
4268619878
4268479181
4268457131
4268334483
4268331168
4268486603
4268524300
4290515740
4268497130
4268283586
4268323671
4268458865
2318762984
4268629188
4268528970
4268477219
3033671323
4290480968
4268427680
4268332391
4268337590
4268522222
4268422630
4268065330
4268430047
2494253064
4268480467
4268406198
4268456213
4268465266
3358882538
4268320854
4268420385
6733747774
4268409163
4268593701
4268408482
4268424149
4268503426
4268317263
4268335885
4268422182
4268331855
2494588947
4268334164
4268286250
4268066316
4268466284
4268591512
4268486432
4268430139
4268430895
4268497961
4268066226
4268498637
4268424633
4268320869
2494588017
4268498460
4268410439
4268627625
4268066596
4268621035
4268407444
4268337555
4268499079
6733536437
3428930024
4268644354
4268331161
4268461054
2829935951
3399376018
3399367607
2830584756
4268343018
4268333097
4268457926
4268286447
4268407234
4268320882
4268458438
4268485853
6733651090
4268064897
4268485047
4268457755
4268424535
4268340112
4268467221
3399311952
4268411667
4268322938
4268430383
6797615148
6797571730
4268594078
4268041804
4268345416
3428950936
4268628259
4268427090
4268286234
4268321652
4268494427
4268066753
4268318148
4268334444
4268428547
3399311838
4268066254
3033375242
2830580069
4268637272
4268421930
4268591511
3032927724
3033671580
4268458078
4268521166
2394993049
4268503603
4268466758
4268503537
2830584685
4268461208
4268524182
4268594963
4268318096
4268527367
3358323384
7214122296
4268522964
4268593900
4268420950
3358883263
4268519646
4268523094
4268528484
4268023619
2627454591
4268407726
4268644152
4268596463
4268621446
6798330793
4290659350
4268479266
4290471964
4268066351
4268457843
4268593124
4268040888
4268285011
4268424732
4268332209
6733831689
4268424268
6711355139
4268333069
4268317240
4268593500
3358883212
4268407511
4268506195
4268495148
4268317064
4268336628
4268593556
4268594071
6733622932
4268283955
3399763036
6733517604
4268458385
4268520261
4405646894
4268406762
4268592225
4268329948
4268065262
3032242575
4268591482
4268339526
6733621644
4268409476
4268627482
4268464825
4268344043
4268426781
4268485912
4268460029
4268022696
4268499458
4268464920
4268528323
4268324613
4268620859
6937719135
4268337789
4268596797
4268411123
4268592416
3428938687
4268466914
4268332053
3399389232
3399327127
2243900497
3032737409
4268329647
2830580103
4268529333
4268346787
4268319836
4268448956
4268633074
4268411356
4268410562
4268527232
4268408233
4268344411
2494576748
4268425486
4268041405
4268466241
4268479866
4268331722
4268480200
4268421221
4268432100
4268527291
4268024082
4268284830
4268411102
3428929622
4268640666
4268324227
4268457138
4268522259
4268316905
3428921506
4268449836
4268023983
4268450802
4268529042
4268478653
4268324655
4268592490
4268340802
4268422439
4268478855
4268339310
4268428690
4268408140
4268409428
4268485846
4268624583
4268338685
4268485569
4516283664
4268632990
4268477215
4268495381
4268429370
4268411043
4268331823
6733536008
4268331869
4268410566
4268458544
4268041284
4268518824
4516276698
4268320183
4268335329
4268338562
4268320512
6711320182
4268625379
4268495618
4268344701
4268595579
4268425644
4268424627
4290460192
6733814917
4268431815
2494602654
4268450626
4268427630
4268429917
4268040952
4268344377
4268422108
4268023515
7107131732
2829950026
4268422329
4517324854
4268620447
4268424144
4268529189
4268321177
4268479674
4268619915
4268421934
4268479923
3032927551
4268320569
4268064355
4268332040
4268336409
4268318930
4268500463
4268342442
4268338106
4268663089
4268317380
4268066113
4268458620
4268411636
4268337923
4268627512
4268465108
4516373536
4268478282
4268424081
4268317405
4268285296
2044630399
4268496698
2627448341
4268524556
4268428784
4268331725
3428926253
4268507009
4268592765
4268431183
3033706535
4268432469
4268637415
4268521965
4268023261
4268459548
4268347103
4268022935
4268644595
2829935869
3399356995
4268503587
4268066646
4268340271
4268525654
4268457728
4268024016
4268486516
4268427089
4268345394
3428921608
4268335198
4268449961
4268066227
4268339518
4268430380
4268346513
4268504386
4268343221
4268596459
3033706718
4268424871
4268424630
4516288032
4268423976
4268466552
3362034275
4268286467
4268524767
4268467283
4268505104
4268341636
4268023190
4268333065
4268317541
4268407244
4268336260
4268596592
4268449470
4268595923
4268424947
3399379145
4268040697
4268411114
3399761675
4268318361
4268525904
4268338130
2494571850
4268448441
4268407739
4268337935
4268519252
4268320765
4268478451
4268064371
4268336275
4268503721
4268495304
4268459279
4268410506
4517373475
4268428477
4268424976
4268041736
4268627631
4268467203
4268466584
3428929517
3399379181
4268450546
4268465164
4268642677
4268527356
4268339249
4268335373
4268480166
4268344231
3399379114
4290443065
4290638728
4268338435
4268596413
4268427350
4268432087
3032982169
4268345796
4268333701
4268424613
5774449572
4268593649
4268420704
4268411177
4268449909
4268591702
4268478776
4268456964
4268503423
4268409756
3032982021
4268335492
4268457585
4268498821
4268478940
4267984660
4268065441
4268643177
4268345166
4268485750
4268503421
4268319635
3399326983
4268344509
4268518835
4268339058
4268593240
3926902085
4268484012
4268683909
4268340059
4267984611
4268529207
3399327111
4268334360
4268335222
4268621080
4268478423
4268494619
4268041290
4268329725
4268339642
3032737557
4268421114
4268323910
4268316841
4268343356
4268521545
4290538196
4268625211
2311985637
4268339390
4268319385
4268524521
4268465232
4268424907
4268406036
4268332031
4290595766
4268484091
3033671390
4268495364
4268477222
4268499459
4268339591
2494602738
4268530740
4268324699
4268284543
4268420991
4268524349
2494252994
4268429905
4268332698
3034211973
4268591391
4268620814
4268528871
2044620394
4268335936
4268318822
4268450683
4268410487
6798304171
4268317678
4268285512
4268477982
4268634149
4268485238
4268340389
4268335415
4268465842
3399367679
4268410684
4268331584
4268457431
3033706505
4268526270
4268427084
2616587397
4268495670
4268024060
4268321570
4268460409
4268344503
4268286285
4268336197
4268284727
4268317363
4268485398
4268457912
4268530880
4268519640
4268507304
3428929661
4268334418
4268041277
6733799080
4516277713
4268333623
4268460973
4268411713
4268450638
2494602633
4268484236
4268486562
4268467315
4268427772
4268333521
3032982259
4268319608
3428930017
4268458000
4268622258
4268283517
4268317746
4268346736
4268464904
4268422283
6798152761
7214186757
6733739678
4268484867
6733756258
4268620960
2287354446
4268345730
4268317734
4268345778
3032982208
4268331144
4268627938
4268317187
4268663081
2830577401
3428947300
4268425381
4268346166
3399769320
4268523755
4268497694
3034277860
4268503401
4268507594
4268507991
6733696159
4268595052
6733790808
3927363501
4268333118
4268627656
3034277878
4268420867
6109583510
4268635091
4268424005
4268408529
3927481530
4268337292
4268329466
4268341191
4268458821
4268426149
4268620586
3399763020
4268426020
4268592647
4268643147
6733756990
4268345948
4268407379
4268323348
4268520749
6797572136
4268448799
6733687398
2830080822
4268520168
4268407096
4268495669
4268426173
4268593239
4268449684
4268676870
4268423677
4268420702
4268466605
4268411166
4268338480
4268594397
4268406852
4268064205
4268638094
3032737908
6746313029
4268041973
4268431122
4268526903
4268458075
4268344810
4268625469
4268324953
4268654991
4268323175
4268344099
4268335059
4268065515
4268518834
4268528290
4268322411
4268593217
3399327045
2494571845
4268024093
4268486375
4516272047
4268285166
4268505243
4268504394
6798228911
4268411026
4268593267
4268346055
3362043938
4268322355
6797614953
4268423966
4268023561
4268477449
4268592776
3358323421
4268458622
2830080821
4268627537
2126560139
4268422545
4268346301
4268485525
4268505098
4268040878
4268421064
4268339406
4268422965
4268023678
4268343598
4268422976
4268496768
4268320709
4268423144
3358382352
4268525735
4268456129
4268466714
4268066602
4268407649
4268479064
2829627429
4268040513
4268341621
3399378988
4268339314
4268449183
3033671639
4268346494
4268064264
4268341053
4268527687
4268320033
4268478632
4268525661
4268408707
4268340739
4268321223
6733747463
4268448414
4268333015
3428950579
4268346027
2830584762
4268411674
4268465178
4268525690
4268519827
4268423045
4268525594
4516282388
4268484207
4268408892
4268621748
3358701661
4268450037
4268479014
4268344111
4268526925
4268529747
4268479245
4268333085
4268335273
4268323509
4268529370
4268285044
4268485098
4268336009
4268409133
4268340423
4268497355
4268332730
4268449750
4515948878
4268526488
4268066216
4268459068
4268284765
4268637947
4268345718
4268335828
4268343180
4268344116
4268592435
4268591623
4268641096
6733749061
4268591513
4290501231
4268626679
4268426338
4290489627
4268336004
6798388821
4268321335
4268432434
4268478734
4268464823
6002336433
4268341739
4268507383
4268320273
4268346844
4268339658
4268466756
4268499508
4268591231
4268479911
4268485355
4268466434
4268625732
4268425031
4268345355
4268407544
4268426624
4268627561
6733798436
4268495988
4268464645
4268066207
4268507922
4268524116
4268338481
4268486633
4268479548
4268319432
4268465781
4268318243
4268342045
4268479499
4268524875
4268594235
4268408880
4268521603
4268336658
4268485307
4268528639
4268503659
4268023209
4268625575
3362042515
4268461552
4268320698
4268466609
4268529132
4268623615
1918655018
4267223633
4268466042
4268459810
2494603674
4268319416
4268346477
4268503692
2522213073
4268620518
4268023398
4268495111
4268625571
4268459461
4268479971
4268620113
4268341424
4268422237
4268619910
4268424991
4268479928
4268318348
3399762976
4268642990
4268426595
4268424657
4268529238
6798388842
4268339576
4268332724
4268316634
4268467169
2627452945
4268495287
4516263895
4268522573
4268334148
4268526485
3358513502
4268504005
4268407968
4268341330
4268330815
4268286378
3033375001
4268407265
2829935967
4268449770
4268425037
4268334670
4268624545
6733308962
4268040955
4268530617
4268429685
4268525021
3032982091
4268458349
4268346922
4268320580
4268626236
4268628693
4268633300
4268591940
4268634171
4268627823
4268330333
4268505941
4268065772
4268528893
4268344881
4268479913
4268610993
3034277875
4268627352
4268503429
4268330345
4268331087
4268283831
2830555749
4268624827
4268686353
4268625771
6798381625
4268478671
4268496163
4268457053
4268321247
4268342006
4268520354
4268479035
4268519046
2830070294
4268411489
4268526809
4268457275
4268407894
4268340101
4268343852
4268337583
4268499245
4268342412
4268315509
3399389278
4268420596
6733830929
4268459338
4268456865
6798365795
4290638775
4268344304
4268499103
4268593949
4268041920
4268523132
4268466579
3033689131
6798315132
6798322515
4268342444
3033688919
4268333422
4268428279
4268448757
4268330416
2627445131
4268408100
4268316037
4268622727
4268333172
2494580094
3034211625
2494603693
4268340773
4268595951
4268317069
4268430775
4268594959
4516359617
4268406125
4268041120
4268420775
4268524436
4268448585
3033375087
4268450814
4268522672
4268315640
4268316992
4268459028
3399375995
2830089475
4268621058
4268408245
4268022674
4268520556
4268504400
4268341377
4268494403
4268465851
4268450870
4268479639
4268421084
4268595879
4268593572
4268431151
4268341374
4268316589
4268527640
4268337542
3033689409
4268430930
4268345531
4268428304
4268022698
4268448402
4268430908
4268427932
4268338477
4268324763
4268479930
4268503778
4268422493
3362047308
4268520443
4268432073
3034371047
4268620066
4268407562
4268425007
4268494535
4268528645
4268478357
4268495723
4268677645
3033960614
2829627479
4268330536
6733731243
4268457815
4268284805
4268633007
4268337956
3033706398
3399389204
4268591759
4268423801
4268329585
4268422001
4268431649
4268321582
4268461265
4268345786
4268407563
4268686396
4268496083
4268023380
4268041799
4268486976
4268427585
4268341837
4268430128
6733747793
4268066961
4268331946
4268504363
4268346738
4268521049
4268407246
4268467051
4268479073
4268427742
4268520281
6798389044
4268333765
4268345878
4268334261
4268524585
4268409308
4268456145
4268409533
4268424279
4268283557
4268458981
3362049524
4268594410
4268422780
4268420961
4268626285
4268507549
3033375376
4268637279
4268344695
4268425135
4268485857
6733536646
4268424108
2520906761
6711355034
4268320231
3034211691
4268422820
4268465569
4268521575
4268406204
4268333447
4268625698
4268458866
4268460602
4268638558
4268526402
4268524487
4268448609
2830584761
4268410966
4268344805
4268643179
4268467369
4268284735
4268457648
4268065217
4290767166
4268457390
4268626179
4268592767
4268339665
4268457634
2494563335
4268504821
4268040950
4268346724
4516264500
4268637377
4268426376
4268466481
4268341902
4268520950
4268643625
4268507313
4268333586
4268424787
4268459872
4268409513
3399390662
3399307786
3399367578
4268410721
4268409838
4268333886
2626642224
4268409028
4268336435
4268530050
4268430783
4268064413
4268458263
2829627452
4268667507
3033689527
4268506620
6733622813
4268526364
6746789986
6727049608
4268408368
4268316428
2627445145
4268022804
4268336654
4268499354
4268424416
4268332446
4268496930
4268431119
4268464880
4268066965
4268592452
4268640187
4268336429
4268343954
4268524814
4268064279
4268336295
4268479030
4268456284
4268023076
4268633137
2376108283
4268528595
4268329549
4290659859
4268425048
4268066158
4268466851
4268591634
4290638655
4268066076
4268634106
4268627875
4268406991
4268041122
3926965425
4268335923
4268411661
4268424102
4268625318
4268320846
4268407908
3033689442
3927501192
4290767261
4268321700
4268624501
4268338285
4268330967
4290638566
4268409893
4268431834
4268457087
4268431091
4268286124
4268332769
4268478982
4268315793
4268621985
4268065835
4268505902
4290660399
4268407374
4268525024
4268522772
4268430024
4268339078
4268024094
4268283627
4268626161
4268428629
4268495647
3032927834
4268504356
4268456329
4268506870
4268530474
4268596159
4268496369
4268316422
4268284009
4268523097
4268507505
6798270367
4268459590
4268411375
4268339103
6733309074
4268620635
6733747474
2494588084
4268519753
3358517932
4268628181
4268466093
4268411485
4268339663
4268663682
4268495141
4268518874
4268465440
4268496318
4268411018
4268410214
4268331264
4268285192
4268064927
4268464659
4268497066
3033671699
6733573510
4268594977
4268503390
4268336135
4268317703
4268457711
4268477720
4268464968
4268464879
4268422238
4268064335
4268466226
4268522327
4268466252
4268499030
4268330677
4268640253
4268425606
4268066084
4268466969
4268065580
2494253031
6733641110
4268633477
4268529785
4268496453
4268066660
4268345789
3034211604
4268041811
4268457045
4268320254
4268322738
4268407228
3032982433
4268331678
3033374738
4268628672
4268333122
4290711581
4268592621
4268465882
4290637868
4268320349
4268448756
4268479570
4268485382
6733300881
6733678489
4268340282
4268663274
4268495783
4268346646
4268592529
4268477152
4268411261
4268346754
4268494962
4268480001
4268425939
4268528992
4268425763
4268432140
4268459772
4268596518
4268529053
4268457527
4290548899
4268022596
4268504493
4268450541
4268319438
4268591383
4268498750
4268411240
4268503114
4268322351
4268486486
4268477199
4268479553
4268333374
4268523197
4268335350
4268065667
4268408619
4268337573
4268634175
4268627825
4268286263
4268485263
4268318038
4268637392
4268336916
4268504625
2755260800
4268424623
4268458258
4268332645
4268041688
4268323666
4268465177
4268320612
4268316916
4268466941
4268478961
4268410703
4268040813
4268421066
4268478751
4268285405
3428946896
3399379205
2494253059
4268644908
4268339528
3033688998
4268342723
2626642169
4268427166
4290647594
4268285501
4268427026
4268498158
4268498402
4268065485
4268421444
4268432409
4268484017
4268624351
4268625641
2522259399
4268065854
6797605897
4268638568
4268479420
4268322937
4268421589
4268342211
4268285810
4268339657
4268340293
4268337411
4268340011
4268337848
4268621047
4268633536
4268520105
1918667644
3309478727
4267984756
4290460383
4268406516
4268315977
4268530125
4268528898
4268479614
4268406828
4267224167
4268431760
4268317479
4268321143
2830580136
4268339062
4268340481
4268484024
4268457960
4268637856
4268408362
4268332836
4268066715
4268488630
4268430008
4268506227
4268337707
4268341713
4268066183
4268341722
4268478302
4290697034
4268427330
6531313550
4268066648
4268494874
4268421335
4268628705
4268523422
4268458626
4268343632
4290711549
4268505753
4268525570
4268334539
4268519748
4268339623
4268041810
4268315926
4268344511
4268431021
4268320448
4268478969
3033689289
4268334742
4268529148
4268525993
4268478057
4268420444
4268407880
4268407461
4268319246
4268520356
4268285765
4268333737
4268332088
4268316505
4268504366
3033689547
4268345042
4268325014
4268423945
4268449761
4268431241
4268320215
4268430711
4268317421
4268337315
4268316099
4268504458
4268341367
4268449093
4268343538
4268330600
4268465022
4268324821
4268479783
4268424811
4268628762
4268525057
4268523099
4268625392
4268324908
4268338659
4290647598
4268317897
4290443071
4268626264
4268641263
4268621224
4268324257
6733650603
4268337440
4268426902
4268407197
4268450873
4268425735
3033375385
4268458759
4268504371
4268406676
4268423910
4268339565
4268518966
2494603585
6798288766
4268332402
4268346916
4290476182
3033689497
4290595723
4268424179
4268041977
4268456203
6798347182
4268449951
4268638084
2522257781
4268624992
4268342431
4268317742
4268427552
4290638747
4268594307
4268323411
4268528255
4268406998
4268458889
4268506205
4268320206
4268425490
4268518837
4268527450
4268503722
2627448349
4268422959
4268315799
4268336474
4268457809
4268460837
6798206515
4268407273
6798373495
4268340050
4268337368
4268315733
4268041497
4268621551
4268505290
4268423374
4268425364
4268410622
4268316985
7824530784
7817997976
4268523090
4268503111
4268338348
4268429817
4268479176
2494253055
4268425125
6798340149
4268319058
4268339386
4268428113
4268431052
4268643139
4268505439
4268637617
4268458892
4268332654
4268619962
4268333863
4268344997
4268410462
4268479758
4268640156
2522249645
4268421543
4268410091
4268620068
4268346913
4268316449
4268319706
4268494551
4268409397
4268041960
4268595895
4268332644
4268420578
4268456327
4268625489
3033960615
4268319373
4268410911
7107957165
7107544646
7105656974
7105743369
4268457546
4268041500
4268345421
3033706844
4268461128
4268485623
4268410649
4268422149
4268486679
4268521553
4268407620
6798143351
2494576742
6733689527
4268499530
4268450344
4268411590
4268495926
2627454569
4268620303
6797572411
4268621576
4268486736
4268023617
4268338452
4268406667
4268339817
4268596298
4268644068
4268592202
3428929656
4405469995
4268461455
3399326939
4268480223
4268521505
4268663093
4268333001
4268065821
4268408284
4268431263
3399390667
3399307792
4268620360
6733755969
4268420592
4268424836
4268632823
3033689568
4268425711
4268066918
4268479078
4268322344
4268429866
4268285796
4268633049
4268317094
4268023089
4268322991
4268637463
4268324315
3033689418
4268331981
4268337264
4268592204
4268428377
4268411327
6797639024
4268477378
4268431128
4268422652
4268335471
3032242581
4268040660
6797572722
4268423275
4268421124
6733301374
2829627553
3034211734
4268478214
6745788438
4268591304
4268521709
4268408559
4268627461
4268285507
4268360143
1923588785
4268336407
4268498367
4268337413
4268336433
4268530669
4268465412
4268337756
4268519624
4268524499
4268456436
4268506129
4268329390
6798305101
4268596166
4268503383
4268322562
4268341690
4268408674
4268066663
4268284351
4268526206
3033374823
4268459177
3032981884
4268466677
4268408970
4268521485
4268320469
4268522073
4268428245
4268634147
4268041523
7368391036
4268335448
4268459608
4268640698
4268431702
4268338329
4268324034
4268486376
4268591310
4268064237
4268409816
4268406784
4268424365
4268640133
4268420516
4268449256
4268407338
4268426331
4268478454
4268450067
4268465092
4268450716
4268503641
4268041820
4268478304
4268411313
4268529568
4268334536
3032748194
4268450705
4268527814
4268621029
4268518842
4290537994
4290553995
4290486050
4268625662
4268450318
4268408099
4268345048
6969238385
2394970232
4268407579
4268330296
4268333509
4268457777
4268663185
6619596978
4268284267
4268464742
4268644262
4268408115
4268620969
4268319644
2522249282
4268336584
4268064400
4268407362
4268449076
4268495816
4268066717
4268342036
4268322426
4268345686
2318740402
4268499337
3033374911
4268324910
4268346191
4268346649
4268495203
4268425187
4268340413
4268460103
4268333425
4290767022
4268317797
4268624655
2494602732
4268629024
2758412350
4268458220
3033706686
4268408105
4268507309
3428947269
4268422915
4268486099
4268626554
4268430462
4268594711
4290638458
6733756928
4268319702
4268529345
4268465405
4268518758
4268495673
4268620779
4268596544
4268409895
4268343788
4268424440
6733554965
4268340213
4268342405
4268430134
4268064206
2494580074
4268407046
4268530654
4268485810
4268504494
4268528799
4268528371
4268496132
4268496773
4268022709
4268485745
4268486422
4268633134
4268518944
4268625416
4268422451
4268449466
4268427359
4268478979
4268430385
2494602658
4268411554
6798314276
4517343748
4268316900
4268344484
6798197796
4268430561
4268478826
4268425211
4268592155
4268422514
4268409446
4268284734
4268316535
4268286253
6975474527
4268526303
3428938703
4268526830
4268316050
4268486930
4268331147
4268321795
2183375787
6798197328
4268503174
4268340992
4268346957
2355076700
4268519732
4268343804
4268320246
4268495156
6798119775
3034211648
4268591981
4268479165
4268322942
4268485772
4268528891
4268479669
4268320770
2830580161
4268344493
4268499020
4268663404
2627454501
4268527241
4268340547
4268450818
4268519209
4268626245
4268065390
4268426882
4268448307
4268315861
4268426334
4268284803
4268065527
4268431957
4268498082
4268330591
3033688928
4268421430
4268411450
4268456351
4268527596
4268322721
4268465065
2183366878
4268503626
4268596127
2183367510
6733789516
4268411009
4268428054
4268427080
4268466392
4268620683
4268457366
4290538206
4268343381
4268340564
4268450486
4268335171
4268286316
3034212003
4268424570
4268503951
4268467139
4268329518
4268331633
4268422213
4268428689
4268428247
4268479473
4268320103
4268486005
4268422047
4268453702
4268465976
3796099098
4268479511
4268466905
2494563306
4268461534
4268522980
4268448446
4268420481
4268527714
4268530714
3033706965
4268344772
4268633488
4268499409
4290548961
4268459864
4290538307
4268529709
3796102055
4268411583
4268284489
4268634214
4268505860
4268486135
4268411563
4268591614
4268333092
4268430173
3796102056
2183366880
4268285050
4268425876
3796091357
4268596358
4268343455
4268594366
4268424137
4268321580
4268594993
4268456532
2494571758
4268316255
4268449006
4267984600
4268495021
3033706851
4515929832
4268522679
4268064663
4268640786
4268316888
4268066005
4268593943
4268520762
4268283963
4268345674
4268622113
4268424677
4290696182
4268467225
2494563224
4268622259
4268637439
5247324983
4268324329
4268495049
4268638547
4268641179
4268527429
4268332853
4268318905
4268526545
4268634393
4268466574
6733791027
2183368118
4268422162
4268284336
4268040682
3032927649
6798389298
4268330635
4268320702
4268040620
4268428413
4268408028
4268494580
4268426764
4268465890
3033689341
4268024003
4268619970
4268330130
4268484864
4268041426
4268633543
2829627581
4268495543
4268339112
3032737693
4268286097
3032982370
4268424316
4268285100
4268022772
4268521204
4268065788
4268593297
4268406926
4268486888
4268467152
4268431424
4268466761
4268505388
4268346185
4268456202
4268345875
4268286676
4268528406
4268464893
4268023613
4268592279
4268346257
4268333440
4268023564
4268467145
4268410298
3034212004
4268496134
4268338946
4405670269
4268459987
4268407507
4290497762
4268408220
4268459357
4268427425
4268284695
4268342465
6798381714
4268323787
4268424887
4290697068
4268333002
4516262175
4268431325
4268525058
4517345554
4268520220
4268527817
4268448062
4268634176
4268527398
4268337512
4268411342
4268409500
4268496380
4268324619
4268520990
4268633381
4268064575
4268485554
4268624998
4268344565
4268332002
4268422447
4268426771
4268335224
4268420934
4268525738
4268528862
4268507388
4268633053
4268333117
4268424934
4268320171
4268479933
4268499335
4515989940
4268457416
4268040537
4268317442
4268315356
4268644536
4268643724
4268620366
4268320860
4268322466
4268526372
4268485591
4268633437
4268430350
4268465985
4268341200
4268620437
4268431570
4268458154
4268317036
3428922013
6798340204
4516282713
4268526133
4268424873
4268318109
4268640679
4268627188
4268316859
4268284705
4268343425
4268040960
4268620661
4268494514
4268527177
4268339539
4268342564
4268407284
4268331839
4268632977
4268525972
4268411103
4268519903
4268336376
4268318034
4268427218
4268340708
4268486340
4268638469
4268316225
4268459776
4268479021
4268529695
4268408030
4268457886
6797432209
4268526406
4268485388
4268505097
4268406733
6798364975
4268411621
4268430042
4268595233
2627450718
4268507148
4268322872
4268042003
4268466416
4268323295
4268428506
4268485345
4268317799
2494268497
4268677206
4268457248
4268041809
4268324875
4290472171
3032982190
4268066335
4268504407
2183369790
4268339425
4268634948
4268324175
4268458346
4268527760
4268406228
4268346579
4268478100
4268408739
4268432372
3428939150
4268628753
4268411585
4405550692
4268485558
4268066213
4268285792
4268023838
4268065341
4268428379
4268066240
4268528204
4268066052
4268315960
3033706935
6798330402
4268456889
4268460027
3358385724
4268340278
4268066901
4290553922
6733573017
4268335265
3399759402
4268320991
4268526909
4268430757
4268316467
4268504181
1918405172
4268637869
4268591767
4268497956
4268064979
4268655610
4268464760
4268320926
4268330203
4268484802
4268450076
4268527327
4268431057
4268485328
4268319730
4268411459
4268409912
4268478155
4268066578
4268448772
4268345396
6711320175
4268591917
4268411289
4268346355
4268341046
4268486644
4268458826
4268466127
4268503086
4268596621
4268498911
4268521497
4268316668
4268408497
4268496289
4268477688
4268430647
4268317040
4268499018
4268431563
4268407050
4268528405
4268411339
4268409985
4268286101
4268064863
4268522368
4268317305
4268522249
4268343977
4268341390
4268467274
4268066257
4268457933
4268315502
4290455175
4268427297
4268477949
4268331162
6733756052
4268503322
4268324706
4268592047
4268040543
4268524135
2830584706
4290638450
4268456703
4268424043
4268408758
4268408364
4268478372
4268422136
4268494366
4268504607
4268337662
4268334472
4268343815
4268408893
4268407782
4268423628
4268485062
4268346424
4268596114
4268323325
4268457754
4268432507
4268464673
3362034293
4268484013
6798339670
4268285209
4268424121
4268065847
4268335061
6733831546
4268321445
4268494609
3032737605
4268335835
4268503820
4268424385
4268477268
4268458103
4268620086
2494269293
4268632771
4268494648
4515948877
4268485244
4268324128
4268040587
2830584721
1923612734
4268519349
4268634168
4268411741
4268421658
4268283616
4268330016
4268343427
4268477953
4268466580
4268465537
4268596656
4268519146
3033706468
4268341598
4268619911
4268465025
4268333353
4268342615
4268633638
3033706585
4290553700
4268406741
4268341173
4268422349
4268425917
3358882535
3034212042
4268466901
4268507077
4268594627
4268506896
4268064148
3358539610
5438174307
4268628170
4268332921
4268041565
4268285029
4268450572
4268428059
4268407538
4268519126
4268456397
6733798841
4268591956
4268496792
4268505623
4515988020
4268336360
4268336384
4268024083
4268339245
3399236638
4268411706
4268431329
4268342677
2829627430
4268484233
4268591509
4268428512
2829627614
4268503108
4268411118
4268464998
4268423376
4290489407
4268498428
4268449866
4268321115
4268459244
4268426195
4268466741
6733573458
4268022923
4268321442
4268335062
4268329529
3399379018
4268628739
4268458118
4268316117
4268344741
4268424302
4268627696
4268406738
4268320859
4268344940
4268479162
4268520095
4268479208
4268345987
3428946818
4290476153
4268346265
4268592821
4290476429
4268336308
4268407355
4268406474
4268340508
4268323866
4268065394
4268023679
4268478370
4268345061
4268332510
4268498267
2829945320
4268506638
4268424733
4268449553
3032737714
4268456999
4268338321
4268526544
4268478990
4268503671
4268461147
4268519452
4268484953
4268520976
4268065582
4268465012
4268318185
2494580066
4268486866
3926854063
4268596952
4268283998
4268338656
4268457222
4268341379
4268342223
4268479097
4268066940
4268342623
4268459672
4268459432
4268339577
4268527591
4268426357
4268429977
4268495562
4268520365
4268528414
3032748198
3033706953
4268407371
4268431665
4268421314
4268285040
4268347240
4268320494
3399307778
4268064483
4268411549
5607794268
2494588014
4268523807
4290510498
4268505528
4268529777
4268486218
4268431235
4268457165
3428942881
4268065944
2830089287
5517665149
4268449247
4515988036
4268637929
4268640160
6746168867
4268591405
4268065488
4516283663
4268065486
4268593263
4268323581
4268323851
6733650699
4268431098
4268065597
4268340557
4268409202
7875474096
7777619252
7753026725
7752547253
7679333268
7673811826
7625560089
4268331785
4268318846
4405470055
4268428673
4268431262
4268343949
4268330401
3399326999
4268507576
6798382169
6798389577
4268424603
4268329553
4268322984
4268520788
4268591777
4268406048
4268023653
4268285210
4268498585
4268485915
4268323972
2400582953
4268041293
4268342566
4268040701
4268595737
4268521426
4268023114
4268315780
4268041965
4268459859
3032737734
4268637367
4268466377
4268329932
3358883267
4268459259
4268343291
4268430610
4268285887
4268346002
4268628621
4268638579
4268523390
4268466662
4268331505
4268528240
4268334529
3400347498
4268285261
4268523005
6733831277
4290629205
4268450773
4268495612
4268495538
4268507138
4268340303
4268465973
4268637408
4268625297
4268521710
4268342413
4268480169
4268320756
4268318175
4268496599
4268521620
3318273531
4268478973
4268341018
3358513703
7505497192
7297607544
7273459211
6798155927
4268527825
4268315873
4268643011
4268522903
4268426247
4268322623
4268522183
3032737759
4268521509
3034211952
4268023485
4268498007
4268594059
4268343317
3428404349
4268449777
4268341315
4268411001
4268320002
3309481148
4268422157
4516264499
6733593693
4268524471
4268316033
7597686441
4268627492
4268450263
4290638587
4268594960
4268317945
4268421732
4268342432
4268346098
4268524296
4268494320
4268503492
5151632906
4268345316
4268333561
4268424046
4268497122
4268497412
4268339981
4268322482
4268466740
4268334131
4268347179
4268420900
4268286214
4268324233
4268345684
4268331077
4268485878
3033706835
4268065979
4268346091
4268337764
4268506603
4290695680
4268342167
4268319398
4268426174
4268041887
4268521833
4268465918
4268066367
4268450009
4268410346
2829950043
4290510793
4268333797
4268485898
4268496787
4268347124
4268428581
4268319015
4268637950
4268423654
4268338582
4268478818
4268319327
4268466598
4268423995
4268409236
3927435183
4268625315
3033688982
4268495363
4268625364
4268529662
4268593460
4268064477
4268595770
4268340065
4268323907
4268450463
6798315054
4268633581
4268450278
4268527235
4268640137
3033689518
4268405958
4268423858
4268527663
4268504809
2522245718
4268041901
3358701760
4268460378
6733300775
4268332489
4268625200
4268466757
4268459606
4268496299
4268625218
6798135588
4268466577
4268345823
4268331935
4268425059
4268286200
4268528540
4268426007
4268339073
4268484782
3032927588
4516288039
4268465804
4268457385
4515990310
4268458025
4268594633
4268318983
4268461134
4268041570
4268527360
4268329897
4268334162
4268485033
4268495879
4268321450
4268286037
4268466114
4268337788
3034277874
4268323028
4268324608
6733731353
4268284801
4268591944
4268339152
4268428500
4268432005
4268481612
4290638265
4268591760
4268411460
4268347169
4268342570
4268284439
4268340397
4268410466
4268519346
4268343793
4268465675
4268427962
4268424683
4268686514
4268518829
4268664403
4268460780
4268343578
4268408228
6797639053
4267224191
3033689086
4268627652
4268521388
4268457145
7214761758
4268528795
4268467147
4268497079
2400532349
4268456708
4268335015
4268592702
4268346943
4268498879
4268319448
4268338031
4268479047
4268286059
4268411243
4268332116
4268591793
4268285030
4268429976
4268640201
4290647650
4268495132
4268320661
4268478942
4268323492
4268632994
6798365764
4268338797
4268594964
4268520093
4268459510
4268432063
4268526570
4268040624
4268464906
3399326932
4268283410
4268424760
4268458890
4268497991
4268458729
4268341691
3428938579
4268593792
4268321540
4268592053
4268457823
4268485644
4268522661
4268335431
4268494590
4268324746
4268339604
4268477992
4268466514
4515954086
4515919847
4268064199
4268428754
6733678864
4268345742
4268477981
4268065544
4268503748
4268458749
4268408127
4268504517
2829627456
4268340599
4268421633
4268459814
3358404385
4405470047
4268428796
4268466129
2627450812
4268485675
4268409355
4268520737
4268334814
4268339501
4268334799
4268622136
4268637640
4268591452
3358539617
4268317019
4268521952
4268315791
4268479067
4268629786
4268504016
4268347133
6733713960
4268479610
4268316047
4268427202
4268023288
4268448766
4268528195
4268408784
4268528809
4268331763
4268621480
3033671518
4268342207
4268338468
4268477167
6798257023
2375577645
4268486419
4268500695
2375538832
4268323624
2494602731
3358323483
4268284251
4268528341
4268505904
4268641197
4268637692
4268526526
4268066991
4268424968
3927435103
4268449257
4268593169
4268340507
3309478725
4268342707
4268424304
4268406820
4268432034
4268344909
4268594723
4268478239
4268632830
3428942795
4268622041
4268283625
4268459434
4268064869
4268421951
4268628018
4268448868
4268485760
4268466431
3053972670
4268524840
4268496221
4268321206
3927363559
4268632769
4268342452
4268432331
4268315898
4268485006
4268329573
4268430169
4268338602
4268522339
4268450020
4268318358
4268504288
4268461254
4290497926
4268409880
4268595333
4268504369
4268284038
4268405971
4268317029
4405670211
4268629346
4268315746
4268503339
4268344475
4268335073
4268639064
4268457641
4268341508
4268285183
4268334603
3005263423
4268339075
4268319767
4268023928
4268424660
4268336401
4268338345
4268495561
4268450248
4290442793
3033671379
4268521942
4268496364
4268465940
4268498216
4268505629
4268450921
2400597342
4268338332
4268407816
4268450082
4268347034
4268460928
4268429665
4268633382
4268411496
4268430027
4268495684
4268505168
4268423121
4268322261
4268422204
4268066958
4268320667
4268374196
4268499334
4268521886
4268528155
4268411380
4268425171
3032982219
4268506653
4268425092
2494269252
2494267766
4268525522
4268592744
4268640227
4268486864
3428926236
3925853359
4268457490
4268496014
4268064416
4268594423
6746110736
4268284692
4268336934
4268663279
4268633215
2069879804
4268321332
4268339987
3032982403
2494603597
4268449922
4268496067
4268464870
4268064243
4268409504
3034211535
4268286739
4268343802
4268497696
4268460637
2400597367
4268337649
6797624598
4268346075
4268336068
4268421735
4268343553
4268322341
4268530782
4268507958
4268496782
4268522308
4268507350
4268425164
4268498864
4268339214
4268284081
3034211515
4268042052
4268345622
4268429476
4268321730
4268430358
4268485285
7876255112
4268320214
2318890783
3033700257
6798389283
6798244731
4268410597
4268424761
4268338648
4268422068
4268333170
4268485561
4268431947
4268406712
4290638020
6733661609
4268457374
3926902614
4268594080
3428939118
4268620184
4268621301
4268640337
4268479050
4268448939
4268528373
4268427320
4268626524
4268506335
4268497160
4268644086
4268407164
4268525610
4268620453
2318762986
3399379144
4268331662
4268331291
4268522150
4268521926
4268405926
4268450678
4268023879
4268040972
4268503909
4268506090
4268641240
2281942735
4268503681
4268477689
4268622159
4268633286
4268065833
4268318624
6733697584
6733592846
4268528990
4268343864
4268321579
4268323063
4268335155
4268429888
4268344876
4268664404
4268638033
4268343767
4268450679
4268332997
4268593236
2494579978
4268338775
4268338848
4268320506
4268495261
4268317392
4268065456
4268529769
4268498306
3032982320
4268409374
4268333881
4268466170
4268064847
4268065989
4268620176
4268340833
4268526576
4268596549
4268338451
4268518969
4268466178
4268467063
4268330037
4268464887
4268425141
4268629927
4516276872
4268408928
4290629523
4268626240
3318370756
4268338300
4268339532
4268321550
4268423782
4268525923
6711343453
4268596191
4268407613
3032737828
3032982066
4268432512
4515979515
4268317715
4268344531
4268524011
4268411288
3926818228
4268529856
4268594218
4268335093
4268477832
4268324676
4268041469
3032737544
4268485483
4268458904
3358404474
6531322175
2830089290
4268521522
4268637491
4268499468
4268529061
4268638176
4268643635
4268633258
4268345682
4268040768
5270660109
4268485560
4290455254
4268528365
4268519414
4268320871
4268494436
4268628245
4268498594
4268321835
4268643575
4268527435
4268461136
4290515354
4268423550
4516297471
4268478943
4268523739
4268521840
4268480167
4268421016
4268337584
2830565077
4268341169
4268334673
4268457427
4268497401
4268507012
4268643641
4268627826
4268335860
4268040962
4268525377
4268410573
4268346244
4268285409
6733689245
4268422816
4268485196
4268344370
4268486944
4268342529
4268503324
4268466382
4268346060
4268424665
4268505990
4268466427
4268410486
4268690429
2494269258
4268339742
4268504893
4517378430
4268528758
4268521695
4268458669
4268637854
4268503275
2494602714
3399236654
4268332424
4268594225
3032982364
4268345114
4268594571
2494588041
4268703468
4268345291
4268503306
4268461212
4268595790
4268465163
4268502828
2494571820
4268407569
4268478668
4268450619
4268339251
4268484315
4268456664
4268523111
4268346896
4268065260
4268064479
4516264795
4268420921
3399769359
4268528154
4268485113
4268316068
4268338469
1946717760
4268641217
4268528281
4268527718
4268527732
4268526126
4268346294
4268315911
4268499012
4268285151
4268464971
4268333093
4268324963
4268520187
4268664089
4268411351
4268316825
4268450558
4268347172
4268595718
4268526517
4268321607
4268343005
3032737458
4268406404
4268337890
4268466709
4268664855
4268318327
4268507834
3033375367
4268637288
4268285794
4268520210
4268345168
2375525977
4268432418
4268626505
4268319903
4268066923
4268341126
4268041955
4268330833
2494588912
4517345474
4268066906
6746138210
4268457688
4268024001
4268526986
4268344767
4268333537
4268460557
4268448238
4268460164
4268495566
4268023195
4268528228
4268342051
4268427957
4268457501
3358701710
4268066917
4268496982
4268330821
4268406004
4268458111
4268420821
5772534200
4268430202
4268594037
4268643490
6797572450
4268335215
4268344677
4268591289
4268495714
3033375199
4268479135
4268426169
4268284742
4268041387
4268408295
4268595546
4268477823
4268342096
4268518891
4268637207
4268426259
3399356820
4268323197
4517316725
4268529037
3033689025
4268495633
4268323676
4268423393
4268519263
3033689397
4268456208
3034211830
4268478974
4268467191
4268344040
4268641304
4268345522
3032982069
4268457778
4268410628
2494563312
4268505417
4268641818
4268507404
4268331849
6798330263
4268641137
3033700239
4268640013
4268630270
4268424335
4268428583
4268335288
4268432234
4268628985
4268345873
4268421565
4268333526
4268343203
4268283827
4268344947
4268458718
4268510908
4268522610
4268478094
4268450022
4268594835
4268345838
6798365574
6797657438
6733651018
4268623651
3033374827
4268456592
4268041498
4268518946
4268505531
4268504931
4268333496
4268494630
4268624780
4268485769
4268494727
3399347075
4268458389
4268622683
4268486233
4268449192
4268638419
4268625645
3034211936
4516274067
3926972142
4268450428
4268420672
4268638529
4268496586
3926875039
4268345679
4268477191
4515987453
4268432199
4268344882
4268627530
4268496833
4268485667
4268336243
4268284213
4268341274
4268503843
4268427462
3358538524
3358404331
4268341122
4268331624
4268423598
4268339301
4268458907
4268317683
4268347019
4268323567
4268420765
4268529351
6798304174
6733721253
4268496418
4268408808
4268627426
4268331726
4268496977
4268466255
4268621410
4268461541
4268625676
4268338758
7054665039
4268338099
4268066955
4268347191
2321072755
4268530875
2321089718
4268411276
4268346592
6733302083
4268322605
4268335089
4268484132
4268449991
4268465728
4268411434
4268286233
3428950437
4268664561
4268041877
4268429921
4268410763
4268503447
4268624404
3358313127
4268625794
4268591344
4268461090
3358883298
4516358126
4268520152
4268621569
4268331609
4268465268
4268495470
4268506003
4268345086
4268330659
4268344064
4268467299
4268423629
4268346732
4268459143
4268322615
4268640159
4268458808
4268465243
6798229150
3033689337
4268284018
4268431253
4268505222
4268431804
4268317289
4268343725
4268344984
3399389184
4268340201
4268040657
4268496796
4268432103
4268424996
4268343475
4268324249
4268333738
4268423011
3399367675
4268410504
4268421000
4268499498
4268336518
4268424789
4268477858
4268498711
4268466772
4268485668
4268023929
4268478058
4268318923
4268329953
4268484653
4268466275
4268331099
4268423955
4268316619
2829945318
4268420549
4268632774
4268503813
4268521844
3034211736
4268458696
4268341152
4268411591
4268504741
4268499091
4268624555
4268065961
4395095298
7709187407
7393304940
7015907693
4268409908
4268342056
4268640048
4268424331
4268411394
3358883303
4268319722
4516281435
4268339179
6733631372
4268324126
4268503283
4268628941
4268420751
4268485861
4517318471
4268527722
4268041518
5338773080
4268409814
4268431178
4268458161
2494571777
4268633984
4268625918
3033706833
2494267848
4268465860
6733593509
4268496884
4268494586
4268283857
4268449481
4268478503
4268621646
4268322756
4268494309
6733730090
4268506220
4268458114
6798364776
4268477159
4268339885
4268411382
3033688961
4268498769
4268066944
4268448708
4290767164
4268503847
4290696364
4268664511
4268637624
4290471928
4268422252
4268595229
4268528819
4268409825
4268479045
4268411324
4268523333
4268663115
4268410960
4268430849
4268633611
4268420973
4268504307
4268677332
4268448293
4268498605
4268478494
4268479577
4268431959
4395126491
4268530061
6798126857
4268449719
4268321775
4268448303
4268519004
4268465612
4290695855
4268334613
4268283702
4268410716
4268284236
4268323290
4268495024
3926921141
4268450262
4268626151
4268596419
4268066719
3428935421
4268319761
4268407777
4268335917
4268478544
4268337322
4268528621
4268319841
4268466475
4268505214
4268448684
4290442789
4290596747
4268467173
4290548777
4268023489
4268409828
4268421593
4268065943
4405464243
4268640547
4268406851
4290489580
4268620318
4268522281
4268324221
4268465598
4268023341
4268317254
4268342102
4268345782
4268343567
4268595985
4268594581
4268335268
3428929664
4268321229
4268505411
4268625654
4268457589
4268285095
4268466705
4268343383
4268421743
4268427360
4290497636
4268527608
2494269342
4268041456
4268324949
4290501138
4268527600
4268465060
4268334482
4268410790
4268424587
4268592622
4268594549
6797614221
4268065482
4268431691
6733678104
4290460550
4268628051
4268321833
6733622285
4268518775
6733772163
4268523843
4268338159
4268450369
4268319620
6733544531
2494588095
3399356996
4268591813
4268344790
4268335583
4268337900
4268334795
4268596137
4268408812
3399307808
4268338683
4268449809
4268478592
4268339660
4268478506
4268341609
4268593303
4268643518
4268023404
4268484779
3033706460
4268594284
4268624725
4268593401
4268330152
4268317371
4268340287
4268448416
4268639793
4268319906
2494269327
4268335841
4517345392
4268425016
4268465476
4268318135
4268406051
4268411082
4268284641
4290637820
4268523476
4268637604
4290538136
4268344234
4268428122
4268332669
4268341257
4268318070
4268637480
4268593524
3033706363
4268023312
4268504222
6733781654
4268065983
4268526870
4268329487
4268496283
4290501219
4268620930
4268528801
4268504244
4268339316
4268411199
4268503731
4268503269
4268466708
4268594583
4268321673
4268410020
4268065573
4268410951
4268041790
4268637260
4268407677
4268330193
4268341541
4268484214
4268448604
4268520162
4268486751
6746254201
4268524304
4268332029
4268317256
4268345733
4268410647
6733722802
4268523764
4268525372
4268506679
4268333513
4268334553
4268332993
4268484787
4268345535
4268425986
4268641203
4268484758
4268286418
4268594055
4268318335
4268317818
6733301669
4268593742
4268345410
4268464559
4268341234
4268423595
4268334877
4268449465
4268465428
4268519341
4268323483
4268340170
4268503956
4268317413
4268321723
4268485089
4268342037
4268479423
4268407336
4268485293
4268329878
4268498450
4268526204
3033706676
4268629785
4268407146
4268467281
4268324139
4268425152
4268521212
4268457186
4268486497
4268465725
4268424983
4268324316
4268431961
4268627186
4268460589
4268339413
4268346996
4268497133
4268425474
4290472131
4268640594
4268652476
4268343392
4268410748
4268634316
4268315590
7817156889
2830584727
4268458820
4268421128
2520882756
4268335161
6797572517
4268632956
4268335592
4268317388
4268529391
4268424870
4268422868
4268499036
4268319502
4268528295
4268525941
4268343403
4268448437
4268460662
4268495397
2331360610
4516297409
4268459268
4268315583
4268526310
4268428213
4268621578
4268525751
4268422236
4268345180
2830580073
4268424948
4268323901
4268484687
4268518993
4268499378
4268529044
4268320857
4268458648
4268320007
4268407980
4268495416
4268530739
4268530021
4268339339
4268465844
4268627567
4268506125
4268421595
4268522920
4268486037
4268620008
4268625680
4268526298
4268321091
4268459439
4268408415
4268428316
4268335309
4268424641
4268430154
4268409835
2830577365
4268621644
4268504358
4268523649
4268485818
4268343529
4268023910
4268624928
4268335135
4268524577
4268639035
4268338580
4268040452
4268322764
4268064817
4268529331
4268523841
3032982071
4268593944
6798339615
4268421708
4268591700
4268521035
4268479605
4268503299
2494269273
4268503718
4268285057
4268424295
6797571906
4268346113
4268285970
4268340012
4268466399
4268411457
3033689267
4268594395
4268466473
4268332232
4268523012
4268343197
4268346273
4268284779
4268449001
4268503723
4268428589
4517324750
4268591398
4268340378
3428938742
6798347794
4268340062
4268319738
4268622623
3399312005
3033706987
4268331090
3034211482
4268640661
4268333288
3399389325
4268507770
4268338853
4268285034
6733660968
4268494823
4268335831
4268461399
4268478912
4268040499
6746283927
4268508051
4268409447
4268523626
4268478648
4268316335
4268346832
4268320044
4268506225
4268319964
4268023071
4268334781
4268530598
4268494784
7771529755
4517331940
4268528422
4268478793
4267984752
4268496162
4268465420
4268628715
4268427237
3032927796
4290659395
4268498852
4268431383
4268316861
4268408425
3033689458
4268485211
4268406995
4268499325
3034211608
3362043937
4268527231
4268485811
4268638027
4268449995
4268286448
4268637631
4268633243
3032982074
4268496800
4268066083
4268336274
4268428533
6733789510
4268422907
4268411267
4268523564
4268427437
4268286265
4268345415
7214793330
4268525128
4268337673
4268523943
4268478762
4268317517
4268528963
4268485217
4268335557
4268424250
4268478605
4268592835
2494571846
4268347095
4268485765
4268524712
4268596093
4268336408
4268593242
4268064286
3927381686
4268466900
4268424676
4268424915
4268409663
4268595171
3034277856
4268420522
4268622038
4268425174
4268457925
4268321756
6797639562
4268625259
4268526153
4268479015
4268323417
3399390665
4268409104
4268525360
4268593133
4268499363
4268519233
3033689565
4268620920
4268591199
3399367612
4268424958
4290498081
4268485786
2829627556
4268449288
4517348866
4268632817
4268430015
4268284522
4268345990
4268638177
4268525763
4268336938
4268339240
4268638050
6797614372
4268329368
4268594788
4268023917
4268424053
4268345668
4268593329
6798388895
6797639257
4268066912
4268478658
4268338491
4268335159
2830564824
4268430213
4268023218
4268421145
4268495466
4268316871
6733748106
4268333981
4268425772
4268627257
4268320243
4268621044
4268425929
6798271029
4268427635
4268529315
4268591537
4268485795
4268285253
4268477397
4268426948
4268530106
4268450535
4516272033
4268637432
3032981974
4268458282
4268408493
4268411723
4268409309
2830070538
3926927601
4268334209
4268409320
4268527086
4268627430
4268457478
4268621050
4290596003
4290649642
4290660525
4290595716
4268505166
4268519095
4268526712
4268479671
4268320248
4268505735
4268337444
4268457721
4268448576
4268340109
4268065572
4268460551
4268466606
3428938520
4268409379
4517312109
4268624787
4268346563
4268523750
4268466519
4268456248
4268323609
4268449816
3428946893
4268507302
4268344134
4268592392
4268495722
3399356889
4268285732
4268343773
4268663203
6798296646
4268625367
6797605686
4268506758
4268320358
6733526700
4268495096
2522245664
4268497084
4268428676
4268520644
4268411023
4268465690
4268331999
4268522133
4268477555
4268426975
4268529225
6733641832
1913439367
4268486941
4268283708
4268346755
4268498902
4268332869
4268342567
4268407345
4268065383
2494588117
4268620655
4268593807
4268407359
4268344045
4268505120
4268334745
4268428750
4268430521
4268333535
7634971137
4268330493
4268066205
4268525387
4268449059
4268317230
4268643638
4268621207
4268507972
4268459012
3927361587
4268457930
4268338644
4268334686
4268285155
4268503967
4268504564
4268022704
4268640699
6733772334
4268633745
3318370753
4268423196
4268342998
4268459167
4268317123
4268526763
4268499541
4268521164
4268495962
4268595316
4268484372
4268522283
4268527647
4268331160
4268420667
4268591541
4268425179
4268627651
4268333056
4268626650
4268527394
4268633235
4268410480
4268530631
4268592486
4268495656
4268339583
4268625116
4515919875
4268522773
6711349411
4268519168
3428939159
4268336426
4268338631
4268285443
4268406975
4268331301
4405670292
3033700251
6798296849
4268344754
4268465435
6797624414
4268464576
4268530029
4268449507
4268410406
4268529307
4268485954
4268040782
4268342477
4268403586
4268524987
4268484926
4268431423
4268041589
4268484389
4268422152
4268466494
6733807494
4268410429
4268424878
4268432277
6733815928
4268323194
4268331108
4268448791
4268627459
6797580034
4268529513
4268041162
4268318999
4268426954
4268458072
4268466065
4268284711
4268422864
4268594555
4268498784
4268594061
4268496593
4268526420
4268337942
4268344827
4268420523
4268431973
4268522399
4268485621
4268341734
4268428680
2627454675
2494580062
4268527030
4268333868
4268450293
4268317883
4268335411
4268486122
4268457078
4268316531
4268485709
4268324322
4516274099
4268040623
4268504233
4268428321
2400597379
4515989958
4268459701
4516273346
4268593394
4268285969
4268334180
4268596116
3358517957
4268431449
4268479419
4268594204
6798340116
4268459151
4268425900
4268448899
4268041012
4268459969
4268335510
4268409519
4268407479
4268642998
4268344456
4268421748
4268507059
4268334454
4268625792
4268345842
4268423909
4268598779
4268040498
4268337521
4268334125
4268620656
3033706672
3032927596
3399311847
4268596919
4268519254
4268337608
4268286155
4268426079
4268345826
4268496596
2499723361
4268594624
4268324018
4268315592
4268343526
4268456985
4268339637
4268424640
2627453255
4268495528
4268410049
4268344462
4268458240
4268322287
4268411626
4268430607
4268341548
4268507337
4268421154
4268530025
4268626196
3033671347
4268318974
3033375366
4268424526
4268526377
4268331585
4268421623
4268040589
4268024020
4268423983
4268330531
4268525894
4268664167
4268421703
4268483984
4268519249
4268479606
4268334270
4268040958
4268477978
4268522359
4268322560
2829935853
4268408618
4268524820
4268317293
4268411676
4268428212
4268485078
4268335525
4268345828
4268624667
4268409917
4268466877
4268317120
4268343775
4268409909
4268526936
4268524457
4268408088
4268450877
4268323966
4268508018
4268450925
4268457599
4268461154
4268406680
2830580104
4268023533
4268530697
4268337580
4268628241
4268286282
4268317627
4268336620
4268330168
4268495434
4268340977
4268450926
4268638068
4268507441
4268342364
4268494985
4268465226
4268428170
4268619977
4268593063
4268494355
2494269300
4268066151
3399327181
4268530072
4268450737
4268406039
4268594385
4268341097
3428950539
2494603688
3428935438
4268334115
4268340673
4515948446
4268495337
4268324285
3362071653
4268024087
4268518917
4268331480
3428921450
3399389280
4268431115
4268525485
4268465857
4268485800
4268427075
4268524355
4268334558
4268023317
4268065069
4268319714
4268519964
4268498088
4268594592
4268346596
4268506925
4268628755
4268323300
4268640627
6733815736
4268410343
4268345946
4268343978
4290696527
4268478380
4268623480
4268594413
4268333446
4268448313
4268425966
4268429969
4268431684
4268344452
4268283801
4268485008
3032737570
4268343762
4268526862
4268504642
4268430204
4268507291
4268333875
4268696863
4268456769
3033706699
4268477679
4268498120
4268498448
6798356300
4268342734
4268457630
4268477573
4268284977
4515953935
4268495999
4268345370
3032982093
4268345917
2400552307
4268407150
4268319157
4268425256
3927442726
4268421029
4268633460
4268457268
4268626223
4268283369
4268066248
4268425892
4268429666
4268496336
4268498909
3358404427
2829935854
4405663344
4268460864
4268066357
4268023063
2494576841
4268626551
4268478284
4395120293
4268421905
6798347416
4268066902
4268333119
4268323859
4268284725
3032737844
4268430931
4268338249
4268457439
4268321808
4268498746
4268285436
3032927599
2494588082
4268526557
4268643749
4268504886
4268344712
3308133926
4268478230
4405724607
4268458270
5637329447
4268332956
4268486641
4268466272
6798331214
4268503422
4268347106
4268460564
4268040508
4268506657
4268504126
4268341549
4268424688
4268411711
6531322171
4268424174
3428938585
4268041099
4268519063
4268621425
4268338320
4515929708
4268424994
4268409204
6733612856
4268456124
4268592580
4268633118
4268504838
4268628763
6798331485
4268529667
4268321246
3399367556
4268422444
4268040996
4268040753
4268285024
4268637304
4268460431
4268528573
4268338015
4268334518
4268521854
4268505996
2830070529
4268507108
4268594388
4268449246
4268406981
4268411726
4268527129
4268506863
4268632981
4268333655
3428946928
6797624104
4268457966
4268324656
3309499036
4268347148
4268450605
4516283591
4268521663
2508392854
4268458257
6797623591
4268485262
4268643867
4268479700
3033671521
4268591454
4268428220
4268320549
4268478475
4268407487
4268339252
4268619954
4290648197
4268331079
4268640587
4268597028
4268334458
4268485658
4268345521
4268409288
4268593226
4268637389
4268504797
4268064937
4268625069
4268486870
4268596672
4268477329
2829935910
4268341536
4268478669
4268336345
4268423009
4268596596
4268519008
7167389043
3399367542
4268519463
6733738330
4268411714
4268638116
4268626007
4268620527
4268486197
4268324176
4268448522
4268321707
3033689419
4268456920
4268663401
4268284227
4268484130
4268676871
4268526655
2627452961
4268065900
4268330475
4268420780
3033706544
4290767051
4268507733
3034211967
4268507977
4268457709
6745830464
4268525927
4290538239
3428935071
4268637948
4268428476
4268429308
4290489690
4268430525
4290637346
4290696101
4268622121
4268342512
4268332482
4268065389
4268520355
4268529223
3927470549
4268486426
4268594085
4268507014
4268625134
4268525975
4268285845
4268498600
6733748901
4268432511
4268497424
4268638007
4268343007
4268341716
4268334462
4268527843
4268284343
4268320457
3033689462
4268466234
4268507562
4268499369
4268335533
4268340435
4268064550
2337438947
3428921623
4290510491
4268495533
4268467261
4268424858
4268528251
4268519719
4268457512
4268640395
4268522458
4268317977
4268461248
4268633947
4268523822
4268430650
4290773657
4268424115
4268410078
4268461074
4268342750
4268503597
4268624503
4268507114
4268421931
4268466439
4268478086
4268521601
4268340001
4268065160
7226925990
7226437753
4268449497
4268341643
4290629148
3033700256
4268342459
4268421436
4268422421
4268340268
4268023651
4268332416
4268494386
6798189076
4268506937
4268594475
4268643498
4268432091
4268335408
4268505218
4268064351
4268620341
3362042455
4268340657
4268627360
4268332770
4268338973
4268457311
2494253076
4268407796
4268478307
4268485205
4268595072
4268520639
3005423776
4268595688
2830577128
4268320989
4268023352
4268496411
4268430659
4268591315
4268323061
4268592040
3358385028
4268625452
3033671485
4268318101
4268520278
3927492153
4268528868
4268497661
4268408500
4268427383
4268595240
4268041938
4268495917
4268330955
4268332927
4268499455
4268428376
3034211701
4268519635
3032927320
4268448771
4268496388
4268503749
6798355859
4405437104
4268520030
4268450153
4268503518
4268637203
4268643074
4268337247
4268334169
3033386967
4268525543
4268495379
4268322322
4268407335
4268284021
4290696696
4290637476
4268423265
3399311826
4268409911
4268066330
4290460310
4268340430
4268497371
4268495182
3034211696
4395156408
3428925798
4268347198
4268430011
4268337435
4268477566
4268595905
3033706532
4268285886
4268410375
4268285818
4268335096
4268332436
3428946952
4268432498
4268430609
4268420441
4268523910
4268283696
4268485347
4268320532
4268478219
4268337882
2522253679
4268346855
4268479713
3358404465
4268456714
2829945355
4268425259
4268485665
4268496449
4268486651
4268529360
4268066334
4268494546
4268624640
4268620449
4268596568
4268497099
6733781687
6798389768
4268023803
4268424026
4268424856
4268424686
4268322529
4268316118
4268507918
4268479398
4268525383
4268596085
4268593080
4268624841
4268338220
4268461231
3033386977
4268526537
4268337806
4268495588
4268459025
4268333427
4268526659
6733309540
2520654420
3399191143
4268410794
6733830981
3926925894
4268640687
4268478865
4268620034
4268591922
4268423183
4268338272
4268529515
4268321654
4268596547
4268428643
4268421649
4268638122
4268530820
6733696409
4268330197
4268478419
4268333174
4268432203
4268285826
4268495797
4268485537
6733554797
4268643158
4268642545
4268431866
4268408029
4268465830
4268457567
4268457213
4268421227
4268322724
4268519006
4268420809
4268524148
4268430520
4268406217
4268338343
4268420437
4268411090
2494580108
2830555701
4268424883
4268346944
4268324695
4268330350
4268341678
4268459654
4268485234
4268450677
6733388683
3399761673
4268525707
4268065693
4268337657
4268457277
3428925699
4268411203
6733526193
4268485333
3005427321
4268333627
4268459038
2494267792
4268448599
4268430022
2829935914
4268495356
4268594553
4268406364
6798381951
4268620664
4268420773
4268484644
4268479046
4268335333
4268465433
4268507961
4268507320
4268425601
4268486089
2830080644
4268346520
4268456251
4268519982
4268495384
4515929741
4268497226
6798372968
4268498816
7015110948
7013398109
4268466653
3358702590
4515978476
4268431564
4268421437
4268458911
3428935452
4268430464
4268066911
4268663178
4268283761
4268456785
4268530263
4268457727
4268411034
4268023201
4268426324
4268332962
4268337402
4268621625
6733583032
4268333871
4268319690
4268422064
4268344605
4268425616
4268448276
4268407424
4268425609
4268529049
4268498077
4268506895
4268338992
4268525037
4268431524
4268424273
4268332858
4268337506
4516274491
4268622104
3033689082
6733689517
2522212136
4268595937
4268338454
4268331728
4268496415
4268458773
3317682350
4268323160
4268504491
4515989418
4268486463
4268411513
6798330232
2522213068
4268341075
4268065373
4268316988
4268457120
4268640306
4268637873
4268335826
4268320985
4268407524
4268457359
4268065799
6733824275
4268641224
4290696490
4268334384
6733301779
2830580144
4268623756
4268324144
4268023325
6797572410
3428943179
4268528339
4268622129
4268338563
2830070546
4268460670
4268495982
4268503116
4268431168
4268499099
4268478048
4268337691
4268407095
4268529164
4268520799
4268640778
6798381991
4268390145
2400532346
4268525382
4268421645
4268286318
4268340583
4268424644
4268408489
3032737943
4268496135
4268408136
4268486411
6733545355
1917753232
4268422207
4268324237
4268450015
4268461159
4268324853
3428922024
4268460415
4268318817
6733574301
4268522068
4268420389
4268333434
4268343047
4268424162
3399379004
4268344187
3033706880
4268494604
6798228898
4268458089
4268428644
2830080902
4268341091
3399379024
4268323073
4268623747
4268596264
4268065079
4268319754
4268593082
4268459979
2830584733
4268318074
4268333443
4268343541
6798270805
4268023417
4268332752
3399347095
4268527078
4268409031
4268528925
4268480180
4268066913
4268428435
3033671459
4268408741
3033671403
2829627605
4268466768
4268432319
4290498078
4268331635
4268330980
4268620005
4268458847
4268332146
2494602707
4268318168
4268340207
4268285791
4268634046
4268486211
2400532395
4268458287
4268423318
4268065994
4268591547
4268346021
4268427407
4268333189
4268457312
4268286203
4268486091
7729396916
4268024084
4268342527
4268505864
4268449132
4268427799
4268507563
4268341790
4268345759
2830070293
4268323593
4268638519
4268640378
4268456419
4268423625
4268324030
4268339493
4268422727
4515954114
4268495273
4268479642
4268344502
4268065779
4268594971
4268040616
2494563262
3033689200
4290711158
4268421648
4268422688
4268323606
4268505081
4268321839
4268423867
4268346039
4268628272
4268642991
4268421270
4268628198
4268425110
4268346679
4268065827
4268427815
3034371048
4268478725
4268426342
4268494952
4268507024
4268591619
4268320659
4268285238
4268625298
4268625415
4268317140
4268343398
4268345930
4268642952
4268496286
4268457869
3358883277
4268627348
4268344880
4268459838
4268340316
4268409425
4268316330
4268467019
4268316070
4268320394
4268333851
4268505567
4268595010
4268338635
4268321430
4268449669
4268330838
4268428439
4268504304
4268520768
4268524287
4268342702
4268507468
4268340036
4268065216
4290647940
4268627655
4268449359
4268503634
4268427157
4268338050
4268317057
4268319186
3399236652
4290711342
4268621653
4268333074
4268345317
4268484246
4290548962
4268316705
4268627344
3043451489
4268464672
4268286224
4268340433
4268627548
4268467286
2830089505
4268620587
4268623558
4268628740
4268065283
4268317750
4268331553
4268411593
4268461229
6733704613
4268429376
4268316299
4268324133
4268321718
3034212069
4268486004
4268465438
3362071657
6733309506
4515935304
4268332477
4268411536
4268318851
4268431470
4268604128
4268629605
4268323150
4268428753
4290537998
4268335850
4290548901
4268519823
4268285423
4268456210
4268457687
4268338948
4268518980
4268595334
4268283894
4268495767
4268449193
4268426956
4268530886
4290629578
2522249644
4268317092
4268466232
4268522426
2494253015
4268345670
4268333010
6798389172
6798288715
4268408370
4268595345
4268430891
4268593931
4268503222
4268336249
4268457756
4405646868
4268627543
4268320006
4268499330
4268411439
4268498790
4268065468
4268465134
4268503513
4268503668
4268478977
4268663094
4268431352
4268321499
4268331695
4268283350
4268456578
4268637887
4268041402
4268284540
4268466543
4268322291
4268340871
4268638032
4268507389
4268527033
4268322775
4268484638
4268484033
4268504590
4268461304
4268478575
4268428145
4268640753
3399326991
4268430234
4268477337
4290548789
4268343593
4268592818
4268521548
4268456496
4268427262
4268345306
4268524543
4268409358
4268457491
4268330399
4268426847
4268456332
4268525995
4268426777
4515929710
3358513712
3033671343
4268347045
4268341192
3399236636
4268529838
6193168209
4268458735
4268486495
4268407134
4268477477
4268411729
4268466654
4268333890
4268485899
4268424951
3033706927
4268591319
4268346258
4268022637
4268319264
4268321729
4268505172
4268620589
4268506488
4268637488
3358538533
6733688208
4268625922
4290471943
4268527044
4268621725
4268519037
4268520528
4268496914
4268319313
4268478233
4268484309
4268432470
4268323971
4268595483
4268628751
2494588102
4268322916
4268333149
4268630234
4268284045
4268448806
2830555774
4268331195
4268637575
4268409402
4515989934
4268519578
6797580442
4268633135
2494563268
4268497251
4268329411
4268285890
4268640052
4268343634
4268422742
4268424203
4268503212
4268456158
4405442007
3105049291
4268334626
4268330276
4405703435
4268478731
4268456860
4268023433
4268343272
4268593535
3033671736
4268530173
4268456593
4268341560
4268421669
4268341437
4268346822
4268627399
4268343803
4268458379
4268425488
4268430346
4268643222
4268593389
4268324083
4268521323
3034212061
4268638031
6733564257
4268411594
4268494745
4268321786
2830089482
4268503193
4268504694
3428950443
4268484387
3033671587
4268319525
4268423242
4268319035
4268504314
4268406685
4268593597
4290510819
4268041222
4268458340
4268334183
6733574052
4268408118
4268409398
4268286015
4268495912
4268324253
4268335439
3428947292
4268064426
4268315376
4268066097
4268526567
4268336043
3032927453
3926709600
4268041817
3034211641
4268630322
4395150321
4268466912
4268023961
4268503935
3926834349
4290443067
4268465270
4268507269
2774423683
4268065149
4268342026
4268456608
4268466268
4268459084
3428934952
3033689526
4268425482
4268668724
4268448383
4268643502
3399367580
4268023403
3927387987
4268596542
4268450676
4268506105
4268467016
4268449348
2494588080
4516264707
4268593529
4268522385
4268331152
4268319615
4268523328
4268337540
4268458770
4268424452
4268317276
4268345776
4268040531
4268334737
3358313110
4268340210
4268520353
4268518821
4268486241
4268498912
4268628613
4268484245
4268628200
4268330663
4268427521
4515954234
6797571954
4268343985
4268346921
4268495390
4268634216
4268449811
4268333530
4268520928
4268466385
4268519420
4516277716
4517345463
4268633245
4268432209
4268319273
4268529869
4268431056
4268503473
4268284528
4268448279
4268477975
3428942729
4268521776
4268485049
4268316325
2522249754
4268429867
4268507091
4268338917
4268495782
4268427436
4268330892
4268407804
4268428468
3034211687
4268341094
4268524611
4268504289
4268521755
4268430118
4290472111
4268484574
3034211653
4268524596
7642344103
7107189660
4268522670
4268461267
4268525698
4268285938
4268523150
4268594947
4268458625
4268627273
4268324157
4268336218
4268518779
4268643584
4268633312
4268066191
4268506868
4268494891
4268593982
4268064760
4268024023
4268486690
4268411274
4268339626
4290596026
4268317393
4268409599
4268479719
4268066588
4290596545
4268450670
4268064328
4268524552
3428950607
4268425570
4268640397
3033706894
4268420905
4268284465
4268333566
3428938550
4268427156
3033688881
4268408926
4268338260
4268664000
4268346277
4268321771
4268637289
4268593125
3428935018
4268495136
4268429696
4268456814
3032737726
4268343893
4268527713
4268317969
4268346246
4268330817
4268424851
4268479012
3927401865
4268411505
4268486424
4268339648
2829950030
4268425032
4268591213
4268623319
4268637598
4268522949
4268457220
4268527627
4268315562
6733831353
4268023562
4268330480
4268425074
3428938650
4268527836
4268342077
4268485533
3927397673
4268284301
4268040736
4268319831
4268426960
4268478794
4268331673
4290648261
4268022878
4268319426
4268519419
4268592249
4268632840
4268624777
7191827122
4268456112
3033671614
4268523095
4515949043
4268427235
4268595320
4268595086
4268593621
4268498723
4268456237
4268594269
4268427102
4268421422
4268424721
4268329873
4268409714
6733661003
4268519863
4268498741
4268345938
6733797970
4268427624
4268316265
4268621567
4268620800
3358686982
4268343521
4268458763
4268477960
4268425001
4268411362
2829627611
4268522365
4290628834
4290595789
4268640575
4268335907
4268317424
4268410613
4268480142
4268465975
4268041622
4268346731
4268316797
4268527035
4268466288
4268330883
4268499297
4268498430
4268628658
4268411389
2494252946
4268664562
4268621129
4268334740
4268424044
4268464953
4268484925
4268342923
4268332480
2494588933
4268429860
4268523304
4268593128
4268643215
4268041524
4268457654
4268644640
4268621740
4268316847
4268486464
4268331186
4268342382
4268477888
4290647602
3428943183
4268504308
4268324337
4268485499
4268497816
4268497409
4268506358
4268485424
4268484599
4268336258
4268421587
4268317135
4290767120
4268315458
4268023639
4268620689
4268319263
4268410394
6825590558
4268638627
4268422783
6797623675
3034211698
4268341189
4268485295
3033689004
2494602718
3032737526
4268449565
4268521842
4268423184
4268507265
4268065805
3033706353
4268458867
4268330880
4268431246
4268338075
4268495716
4268478184
4268406735
4268421025
4268466641
4268596195
4268638567
4268497332
4268334594
4268478265
4268640518
3400351875
4268424271
4290638713
4268524243
4268334787
4268457111
4268410686
4268494974
4268628096
4268450686
4268428060
4268505366
3362043988
4517378354
4268284382
4268466903
4268457980
4268624563
4268432329
4268499001
4268461205
4268484234
4268634607
4268479636
4268621434
4268344708
4268344464
4268320258
4268064592
3033375060
4268450669
4268323308
4268321023
4268459855
4268424310
4268346311
4268341256
4268458096
4268426778
4268503366
4268450350
4268339030
4268466608
4268520494
4268316971
4268335139
4268528659
6733797978
4268065086
4268592257
4268283826
4268521020
4268329512
4405441967
4268506140
4268496262
2494268444
4268322549
4268465413
4268478288
4268495009
3034211591
4268431963
4268596889
6797580086
4268344983
4268424457
4268431135
4268518914
4268627562
4268623441
4268640782
4268345360
4268337549
4268407376
4268526014
3032927406
4268335087
4268484784
4268499021
4268503414
4268478054
4268634697
4268410778
4268478929
4290481262
4268621431
4268321104
4268324762
4268411448
4268420410
4268065804
4268524007
4268594243
3428950550
4268625316
4290486399
4268410884
6733554968
4268450361
4268408478
4268519266
4268411521
4268485415
4268504006
4268340383
4268337253
4268430964
4268458486
4268465441
4268426901
4268486458
4268285058
4268484095
6733780369
4268625657
3400347478
4268340875
4268425615
4268528368
4268593560
4268464941
4290548902
4268638162
4268494639
3428938601
4268411672
4268321186
4268477946
4268320274
4268330272
4268621651
4268411245
4268506434
4268421156
2494576780
4268621423
4268343833
4268421235
4268336374
4268448412
4268323656
4268478291
4268427422
4268285415
4268429915
4268422190
4268494657
4268411470
3358382319
4268503995
4268319237
4268346891
4268503658
4268340195
4268625372
4268503234
4268346296
4268593100
4268331223
4268457848
4268423141
4268320078
4268633360
4268527377
4268421055
4268459818
4268521967
4268526361
4268330584
4268425177
3308133925
4516287575
2494269344
4268595107
4268065541
2331366314
4268632768
4268343265
7891343506
7873854379
7844873546
7797956215
7791310375
7791253512
7771411594
7771270247
7769511036
7753449046
7710651569
7686433454
7685779254
7557554559
7552463205
7514839936
7504004782
7478554968
7471592874
7413326338
7393093218
7385955906
7377266332
7376453415
7348519952
7339385986
7295174918
7245599376
7213757093
7212617001
7172643991
7158440542
7137667608
7135391041
7128635736
7128437653
7107259447
7107147934
7015289892
4268633738
4268461163
4268334139
2829935939
3032748215
4268343727
3033706457
4268409098
4268625368
4268024058
4268450817
4268593222
4268485656
4268343728
4268478694
4268406003
4268329596
4268496047
4268519462
4268528914
4268478988
3428929572
4268477163
4268318151
4268478561
6531313554
5828473418
4268315928
4268420893
4268423039
4268506103
4268331604
4268407516
4268343988
4268593583
4268458933
4268286132
4268342946
4268335033
3032938091
4268421568
4268458466
4268503192
4268344764
4268337464
4268408964
4268458699
7016943742
4268519633
4268041633
4268321218
4268498469
4268496903
4268324110
4268329402
2316934881
4268341428
4268330403
4268664431
4268343883
4268343571
6797605682
4268519102
4268426083
4268320835
6798424327
4268467196
4268504614
4268595014
4268066201
4268426244
4268421910
4268526306
4268430550
4268428551
4268595611
4268333587
4268423805
4268408102
4268422858
4268343809
4268426382
4268066699
4268335527
4268341142
4268334663
4268323467
4268284230
4268423213
4268486341
4290659606
4268064271
4268324698
4268330820
4268427571
4268409897
4268424410
4268317432
4268409490
4268496003
4268344912
4268637919
4268461517
4268344591
7214198171
4268503362
4268448563
3362030658
4268431854
4268427113
3399759383
4268494699
4268064959
4268324652
4268346108
4268341987
3309481128
4268065126
4268411270
4268347176
3034363273
2394994814
4268484845
4268422991
4268484466
4268526729
4268640693
4268521650
4268644355
4268465216
4268336103
4268335277
4268410977
4268461459
4268457283
4268335028
4268316431
4624786017
4268519140
4268321597
4268333616
4268450347
4268286240
4268477236
4268529496
4268319487
4268459449
4268477837
4268595076
4268064212
4268320608
4268064203
4268503402
4268283743
4268640549
4268430557
4268317748
4268431169
4268497287
4268479895
4268503078
4268625429
4268284159
4268317013
2830089516
4268643111
4268494611
4268524132
4268525913
4268427523
3362043985
5339188093
4268335442
4268407457
4268477232
4268633097
6733747840
4268409451
4268408440
2395006929
4268316512
6798261402
4268484667
4268429862
4268633699
4268335832
4268449916
4268620676
3400341444
4268529064
4268330471
4268526337
4268528239
2376145084
4268627353
4268625558
4268342097
4268339431
4268478011
4268333099
4268286195
4268466949
4515948428
4268637470
4268423026
4268425819
4268499187
4268624673
4268625404
2494588010
4268494605
4268347132
4268526149
4268622139
4268523361
2830584701
4268338302
4268341099
4268529671
4268346469
4268529373
4268286147
4268459792
4268324241
4268430836
4268480194
4268428564
4268522687
4268422676
4268343351
4268503710
2830564822
3033717801
4268333364
4268526452
4268333575
4268620300
4268338478
4268316898
4268507844
4268467156
4268504488
4268518877
3358686991
4268522064
4268592198
4268329479
2494602678
4268333523
3399346987
4268624648
4268498553
6746178732
4268338954
4268321110
4268459196
4268520581
4268466551
4268420635
4268331846
4268319934
4268064223
3399327170
4268505946
4268428752
4268596800
4268338167
4515978304
4268407041
4268448978
4268623134
4268621166
4268496606
4268338311
4268450478
4268406489
4268317720
4268425989
4268317145
4517318463
4268410184
4268518840
4268596465
6733583662
4268497852
3358323492
4268477472
4405663217
4268425044
3927372575
4268459766
4268503792
4268420529
4268324258
3399356890
4268529253
4268634153
4268342164
4268425995
4268336944
4268346100
6733757023
4268663306
4268634154
4268430553
4290481338
4268529038
4268410939
4268530430
4290460154
4268626825
4268521849
4268596734
4268477271
3033706407
4268341568
4268340596
4268485074
4268345413
4268634056
4268458921
4268591360
4268321220
4268643159
4268478976
4268506985
4268424157
4268450286
4268450339
4268330140
4268336676
2829627511
4268594447
4268496159
3033671270
6798331263
4268319657
3032927290
4268456196
4268484920
4268324238
3358539545
6798155148
6733806473
4268485063
4268022882
4268341749
4268526950
4268494832
4290659659
4515935218
4268522131
4268425112
4268345364
4268347164
4268486115
7214793331
4268338484
4268346768
4268528216
4268432454
4515987950
4268347035
4268421825
4268066607
2494588952
4268324242
4268421544
4268507955
4268593558
4268503450
4268465885
4268340828
4268409915
4268346833
4268318808
4268641095
4395117281
4268331958
4268318205
4268330501
4268023824
4268503576
4268521298
4268344391
4268594730
4268522989
4268484871
4268320611
4268283443
4268322774
4268484211
6733799002
4268324122
4268283516
4268497117
4268425618
4268323475
4268421258
4268626585
4268633298
4268284828
2830089527
4268480207
6531313552
4268064856
4268591792
4268484066
4268528999
4268505871
4268409924
4268324224
4268406754
4268425105
4268458509
4268506848
4268411105
4268340868
4268474291
4268406983
4268457189
4268429690
4268428405
4268320699
4268526350
4268286388
4268345710
4268496563
4268449062
4268337321
4268321575
4268430886
4268340153
4515948456
4268504896
4268283503
4268332205
4268486338
3358404450
4268457776
4268627514
4268484307
4268592287
4268066359
4268284982
4268479193
4268477364
4268591543
3033907991
4268408282
4268428276
4268316248
4268065221
4268408125
4268461055
4268477176
4268597005
4267984705
4268522422
4268285278
4268335285
4268621422
4268333660
4268330046
4268344021
4268507605
4268624809
4268622107
4268497573
4268423419
4268284219
4268322975
4268334123
4268485773
4268593143
4515929773
4268321467
4268479038
4268479454
4268344690
4268458730
4268341268
4268466501
4268024089
4268594223
4268496685
4268041259
4268285156
4268340510
4268041413
4268427351
4268431568
4268477161
4268340097
4268485638
1918287613
4268321477
4268427388
4268497120
4268430750
4268628183
4268677831
4268458091
4268478998
4268495255
4268424170
4268522053
4268478095
4268460396
4268528402
4268334390
4268339965
4516264491
4268423431
4268485907
4268593819
4268484941
4268503416
4268525248
4268522547
4268323755
3400347506
4268503475
4268450776
4268461125
4268064660
4268421834
4268318159
4268593300
4268316553
6733300301
7892344133
4268339891
3358701177
4268324229
4268505393
4268628618
4268485573
4519712612
4268478449
4268465834
2829935954
4268423298
4268596083
4268284442
4268041221
4268495066
4268525561
4268641851
4268337196
4268466271
4268529261
3362049557
4268522456
4268317406
4268592111
4268426760
4268623769
4268530756
4268408993
4268331266
4268333423
3399379076
4268424075
4268637172
4268519049
4268496874
4268343581
4268528569
4268407786
4268484624
4268504837
4268427935
4268338828
4268526116
4268459270
4268477553
4268520284
4268342453
4268626087
4268464676
4268503777
4268422029
4268420680
4268503568
4268423094
4268527054
4268406777
4268460125
4268525589
4268478716
4268339530
4268346549
4268480009
4268065054
4268338108
4268299191
4268624429
4268430046
4268530791
4268323087
4268332573
4268479875
4268504236
4268323991
4268335934
4268527637
3358513753
3358702613
4268423991
4268323940
4268426186
4268324143
2318569351
4268428438
4268337631
4268458721
4268408769
4268529266
4268345821
4268321025
4268480148
4268424862
4268458569
4268638030
4268485102
4268341426
4268420766
4268643609
2422580000
3033706920
4268341685
4268041200
4268478622
4268466315
4268498071
4268040679
4268425620
2830584671
4268624792
4268524800
4268640668
6798330635
4268341644
6798330634
4268333103
4268494926
4268457715
4268499044
4268496372
4268528586
4268409879
4268321232
4268640597
4268461439
4268464801
4268456117
4517311993
4268457426
4268323526
4268346569
2345814520
4268323234
4515979049
4268286094
4268318202
4268284661
4268066574
4268621016
4268408256
4268594290
6798135207
4268518924
4268346766
4268040549
4268424646
4268449500
4268457203
4268458903
4268595946
4268421375
4268529434
4268495565
7165924704
4268464557
4268408013
4268496702
4268321221
4268621042
4268528153
4268321818
4268497087
2494602736
4268322925
2830579965
4268411493
6733650695
4268345626
4268627431
3362030649
6733771883
4268339336
4268285103
4268423996
4268486184
3033375210
4268523148
4268524257
4268486460
4268343389
4268066219
4268333771
6733632356
4268334778
4268316875
4268347139
4268429815
4268504619
4268427269
6176266252
3034277873
4268603934
2829945152
4268325009
4515948880
4268458704
4268497239
4268621633
4268315867
2522259934
4268504277
4268450654
4268424524
4268495201
4268425273
4268411715
4268458211
4268423778
4268591694
4268628039
4268496778
4268507140
4268626283
4268317974
4268503471
6733677577
4515990311
4268420799
2522252889
4268332970
4268427687
4268461508
4268519771
4268523135
4268325086
4268620226
4268459549
3428950916
4268408966
3428938623
4268466518
4268331537
4268343969
4268334310
4268461560
4268408198
4268336041
6531366517
4268448765
4268524123
4268347175
5878231298
5693755049
5594524810
4465421296
4268338777
4268344932
4515978719
4268339753
4268503962
4268322463
4268041454
4268624790
3358382270
4268497812
4268450360
4268458372
4268284986
4268323350
4268408341
4268427936
4268628258
4268503184
4268456933
4268341655
4268620938
4268477722
4268330658
4268023918
4268593447
4268325071
4268625405
4268624638
4268322488
4268518826
4268332516
4268338920
4268421742
4268330028
4268458162
4268465452
4268331589
4268496160
2494588930
4268323660
4268592898
4268494557
2829949836
4268335315
4268527043
4268664795
5223586667
4268640177
4268519088
4268339368
2494269267
4268329584
4268420859
4268458284
4268315759
4268343518
4268520643
4268335287
6733641814
4268505851
6798119794
4268464638
4268330823
6733815670
4268457524
4268526221
4268522970
4268497241
4268320674
4268459529
4268524883
4268323416
4268523193
4516278476
4268340377
4268523419
4268529762
6745876125
4268316424
4268431711
4268427296
3358517916
4268523144
3399327025
4268503815
4268425378
4268333879
4268677331
4268459984
4268465922
4268410165
4268339940
4268344465
4268299173
4268528739
4268422844
4268331765
4268485302
4268526927
4268427593
4268495814
4268408887
4268486414
4268316828
4268420477
4268593714
4268332096
4268428089
3032982245
4268464541
4268450448
4268317970
4268527155
4268429409
4268040474
3302379739
4268523815
4268343621
4268593232
4268323604
4268426335
4268643112
4268640315
4268041770
4268622345
4268427206
4268324707
4268425282
4268284975
4268496637
4268467287
4268064124
4268425653
4268594725
4268466845
4268066838
4268432025
4268457763
4268595791
3033671575
4268342746
4268628059
4268411282
4268423989
4268625924
4268284606
4268595767
4268525486
4268425598
2830089457
4268338004
4268411452
4268466837
3428950466
4268340381
4268530703
4268478261
4268457020
4268040906
4268484388
4268040639
4268336417
4268324187
4268405937
4268591478
2829950041
4515987952
4268498590
4268663204
4268640334
4268507119
4268342503
2839234903
4268625574
4268321548
4268496041
2494588934
4268521805
4268465340
4268486180
4268466751
4268496794
4268425571
4268634990
4268478728
4268503828
6798381731
4268422603
4515987949
4268458274
4395130138